prompt_id,text,status
00001,তন্ময়বাবুর সঙ্গে আত্রেয়ীর সম্পর্ক কেমন?,pending
00002,কালভৈরবের মন্ত্রপুত চণ্ডাল করোটির ভস্ম।,pending
00003,বুক থেকে পেট পর্যন্ত নেমেছে রুদ্রাক্ষমালার স্তর।,pending
00004,নীচে নীলাম্বরের মন্ত্র প্রায় শেষ পর্যায়ে।,pending
00005,যেন প্রচণ্ড যন্ত্রণা পেয়ে ছিটকে যাচ্ছে তারা।,pending
00006,আত্রেয়ী সেনের কোনো পার্সোনাল সেক্রেটারি?,pending
00007,পরীক্ষার প্রস্তুতি কেমন চলছে?,pending
00008,মাঝরাতে ব্রহ্মপুত্রের ধারে আমি একটা যজ্ঞ করব।,pending
00009,দুজনের শরীরেই অল্পবিস্তর ফার্স্ট এড-এর চিহ্ন।,pending
00010,এসব কিছু ধূর্ত ব্রাহ্মণ পণ্ডিতদের চালাকি।,pending
00011,আপনার ক্রমানুসারে অবস্থান পরিবর্তিত হচ্ছে।,pending
00012,ক্লান্তির নাগপাশ আষ্টেপৃষ্ঠে বেঁধে রেখেছে তাকে।,pending
00013,কোনো অস্ত্র দিয়ে মারার চিহ্ন নেই।,pending
00014,ঢাকা পড়ে যায় রক্তে লেখা মন্ত্র।,pending
00015,আত্রেয়ী বুঝল এই শব্দের মধ্যে কোনো যন্ত্রণা নেই।,pending
00016,কিন্তু কালভৈরব যন্ত্রের মধ্যে কোনো পরিবর্তন নেই।,pending
00017,নীলাম্বর আবারও কালভৈরব মন্ত্র জপ করতে থাকেন।,pending
00018,অন্য কোনো অস্ত্রের প্রমাণ মেলেনি।,pending
00019,কিছুক্ষণ অন্তর ডাক্তার এসে দেখে যাচ্ছে।,pending
00020,কিন্তু পা ফেললেই যন্ত্রণায় শিরা ছিঁড়ে যাচ্ছে।,pending
00021,কিন্তু বারান্দার গ্রিলগুলোও অক্ষত।,pending
00022,মন্ত্র পড়া শেষে উঠে দাঁড়াল নীলাম্বর ব্যানার্জি।,pending
00023,কোনো জাদুমন্ত্রবলে আশেপাশের সব কিছুই প্রাণহীন।,pending
00024,কিন্তু দৃষ্টি কিছুতেই স্পষ্ট হচ্ছে না।,pending
00025,আপনার সঙ্গে একটু বসবেন প্রোমোর স্ক্রিপ্টটা নিয়ে।,pending
00026,নীলাম্বর বিড়বড় করে মন্ত্র পড়ে চলেছেন।,pending
00027,পড়তে থাকে মহামৃত্যুঞ্জয় মন্ত্র।,pending
00028,এত কিছুর পরেও নীলাম্বরের মন্ত্রবিচ্যুতি ঘটছে না।,pending
00029,আপনার সন্তুষ্টি আমাদের প্রথম অগ্রাধিকার।,pending
00030,আত্রেয়ী সেনের অত বড়ো ছবিতে ক্রস চিহ্ন!,pending
00031,স্ত্রী বলে বিশেষ ছাড় হয়তো!,pending
00032,জিজ্ঞেস করলেন তন্ময়বাবুর অবস্থা কীরকম?,pending
00033,মুহূর্তে ভ্রূ দুটো কুঁচকে যায় তন্ময়ের কে?,pending
00034,তাহলে বেকার আত্রেয়ীর আশ্রয়ে পড়ে আছ কেন?,pending
00035,বারবার কেন ওর সঙ্গেই এমন হচ্ছে বলো তো?,pending
00036,কিন্তু এখন জায়গাটা অন্ধকার কেন?,pending
00037,অন্ধকারে বেতের চেয়ারে বসে কে ওই ছায়ামূর্তি?,pending
00038,কিন্তু এই ডাক্তার দুজন কোথায় গেল বলুন তো?,pending
00039,তা আমি বললাম সেটা তো এক্ষুনি বলা যাচ্ছে না?,pending
00040,এখনও পাঁচ মিনিটের গল্প শোনাচ্ছ?,pending
00041,আর তুমি কি না আমায় বিয়াল্লিশ বানিয়ে দিচ্ছ?,pending
00042,এখানে কত রাত পর্যন্ত গাড়ি পাওয়া যায় স্যার?,pending
00043,তা সত্ত্বেও এরকম একটা সম্পর্কে জড়ালেন কী করে?,pending
00044,কিন্তু চণ্ডালকে রুখবে কার সাধ্যি?,pending
00045,কিন্তু প্রশ্নটা এতটা উত্তেজিত হওয়ার মতো ছিল কি?,pending
00046,এবার নিশ্চয়ই আত্রেয়ী হাউমাউ করে কিছু বলবে?,pending
00047,আত্রেয়ীর দিকেই-বা এগোচ্ছে কেন?,pending
00048,আত্রেয়ীর অল্প বয়সের ছবি তোমার হাতে কেন?,pending
00049,আমায় জিজ্ঞেস করলেন কিন্তু তোরা বাঁচলি কী করে?,pending
00050,সব ম্যায় বোল দুঙ্গা তো তেরা পরীক্ষা ক্যাসে হোগা?,pending
00051,হ্যালো! কীভাবে আপনার দিন যাচ্ছে?,pending
00052,অনেকক্ষণ একটানা কথা বলে ক্লান্ত বন্দনা।,pending
00053,টুম্পা কি চট্টগ্রামে যাবে?,pending
00054,হ্যালো আমি নীলাম্বর বলছি… অ্যাঁ কী?,pending
00055,প্রচার অফার সম্পর্কে জানতে চান?,pending
00056,সফল প্রজেক্ট সম্পন্ন করেছো?,pending
00057,সায়নের ভ্রূ দুটো ধনুকের মতো বেঁকে যাচ্ছে ক্রমশ।,pending
00058,সূর্য স্পষ্ট বুঝতে পারল সায়ন একটু টলে গেল।,pending
00059,ম্যাডামের পার্সোনাল স্পেসে আমি কক্ষনো ঢুকি না।,pending
00060,তাহলে নার্সিংহোম কি তোমার সঙ্গেই সব … হ্যাঁ।,pending
00061,আকস্মিক কান্নাকাটিতে কিছুক্ষণের নীরবতা।,pending
00062,পঙ্কজ শর্মার ঠিকানা জানতে চায় সূর্য।,pending
00063,হাতে পেয়েই ভৈরবী যন্ত্রে তাকে শোধন করে নিবি।,pending
00064,ছবিতে অল্প বয়সের আত্রেয়ীর কোলে একটি ছোট্ট শিশু।,pending
00065,আমরা এটি উন্নত করতে প্রতিশ্রুতিবদ্ধ।,pending
00066,ক্লান্ত সমুদ্র পছন্দ করি।,pending
00067,সারাদিনের ক্লান্তির পরেও তাই আজ ঘুম নেই আত্রেয়ীর।,pending
00068,কাজের ছলে সে-ও স্বামী-স্ত্রীর মুখরোচক ঝগড়া গিলছে।,pending
00069,স্ত্রী-এর দায়িত্ব পালন করছে।,pending
00070,আমাদের প্রত্যেকের শরীরের মধ্যে এই চক্রের অধিষ্ঠান।,pending
00071,সেক্ষেত্রে দুটো লাইনে জয়েন্টের চিহ্ন থাকবে।,pending
00072,ভারমোরে চলে যান তার স্ত্রীকে না জানিয়ে।,pending
00073,আত্রেয়ীর বাড়িতে শান্তনুর কোনো জিনিসের চিহ্ন নেই।,pending
00074,কিন্তু সন্দেহ করার মতো কিছুই শ্রুতিগোচর হয় না।,pending
00075,কিন্তু সব ঘরের অবস্থা বসবাসের উপযুক্ত নয়।,pending
00076,আত্রেয়ীর সঙ্গে এটা তার প্রথম শুটিঙে আসা।,pending
00077,ওই বারান্দা থেকে এই ছাদ একেবারে স্পষ্ট দেখা যায়।,pending
00078,দ্রুততার সঙ্গে প্রতিটা ঘর খুলে ভালো করে দেখা হয়।,pending
00079,ওই আগন্তুকের জামাকাপড়ের সঙ্গে হুবহু মিলে যাচ্ছে।,pending
00080,এখনও পর্যন্ত প্রায় দেড় লাখ বিল হয়ে গেছে।,pending
00081,যন্ত্রণায় হাঁ হয়ে দাঁতগুলো বেরিয়ে এসেছে।,pending
00082,এই মুহূর্তে পুরো ব্যাপারটাই তদন্তসাপেক্ষ।,pending
00083,চোখদুটো যন্ত্রণায় ঠেলে বেরিয়ে এসেছে।,pending
00084,বন্দনার মুখ দেখেই বোঝা যাচ্ছে অসম্ভব বিরক্ত সে।,pending
00085,শান্ত গলায় ক্ষোভ উগরে দিল বন্দনা।,pending
00086,বন্দনার চোয়ালদুটো ক্রমে শক্ত হয়ে উঠছে।,pending
00087,চোয়ালটা শক্ত করে বন্দনার দিকে তাকাল আত্রেয়ী।,pending
00088,এবার যেন আগের চেয়ে আরও একটু স্পষ্ট দেখতে পাচ্ছেন।,pending
00089,মনে মনে ঠিক এই প্রশ্নটারই অপেক্ষায় করছিল বন্দনা।,pending
00090,বন্দনা দেখল ম্যাডামের যেন কোনো ভ্রূক্ষেপই নেই।,pending
00091,শান্তনু আরও একবার আগাপাস্তলা আত্রেয়ীকে মেপে নেয়।,pending
00092,তখন আত্রেয়ী সেন আর শান্তনু নিয়োগীর তুমুল প্রেম।,pending
00093,ওঁর সঙ্গে আর কোনো সম্পর্ক নেই ম্যাডামের।,pending
00094,দম বন্ধ-করা আতঙ্কে বন্দনার চোখদুটো ছোটো হয়ে যায়।,pending
00095,ঝুলন্ত আলোটায় মুহূর্তে যেন পালটে গেল বন্দনার মুখ।,pending
00096,একটু যেন নিশ্চিন্ত হল বন্দনা।,pending
00097,কিন্তু নীলাম্বর যে গন্ধ পান।,pending
00098,প্রচণ্ড ভয়ে হাঁফাচ্ছে মুনাই।,pending
00099,অস্ফুটে কোনো একটা মন্ত্র উচ্চারণ করে চলেছেন।,pending
00100,কিন্তু নেটওয়ার্ক প্রবলেমের জন্য কথা শুনতে পারেনি।,pending
00101,রক্তাভ চক্ষুদুটো ছিল স্থির।,pending
00102,চোখ বুজে মন্ত্র পড়তে লাগলেন বিড়বিড় করে।,pending
00103,সঙ্গে নিয়ে আসছে আসুরিক শক্তির প্রবল ঝড়।,pending
00104,কিন্তু সায়নের মস্তিষ্ক তাতে সায় দিচ্ছে না।,pending
00105,ভ্রূ কুঁচকে প্রশ্ন করলেন নীলাম্বর।,pending
00106,অবশ যন্ত্রমানবের মতো মৃন্ময়ীও ঘরে ঢুকল।,pending
00107,আত্রেয়ী সেনের কেবিনে এই মুহূর্তে একজন নার্স।,pending
00108,ক্লান্তিতে চোখ বুজে আসে আত্রেয়ীর।,pending
00109,নীলাম্বরের মুখে প্রকৃত ভক্তের মতো হাসি লেগে আছে।,pending
00110,কিন্তু তন্ময় এসেছে প্রকৃত বন্ধু হয়ে।,pending
00111,সূর্যের কিন্তু এই সুন্দর কথা বলার গুণটা নেই।,pending
00112,প্যাকেটে মদের সঙ্গে রক্তের গন্ধও মিশে আছে।,pending
00113,কিন্তু এই মুহূর্তে আত্রেয়ী সেনের কোনোটাই ছিল না।,pending
00114,এটা একমাত্র কেবিনের ফুটেজেই প্রবলেম হচ্ছে।,pending
00115,দূরে বিবেকানন্দ ভঙ্গিতে দাঁড়িয়ে ছিলেন নীলাম্বর।,pending
00116,শান্তনুর এই ব্যাগ ছুঁয়ে ওর যন্ত্রণা ফিল করেছি।,pending
00117,মাঝে মাঝে কালো হয়ে যাচ্ছে স্ক্রিন।,pending
00118,তিনি হয়তো স্পষ্ট দেখতে পাচ্ছিলেন।,pending
00119,সোনাইয়ের চোখদুটো যন্ত্রণায় বেরিয়ে আসছে।,pending
00120,আত্রেয়ী তো দুর্দান্ত শট দিচ্ছিল।,pending
00121,প্রোমোটা না হলে পঁচিশ লক্ষ টাকা পুরো নষ্ট।,pending
00122,কিন্তু সেক্ষেত্রে তাদের সইটা আলাদা হবে।,pending
00123,স্পষ্ট বোঝা যাচ্ছে নিশ্বাসের কষ্ট হচ্ছে।,pending
00124,কয়েক মুহূর্ত দম বন্ধ হয়ে গিয়েছিল পঙ্কজের।,pending
00125,তুই একটা বাচাল দুশ্চরিত্র মেয়ের ফূর্তির ফল।,pending
00126,যন্ত্রণায় আমার মাথাটা ছিঁড়ে যেত।,pending
00127,ওর কাছেই আছে আত্রেয়ীকে বশ করার মন্ত্র।,pending
00128,বন্দনারা বেঁচে থাকে অজস্র প্রশ্নের শবদেহের ওপর।,pending
00129,তুমি তো আমার সঙ্গেও শুচ্ছ আবার আত্রেয়ীর সঙ্গেও।,pending
00130,বিরক্তমুখে জিজ্ঞেস করল বন্দনা।,pending
00131,সপ্রশ্ন দৃষ্টি নিয়ে বন্দনার দিকে তাকায় তন্ময়।,pending
00132,দু-চক্ষে সহ্য করতে পারত না আত্রেয়ীকে।,pending
00133,শান্তনুর কথায় আবার ঝাঁঝ দেখাতে যাচ্ছিল আত্রেয়ী।,pending
00134,আদিগন্ত হিমাচলী প্রকৃতির সুন্দরী রূপ উছলে পড়ছে।,pending
00135,শান্তনু প্রায় অজ্ঞান হয়ে পড়ে যায়।,pending
00136,রাত তিনটে হল দুই প্রহরের সন্ধিক্ষণ।,pending
00137,ড্রাইভার নিয়ন্ত্রণ হারিয়ে এদিক-ওদিক করতে থাকে।,pending
00138,নীলাম্বরের বুকে আশঙ্কার দুন্দুভি বেজে ওঠে।,pending
00139,নীলাম্বর হাতের রুদ্রাক্ষের মালা চেপে ধরল।,pending
00140,এদিকে তন্ময়ের গলার শব্দ পালটে যাচ্ছে ক্রমশ।,pending
00141,নীলাম্বরের হঠাৎ নজর পড়ে হাতের রুদ্রাক্ষের দিকে।,pending
00142,নীলাম্বর আবার তার গণ্ডি কাটতে ব্যস্ত হয়ে পড়েন।,pending
00143,নীলাম্বরের গণ্ডি সম্পূর্ণ হয়।,pending
00144,গোঙানির শব্দটা প্রতিধ্বনিত হচ্ছে।,pending
00145,নীলাম্বরকে ফলো করে সূর্য আর সোমদত্তা এগোচ্ছিল।,pending
00146,আঘাত পেয়ে একটু ক্লান্ত হয়েছে নীলাম্বর।,pending
00147,সঙ্গে সঙ্গে ধাতব শব্দ তুলে দরজাটাও বন্ধ হয়ে যায়।,pending
00148,যন্ত্রণায় কাতরে উঠল দুটো শরীর।,pending
00149,সোমদত্তা সব শক্তি একত্রিত করে আর্তনাদ করে ওঠে।,pending
00150,এমন কোনো তথ্য মেলেনি যা মিহিরের সঙ্গে সম্পর্কিত।,pending
00151,আজ বৃষ্টিটাও হচ্ছে অনেকক্ষণ ধরে।,pending
00152,আপনার সন্তুষ্টি আমাদের লক্ষ্য।,pending
00153,পরবর্তী উপলব্ধ প্রতিনিধির জন্য অপেক্ষা করুন।,pending
00154,আনন্দ ভালো কিন্তু সন্ধ্যা আরও ভালো।,pending
00155,ক্লান্ত সন্ধ্যা পছন্দ করি।,pending
00156,অপ্রিয় সূর্য থাকলে গল্প হবে।,pending
00157,কম্পিউটার ভালো কিন্তু আনন্দ আরও ভালো।,pending
00158,ক্লান্ত কম্পিউটার পছন্দ করি।,pending
00159,সৌন্দর্যের প্রতি মানুষের আকর্ষণ স্বাভাবিক।,pending
00160,সপ্তমে স্বর চড়িয়ে সোয়ারভস্কি!,pending
00161,দুটো ভ্রূর মাঝে অল্প ভাঁজ ফেলে ভাবে ভুল দেখল সে!,pending
00162,পুলিশের কাছে কী প্রমাণ আছে যে ওটা বন্দনাই ছিল!,pending
00163,আনন্দটা একটু বেশিই মনে হচ্ছে!,pending
00164,কিন্তু প্রশ্নটা হল অন্য জায়গায়!,pending
00165,কালভৈরবের শক্তি নিয়ে চণ্ডাল জাগবে!,pending
00166,সূর্য জানতে চাইল ঋষভের আগে কে ম্যানেজার ছিল?,pending
00167,কাদের সঙ্গে আর কথা বলব মৃন্ময়ী?,pending
00168,আমার সঙ্গে কথা বলার মতো কেই-বা আছে এখানে?,pending
00169,প্রথমে মনে করতে পারল না এই বৃষভানুটি কে?,pending
00170,আর গেলই যখন এত ডাকাডাকিতেও সাড়া দিচ্ছে না কেন?,pending
00171,থানা-ভরতি এতগুলো লোক কি ঘুমোচ্ছিলে?,pending
00172,ওই ডিরেক্টর আত্রেয়ীকে খুন করতে গেছিল?,pending
00173,প্রহরীও দু-বার কৌন হ্যায় রে?,pending
00174,শালা আত্রেয়ীর বাড়ির একটা লোকও নেই?,pending
00175,নইলে বাপ হয়ে মেয়েকে এই অবস্থায় দেখতে হয়?,pending
00176,আমি কেন অজ্ঞান হয়ে পড়েছিলাম বলতে পারো?,pending
00177,আত্রেয়ী সেনের বাড়ির ওই লোকটা দেখেনি?,pending
00178,এই দুরন্ত বাচ্চা নিয়ে তুমি একা বাড়ি ফিরবে?,pending
00179,কিন্তু ফ্রুট জুস খেয়ে ভুল দেখছে সে?,pending
00180,অথচ সেটা এমন প্রবলভাবে নিজে থেকে দুলছে কী করে?,pending
00181,একের পর এক অসম্ভব ঘটনা কী করে সম্ভব হচ্ছে?,pending
00182,তাহলে কে এই সাজানো সংসার ছত্রখান করে দিল?,pending
00183,যাকে খালি চোখে দেখতে পাচ্ছে না মৃন্ময়ী?,pending
00184,আচ্ছা ওঁদের বাড়ির লোকদের কী খবর দেওয়া হয়েছে?,pending
00185,মুনাই ইশারায় আবার জিজ্ঞেস করল কে ফোন করেছে?,pending
00186,যাচ্ছিল সেদিন ওর মধ্যে বিশেষ কিছু খেয়াল করেছিলে?,pending
00187,তোমার ম্যাডাম কী সবসময় বন্দনাকে নিয়েই ঘুরত?,pending
00188,কিন্তু চোখে কী আদৌ ঘুম আসবে তার?,pending
00189,মাত্র কয়েক মিনিটের মধ্যে এমন সর্বনাশ কে ঘটাল?,pending
00190,আমার আইল্যাশটা খুলে যাচ্ছে দেখতে পাচ্ছ না?,pending
00191,এত সাতপাঁচ কী ভাবছেন বন্দনা ম্যাডাম?,pending
00192,তাহলে কেন পুলিশকে ফোন করতে বাধা দিচ্ছে?,pending
00193,কিন্তু এই মাঝরাতে যাবেটা কোথায়?,pending
00194,ও কী বুঝবে সিনেমাটোগ্রাফির ব্যাপারে?,pending
00195,একটা জলজ্যান্ত লোক উবে গেল তাকে নিয়ে কেস হল না?,pending
00196,থেকে এত ভয় কেন উপচে পড়ছে বন্দনার?,pending
00197,এগুলো নিশ্চই তন্ময় আপনাকে শিখিয়ে দিয়েছিল?,pending
00198,কিন্তু আমি জানতে চাইছিলাম ঠিক কী করবেন আপনি?,pending
00199,অবনীশ জিজ্ঞেস করে কে থাকত ওই ঘরে?,pending
00200,ঘটেনি তখন হঠাৎ কেনই-বা পুলিশের উপদ্রব হবে?,pending
00201,তোমার কোথাও ভুল হচ্ছে না তো বউদি?,pending
00202,আপ জরুর উনকা মামাজি কা রিশতেদার হ্যায় না?,pending
00203,ঘুমের ইঞ্জেকশন দিতে হয়েছে?,pending
00204,তোমরা আত্রেয়ীর বাড়ি পুরো খুঁজেছ?,pending
00205,মানে এই ওয়ালেটটা শান্তনু নিয়োগীর?,pending
00206,শান্তনুকে যে খুন করা হয়েছে সেটা বুঝলে না?,pending
00207,কিন্তু সেখান থেকেই-বা লাশ কোথায় গেল?,pending
00208,কতগুলোর জট ছাড়াব একসঙ্গে?,pending
00209,এরকমভাবে সময় বুঝে সিসিটিভি কীভাবে বন্ধ হবে স্যার?,pending
00210,এই লোকটিও কী আত্রেয়ী সেনের ফ্যান?,pending
00211,এই কেসটা কীভাবে জটিল হয়ে যাচ্ছে একবার ভেবেছ?,pending
00212,এখন আত্রেয়ীর অতীত কীভাবে কোথা থেকে জানব?,pending
00213,একজন অসুস্থ মানুষকে আপনারা থানায় নিয়ে যাবেন?,pending
00214,মিহিরদা এবার লো অ্যাঙ্গেল শট তো?,pending
00215,সারা পৃথিবীতে আমি একাই বন্দনা দত্ত নাকি?,pending
00216,কিন্তু তুমি এতো ডিটেইলস জানলে কী করে?,pending
00217,আর সেই আমি কিনা ভিক্ষে চাইব ওই মহিলার কাছে?,pending
00218,আচ্ছা ফোনে তন্ময়কে ঠিক কী বলেছিলেন আপনি?,pending
00219,ও তোমার অসুবিধে হচ্ছে নাকি?,pending
00220,তাহলে কি আত্রেয়ীকে পুরোপুরি মারতে চায়নি?,pending
00221,শান্তনুর বডিটা কোথায় গেল?,pending
00222,যখন দ্রুতগামী কোনো যানই কলকাতা পৌঁছোতে পারে না?,pending
00223,"এটি প্রথমবার ঘটেছে, নাকি আগেও হয়েছে?",pending
00224,সন্ধ্যায় কি বিশ্রাম নেওয়া হবে?,pending
00225,"শুনুন, সন্ধ্যা সম্পর্কে বলি।",pending
00226,বিবস্ত্র শরীরটা দুলে দুলে উঠল।,pending
00227,আনন্দে প্রায় নেচে উঠল আত্রেয়ী।,pending
00228,স্তোত্রও প্রায় শেষের মুখে।,pending
00229,শেষ মুহূর্ত পর্যন্ত জানতে পারেনি।,pending
00230,তার ওপর মাথা থেকে গলা পর্যন্ত মাঙ্কি ক্যাপ পরা।,pending
00231,ওঁর সঙ্গে তোর রক্তের সম্পর্ক।,pending
00232,কিন্তু পিন্টুর ক্ষেত্রে সেরকম হয়নি।,pending
00233,কিন্তু সেক্ষেত্রে কেউ না কেউ খুঁজে পেত।,pending
00234,সন্ধ্যা ভালো কিন্তু রাস্তা আরও ভালো।,pending
00235,প্রশ্ন ভালো কিন্তু রাস্তা আরও ভালো।,pending
00236,রাস্তা ভালো কিন্তু সূর্য আরও ভালো।,pending
00237,আমরা ক্লান্ত সূর্য লিখেছি।,pending
00238,অসুস্থ গল্প থাকলে সূর্য হবে।,pending
00239,হাতে আর মাত্র এক ঘণ্টা পনেরো মিনিট!,pending
00240,হ্যালো … হ্যাঁ শুনতে পাচ্ছেন?,pending
00241,আরে বাবা আমারও তো একটা ভাবনা-চিন্তা আছে নাকি?,pending
00242,উল্লুকের মতো লাফাচ্ছ কেন?,pending
00243,তা তুমি তোমাদের আত্রেয়ীকে কী বলে ডাকো বাবা?,pending
00244,সোনাইয়ের সঙ্গে কী বউদি?,pending
00245,আর বারবার ওর সঙ্গে কী হচ্ছে?,pending
00246,কিন্তু সামান্য একটা কুকুরকে কে ওইভাবে মারবে?,pending
00247,এটা সাধারণ ব্র্যান্ড বুঝি?,pending
00248,সেদিন তোমার বন্দনাদিদিও বাড়িতে ছিল তাই তো?,pending
00249,আত্রেয়ী সেনের খুনের ব্যাপারে কিছু?,pending
00250,নতুন কোনো অভিনেত্রী পেয়েছ বুঝি?,pending
00251,সেই কী আত্রেয়ীকে ঠেলে দিয়েছে ছাদ থেকে?,pending
00252,আত্মাকে একেবারে শেষ করে দিলেন না কেন নীলাম্বরবাবু?,pending
00253,কিন্তু এই মালটা আবার কী কথা বলবে?,pending
00254,খুব বুকে জড়াতে ইচ্ছে করেছিল না?,pending
00255,কিন্তু তুমি এত ডিটেইলস জানলে কী করে?,pending
00256,আত্রেয়ী যখন বাঁচবেই না তখন আর সে হার রেখে কী হবে?,pending
00257,কিন্তু সেটা এখন বলে আর কী লাভ?,pending
00258,হ্যালো! কীভাবে আপনাকে সাহায্য করতে পারি?,pending
00259,সন্ধ্যায় পরিকল্পনা আছে?,pending
00260,আপনি কি সুস্থ কম্পিউটার চান?,pending
00261,কৃষ্ণ কি চট্টগ্রামে যাবে?,pending
00262,আপনি কি অপ্রিয় বন্ধু চান?,pending
00263,"শুভ সন্ধ্যা, পরিবার কেমন আছে?",pending
00264,সেখান থেকে ফ্লাইটে নিউ দিল্লি পৌনে দু-ঘণ্টা।,pending
00265,ছবি চলছে বত্তিরিশ ইঞ্চি স্ক্রিনে।,pending
00266,টুম্পা চট্টগ্রামে যাচ্ছে।,pending
00267,"শুনুন, রাস্তা সম্পর্কে বলি।",pending
00268,টুম্পা সন্ধ্যা করবে আর আমি দুঃখ করব।,pending
00269,খুনের দায়ে গ্রেপ্তার পরিচালক মিহির সরখেল।,pending
00270,ফ্রিজের পাল্লা বন্ধ করে সোফায় গিয়ে বসল।,pending
00271,আস্তে করে খিলটা নামিয়ে দরজার পাল্লাটা খুলতে থাকল।,pending
00272,রবির আগে আরও একজন ছিলেন পঙ্কজ শর্মা নামের।,pending
00273,চঞ্চল চোখের পাতা একটু স্থির হল তন্ময়ের।,pending
00274,আধঘণ্টার কসরতে জায়গাটা ভেঙে একটা গর্ত তৈরি হল।,pending
00275,গুরুদেবের শুভ্র শুশ্রুর ফাঁকে ছলনার হাসি ফুটে ওঠে।,pending
00276,"নমস্কার, আপনার কল কেন্দ্রে আপনাকে স্বাগতম।",pending
00277,আত্রেয়ী সেনের এতকালের অভিজ্ঞতার দামটা তো দিবি।,pending
00278,দিনের আলোর মতো স্পষ্ট হয়ে উঠছে সব কিছু।,pending
00279,টলিপাড়ায় ঘটে গেল মর্মান্তিক দুর্ঘটনা।,pending
00280,নিশ্চই আপনার কোথাও ভুল হচ্ছে।,pending
00281,বলা ভালো মৃত্যুর সঙ্গে পাঞ্জা লড়ছেন।,pending
00282,এই তো মাত্র সপ্তাদুয়েক আগের কথা।,pending
00283,ক্লান্তিতে চোখদুটো ছোটো হয়ে গেছে।,pending
00284,সেটা বলতেই ফোন করেছিল বাট নেটওয়ার্ক প্রবলেম।,pending
00285,এত বছরের কর্মজীবনে এমন ফ্যাসাদে কক্ষনো পড়েননি।,pending
00286,সাপের মতো অজস্র নল ঘিরে রেখেছে আত্রেয়ী সেনকে।,pending
00287,ডান পায়ের পুরোটাই শক্ত সাদা পট্টিতে মোড়া।,pending
00288,আত্রেয়ীর বাড়ি বালিগঞ্জ থানার আন্ডারে।,pending
00289,এতক্ষণ পাথরের মতো নিশ্চুপ হয়ে বসেছিল মৃন্ময়ী।,pending
00290,এসব ওর দুর্বল মনের ভ্রম ছাড়া কিচ্ছু নয়।,pending
00291,তুমি নিজেই লেন্সের সঙ্গে এর পার্থক্য বুঝতে পারবে।,pending
00292,শরীরে আর মনে মৃন্ময়ীর ভীষণ ক্লান্তি।,pending
00293,মেরুদণ্ড বেয়ে হিমস্রোত নেমে গেল।,pending
00294,স্মার্ট হতে গিয়ে প্রথম চোটে একটু পিছলেই গেল।,pending
00295,সাধারণ একটা প্রাইভেট ফার্মে চাকরি করত।,pending
00296,বলতে বলতে স্মৃতিবিধুর চোখে হাসল বন্দনা।,pending
00297,এক গ্লাস অরেঞ্জ জুস এনে আত্রেয়ীর সামনে রাখল।,pending
00298,তন্ময়ের আকস্মিক প্রশ্নে চমকে উঠে তাকায়।,pending
00299,অবশেষে লাঞ্চ টাইমে বেরোল শান্তনু।,pending
00300,ঘড়ির কাঁটা অনিশ্চয়তার রাত পেরোচ্ছে।,pending
00301,অশরীরীকে প্রশ্রয় দিলে সে আরও ঘাড়ে চেপে বসে।,pending
00302,আর বন্দনার ওপর চব্বিশ ঘণ্টা নজর রাখো।,pending
00303,করিডরে পাতা বেঞ্চে ধপ করে বসে পড়লেন নীলাম্বর।,pending
00304,সপ্তাখানেকের বেশি সময় ধরে ঘরটা বন্ধ।,pending
00305,সাদার্ন অ্যাভিনিউয়ে নীলাম্বরের বাড়ি।,pending
00306,ছায়ামূর্তির বুকে এখন আগুনপোড়া চচ্চড়ে শব্দ।,pending
00307,মাটির বুকে ঘুমিয়ে থাকা কীটেরা রক্তের গন্ধ পেল।,pending
00308,এক প্রচণ্ড ঝাঁকুনিতে ঘুমটা ভেঙে গেল মৃন্ময়ীর।,pending
00309,হস্তী মত্ত না হলে সংসারটা যে ছত্রখান হয়ে যাবে।,pending
00310,মাত্র দুটো দিনে চেনা মানুষটাকে অন্য লোক মনে হচ্ছে।,pending
00311,মানে ওদের সঙ্গে কিন্তু বেশি কথা বোলো না কেমন।,pending
00312,এতক্ষণ লোকটাকে পাথরের মূর্তির মতো লাগছিল।,pending
00313,তবে এ বাড়ির বর্তমান মালিক ব্যাঙ্গালোরে থাকেন।,pending
00314,কিন্তু এখন মিহির শুধুই রক্তমাংসের পুতুল।,pending
00315,একসঙ্গে এতগুলো প্রশ্ন করে থামল সে।,pending
00316,এমন অদ্ভুত কাণ্ডও ঘটেনি তার সঙ্গে।,pending
00317,কিন্তু সূর্য একেবারে দাঁত ছড়িয়ে হাসে।,pending
00318,প্রথমে স্যার বলে কাউকে একটা সম্বোধন করেছিল।,pending
00319,এমনকি নীল রঙের জিন্সটাও স্পষ্ট।,pending
00320,এই সুচিভেদ্য অন্ধকারেও কুকুরগুলো বড্ড জ্বালাচ্ছে।,pending
00321,মিহিরের বন্ধ ঠোঁটদুটো অনেকক্ষণ বাদে নড়ে ওঠে।,pending
00322,মিহিরের ক্ষেত্রেও এই বাড়িটা সেই সহজলভ্য জায়গা।,pending
00323,আত্রেয়ী প্রথমে কিছুতেই তুলতে চায়নি।,pending
00324,আত্রেয়ীর পুরো ঘটনাটার সাক্ষী যে ছেলেটি।,pending
00325,তন্ময়ের মুখটা একটু ভালো করে পর্যবেক্ষণ করল বৃদ্ধ।,pending
00326,কোনদিক থেকে আত্রেয়ীকে দেখতে সবচেয়ে সুন্দর লাগে।,pending
00327,ঘরে বসে মিহিরের দু-চোখ বেয়ে তখন রক্ত গড়াচ্ছে।,pending
00328,হাত-পায়ের নখগুলো কালো আর তীক্ষ্ণ হচ্ছে।,pending
00329,কারণ সেই ঘটনার সঙ্গে ওতপ্রোতভাবে জড়িত ভানু।,pending
00330,আগে আত্রেয়ীর কথা উঠলেই কী উৎফুল্ল হয়ে উত্তর দিত।,pending
00331,চোখ বন্ধ করেই হাত ঝাপটাতে ইচ্ছে করছে।,pending
00332,এইমাত্র আপনাকে নিয়ে কথা হচ্ছিল।,pending
00333,কিন্তু আত্রেয়ী তো বলেছিল আর-একটা পড়ে ভেঙে গেছে।,pending
00334,স্পষ্ট সেই গ্লাসটাকে দেখল তন্ময়।,pending
00335,প্রশ্নটা আত্রেয়ীকে করেছিল তন্ময়।,pending
00336,কিন্তু এখন এই ঘরের আলো ছাড়া কিচ্ছু নেই।,pending
00337,একদলা রক্ত-মাংসের পিণ্ড বলাই ভালো।,pending
00338,মনে হচ্ছে কাঁচা রক্ত কাচের গা দিয়ে গড়িয়ে নামছে।,pending
00339,কথা বলার শক্তিটা হারিয়ে ফেলছে আস্তে আস্তে।,pending
00340,প্রচণ্ড জোরে দরজায় ধাক্কা দিতে থাকে সবাই।,pending
00341,সায়ন নীচে এক মুহূর্ত সময় নষ্ট করেনি।,pending
00342,এই আলোতে ঘরটাকে স্পষ্ট দেখা যায়।,pending
00343,কিন্তু এমন বুক-ফাটানো কান্না সোনাই কখনও কাঁদেনি।,pending
00344,ছেলেকে বুকে জড়িয়ে সান্ত্বনা দিচ্ছে।,pending
00345,কিন্তু এটা স্পেশ্যাল কেস তাই এঁরাই হাল ধরেছেন।,pending
00346,উভয়পক্ষই খানিকটা করে এগিয়ে এল পরস্পরের দিকে।,pending
00347,বকশি জানাল এখুনি বি-পজিটিভ রক্তের প্রয়োজন।,pending
00348,কিন্তু মৃন্ময়ীর ঘরের ভেতর ঘন তমসার আস্তরণ।,pending
00349,সর্বক্ষণ মনিটরে পিক পিক করে শব্দ হয়ে চলেছে।,pending
00350,তদন্তে দাদাভাইকেই অপরাধী মনে হচ্ছে।,pending
00351,গলিতে ঢুকতেই সামনে পর্যন্ত শুনশান।,pending
00352,কিন্তু স্টিল ক্যামেরার আর প্রয়োজন পড়ে না এখন।,pending
00353,কথাটা শুনে সূর্যের ভ্রূটা একটু কুঁচকে যায়।,pending
00354,কিন্তু এটা সম্ভবত আত্রেয়ী সেনের নয়।,pending
00355,কিন্তু ফিরে আসার পর আবার দু-তিনবার একই শব্দ।,pending
00356,পাথরের মূর্তির মতো দাঁড়িয়ে রইল বন্দনা।,pending
00357,দরজা বন্ধ করেই সোফায় গিয়ে বসে পড়ল বন্দনা।,pending
00358,বলেই সোফা ছেড়ে উঠে যাচ্ছিল বন্দনা।,pending
00359,একটু নিশ্বাসের কষ্ট হচ্ছে মনে হয়।,pending
00360,প্রচণ্ড বিস্ফোরণে ঝাঁপিয়ে পড়ল।,pending
00361,পুলিশ হয়েও সে প্রচণ্ড ভয়ে কাঁপছে।,pending
00362,পাগলের মতো গাড়িকে কেন্দ্র করে সায়ন চিৎকার করছে।,pending
00363,দেয়ালে ঝোলানো অনেক ক-টা এলইডি স্ক্রিন।,pending
00364,এই প্রিয়াঙ্গী একটু ফরওয়ার্ড করো।,pending
00365,নিস্তব্ধ ঘরে লোহার দরজাটা ধাতব শব্দ করে খুলে গেল।,pending
00366,ভ্রুতে বিরক্তি ফুটিয়ে অন্যদিকে চেয়ে আছে।,pending
00367,সায়ন ভ্রূ তুলে সূর্যের দিকে চাইল।,pending
00368,বন্দনা দেবীর মায়ের নম্বরটা জেনে ওঁকে ফোন করুন।,pending
00369,আবাসনের নাম শোনামাত্রই চমকে ওঠে বন্দনা।,pending
00370,আপনাদের কথার মাথামুণ্ডু আমি কিচ্ছু বুঝতে পারছি না।,pending
00371,কী সুন্দর মেঘ না চাইতে জলের মতো উত্তর দিচ্ছিলেন।,pending
00372,সোমদত্তা শান্ত গলাতেই জিজ্ঞেস করল।,pending
00373,কাল থেকে এই রুমালটা খুঁজে পাচ্ছিল না বন্দনা।,pending
00374,বন্দনা ভ্রূ কুঁচকে সায়নের দিকে তাকিয়ে রইল।,pending
00375,ততক্ষণে আমি ডালটা নামিয়ে দুটো ডিম ভেজে নিচ্ছি।,pending
00376,ঝুপঝাপ শব্দটা হচ্ছে মৃন্ময়ীর পা থেকে।,pending
00377,কিন্তু কোথাও দিয়েই জল বেরোচ্ছে না।,pending
00378,সঙ্গে ভরতি হলাম বিউটিশিয়ান কোর্সে।,pending
00379,হঠাৎ একদিন আত্রেয়ী সেনের সঙ্গে আলাপ হল।,pending
00380,সায়নের কথায় বাস্তবে এসে পড়ল বন্দনা।,pending
00381,আত্রেয়ী সেনকে মানুষ বলেই মনে হয়নি বন্দনার।,pending
00382,অজান্তেই ভ্রূ দুটো কাছাকাছি চলে আসে তার।,pending
00383,কিন্তু সব ঝগড়া শেষে একটা বিন্দুতে গিয়েই মিলত।,pending
00384,শুটিঙে বেরোবার আগে আত্রেয়ীর ভ্রূটা কুঁচকেই থাকে।,pending
00385,তিরিক্ষে মেজাজ নিয়ে শান্তনু কথাটা বলে।,pending
00386,সবেমাত্র তো একটা পুরস্কার পেয়েছ আত্রেয়ী।,pending
00387,আত্রেয়ী একদমই উত্তেজিত হচ্ছে না।,pending
00388,আত্রেয়ী সেন নিজে খুলল শ্যাম্পেনের বোতল।,pending
00389,পরক্ষণেই নিজের মনকে সান্ত্বনা দিল।,pending
00390,আদিখ্যেতা করে দিল একখানা মোক্ষম প্রশ্ন ছুড়ে।,pending
00391,শান্তনু এবার বিছানায় আত্রেয়ীর পাশেই পড়ে যায়।,pending
00392,ম্যাডামের সঙ্গে তোকেও জ্যান্ত পুঁতে দেব।,pending
00393,শান্তনুর শরীরটা রাগে-ক্ষোভে থরথর করে কাঁপছে।,pending
00394,আত্রেয়ী চোখ ভরা জল নিয়ে এতক্ষণ বসে ফুঁসছিল।,pending
00395,বন্দনা আত্রেয়ীর হাত থেকে ফোন কেড়ে নেয়।,pending
00396,আত্রেয়ীকে আগের চেয়ে অনেকটা শান্ত দেখায়।,pending
00397,সাতশো মিটার পর্যন্ত একটানা দৌড়োতে পারতাম।,pending
00398,আমার প্রাণ বাঁচানোর জন্য এটা তোমার পুরস্কার।,pending
00399,এত খাতির পেয়ে বন্দনা একটু অস্বস্তিই বোধ করল।,pending
00400,শান্তনু যেন আত্রেয়ীকে দেখতেই পেল না।,pending
00401,শান্তনুর মুখটা মুহূর্তে পালটে গম্ভীর হয়ে গেল।,pending
00402,খানিকক্ষণের জন্য চোখ লেগে গিয়েছিল আত্রেয়ীর।,pending
00403,আমি একটু পার্সোনালি দেখা করতে চাই স্যারের সঙ্গে।,pending
00404,বাঁশদ্রোনীর ঠিকানায় পৌঁছে গেছে আত্রেয়ী।,pending
00405,এই গন্ধটা একদম নিতে পারে না আত্রেয়ী।,pending
00406,শান্তনুর কথায় হালকা করে হেসে সোফায় বসল আত্রেয়ী।,pending
00407,শান্তনু ভ্রূ উঁচিয়ে অবাক হল।,pending
00408,কিন্তু কলঙ্ক একবার লেগে গেলে আমরণ পিছু ছাড়ে না।,pending
00409,ক্লান্তিতে ঘুমে ভেঙে আসছে শরীর।,pending
00410,শান্তনুর খাতিরদারিতে হাসি পেল আত্রেয়ীর।,pending
00411,শান্তনুর ভ্রূ দুটো কুঁচকে গেল।,pending
00412,আত্রেয়ী সেনের কেরিয়ার গ্রাফটা শুধু খেয়াল করো।,pending
00413,প্রথমে শান্তনুকে পাকড়াও করলেন যে কিনা ছবি তোলে।,pending
00414,বন্দনা কিছুক্ষণ চুপ থেকে মুখ নীচু করে ভাবে।,pending
00415,নিতম্ব ছাপানো এলো চুল মাটিতে লুটোচ্ছে অনাদরে।,pending
00416,নিষ্প্রাণ মূর্তির মতো দাঁড়িয়ে রইল।,pending
00417,বন্দনার কথার মাঝে সায়ন জিজ্ঞেস করল।,pending
00418,তন্ময়ের ভাবভঙ্গি খুব একটা ভালো লাগল না বন্দনার।,pending
00419,সূর্য বুঝতে পারল সায়নের আতঙ্কের কারণ।,pending
00420,তবে এদের চিন্তা নীলাম্বরবাবুকে নিয়ে।,pending
00421,বিছানার মাঝে চিত হয়ে শুয়ে ঘুমোচ্ছিলেন নীলাম্বর।,pending
00422,হাত ঢুকিয়ে বের করে নেন রুদ্রাক্ষের মালা।,pending
00423,নীলাম্বর মুখ থুবড়ে পড়লেন অন্ধকারে।,pending
00424,হাতের ওপর মোম গলে পড়লেও সেদিকে ভ্রূক্ষেপ নেই তার।,pending
00425,সেই আওয়াজও ক্ষীণ থেকে ক্ষীণতর হয়ে যাচ্ছে।,pending
00426,নীলাম্বর অনেকক্ষণ থেকেই মুখে বিড়বিড় করে চলেছেন।,pending
00427,অনেকটা দূর থেকে একদল লোকের হম্বিতম্বি শোনা যাচ্ছে।,pending
00428,লোকটা সামনে এসে দাঁড়াতেই নীলাম্বর জিজ্ঞেস করলেন।,pending
00429,এই মুহূর্তে বেওয়ারিশ লাশ কিন্তু শর্ট আছে।,pending
00430,চোখগুলো ড্যালা পাকিয়ে প্রশ্ন করে নীলাম্বরকে।,pending
00431,নইলে একসঙ্গে অনেক প্রাণ শেষ হয়ে যাবে।,pending
00432,সূর্য জানাল তারা কিচ্ছু খাবে না।,pending
00433,সূর্যর ভ্রূদুটো কুঁচকে কাছাকাছি চলে আসে।,pending
00434,একটা গাছের নীচে অপেক্ষা করছিলেন নীলাম্বর।,pending
00435,নার্সিংহোম থেকে বেরিয়ে সূর্যকে ফোন করে সায়ন।,pending
00436,কিন্তু দিল্লি তো আর একটুখানি জায়গা নয়।,pending
00437,একে তো এই জায়গাটা হিমাচলের একেবারে প্রত্যন্ত।,pending
00438,চোখের পাতাগুলো স্থির আর সজাগ হয়ে যায় নীলাম্বরের।,pending
00439,এই মুহূর্তে নীলাম্বরের থেকে তাকে দূরে রাখতেই হবে।,pending
00440,রক্ত-মাংস মিলেমিশে একটা ভয়ংকর মণ্ড পাকিয়ে আছে।,pending
00441,মোটা গোঁফ আর জোড়া ভ্রূর লোক দুটোও কিচ্ছু জানে না।,pending
00442,এতক্ষণ দমবন্ধ করে লোকটির কথাগুলো শুনছিল সায়ন।,pending
00443,মুখ লুকোবার সামান্য জায়গাটুকুও পায়নি চন্দ্রমা।,pending
00444,মধ্যরাতের চন্দ্রালোকে বয়ে যাওয়া নদীটাও যেন ভীত।,pending
00445,কিন্তু এখন সেই চণ্ডালমুণ্ডের মুখ হাঁ করা।,pending
00446,প্রথমে দোতলা থেকে ভাঙচুরের শব্দ শোনা যায়।,pending
00447,দেখেন গণ্ডির ভস্ম চৌকাঠ থেকে উধাও।,pending
00448,নীলাম্বরও শেষ চেষ্টা না করে ছাড়বেন না।,pending
00449,নীলাম্বর বুঝলেন প্রেত তাঁর গলাটা টিপে ধরেছে সজোরে।,pending
00450,পর মূহূর্তেই ওই প্রেতের দিকে এগোতে থাকে সে।,pending
00451,কিন্তু এখন সব পরিষ্কার হয়ে গেছে নীলাম্বরের কাছে।,pending
00452,অনেক ক্ষমতাবান অঘোরী সাধকের প্রয়োজন।,pending
00453,ওই হিমাচলের একটা প্রত্যন্ত জায়গা।,pending
00454,আত্রেয়ী বলেছিল শান্তনু সব ছেড়ে দিয়ে চলে গেছেন।,pending
00455,কিন্তু জানলার কাচে তখনও অন্ধকার জাপটে আছে।,pending
00456,এতক্ষণ চুপ করে বসেছিলেন নীলাম্বর।,pending
00457,অপরাধ কী সেটাও প্রায় সকলেই আন্দাজ করতে পারছে।,pending
00458,নীলাম্বর অনেকক্ষণ চুপ থেকে কথাটা বললেন।,pending
00459,মহিলার পালটা প্রশ্নে সূর্য একটু থমকাল।,pending
00460,এই মুহূর্তে মোরনিতে পৌঁছোবার ব্যবস্থা যেন করা হয়।,pending
00461,কারণ দিল্লি থেকে মোরনি প্রায় তিনশো কিলোমিটার।,pending
00462,আপনি আত্রেয়ীর এত ভালো বন্ধু।,pending
00463,শব্দটা ঘরের মধ্যে প্রতিধ্বনিত হল।,pending
00464,সায়ন প্রচণ্ড কৌতূহলে প্রশ্নটা করল।,pending
00465,তন্ময়ের নিশ্বাসের কষ্ট হচ্ছে।,pending
00466,পঙ্কজের উলটোদিকের চেয়ারটা টেনে বসল সূর্য।,pending
00467,পঙ্কজের বউয়ের বলা কথাটা সূর্যর কানে বাজল।,pending
00468,নামগুলো শোনামাত্রই পঙ্কজ বেশ চমকে গেল।,pending
00469,কারণ নেটওয়ার্ক প্রবলেম তখনও ছিল।,pending
00470,সূর্য বলার পর নিজেকে সংবরণ করার চেষ্টা করল সে।,pending
00471,হৃদস্পন্দনের ওঠানামা নিয়ে শুয়ে আছে মিহির।,pending
00472,সবসময় চার দেয়াল দেখতে বিরক্ত লাগছে আত্রেয়ীর।,pending
00473,আত্রেয়ীর হাতে গোঁজা নলটা মাটিতে লুটোচ্ছে।,pending
00474,আত্রেয়ী বিছানায় শুয়ে অকাতরে ঘুমোচ্ছে।,pending
00475,আবার পটাস শব্দ করে আলোটা বন্ধ হয়ে যায়।,pending
00476,তন্ময় একটু অপ্রস্তুত হয়েই দু-পাশে ঘাড় নাড়ল।,pending
00477,সায়নের প্রশ্নটা পড়ামাত্রই সোমদত্তার উত্তর।,pending
00478,সায়ন এতক্ষণ ঘটনার মধ্যে প্রায় ঢুকে গিয়েছিল।,pending
00479,পর্দার শেষ প্রান্তে চেয়ারে বসে আছে সোহিনী।,pending
00480,খুব মনোযোগ সহকারে শুনতে চেষ্টা করে শব্দের উৎস।,pending
00481,চোখদুটো বন্ধ করারও সময় পায়নি আত্রেয়ী।,pending
00482,মাত্র তিনদিন আগে ওঁর জ্ঞান ফিরেছিল।,pending
00483,আত্মহত্যা করতে গেলেও মনের সঙ্গে গায়ের শক্তি লাগে।,pending
00484,সকলের আঙুল এখন হসপিটাল কর্তৃপক্ষ এবং পুলিশের দিকে।,pending
00485,সোমদত্তা অবাক হয়ে দেখছিল নীলাম্বরের কাণ্ড।,pending
00486,আমার তেরো নম্বর ফ্লোরের প্রবলেমটা উনিই সলভ করেন।,pending
00487,শব্দটার সঙ্গে হুবহু লিপ মিলে যায়।,pending
00488,তা-ও ভীষণ অল্পক্ষণের সেই ছবি।,pending
00489,হসপিটাল কর্তৃপক্ষের মাথায় হাত।,pending
00490,তা-ই নীলাম্বর নামটুকুই আমার জন্য যথেষ্ট।,pending
00491,এতক্ষণ সে একদৃষ্টে মাটির দিকে তাকিয়েছিল।,pending
00492,আত্রেয়ী আর তন্ময় দুজনে মিলেই শান্তনুকে সরিয়েছে।,pending
00493,হসপিটালের পক্ষ থেকে কিছুই জানানো হচ্ছে না।,pending
00494,বন্দনার গলাটা শুনে সুরভির ভ্রূ দুটো কুঁচকে গেল।,pending
00495,মুখ থেকে গক করে একটা দমবন্ধ করা শব্দ বেরিয়ে এল।,pending
00496,তাই তার ব্যাপারটাও আমার কাছে মোটামুটি স্পষ্ট।,pending
00497,কিন্তু আমি যেহেতু থার্ড পার্সন তাই পুরোটাই দেখলাম।,pending
00498,যদিও বৃষ্টিটা অনেকটাই ক্ষতি করে দিল।,pending
00499,রোগা পাতলা অসহায় শরীরটা রক্তে ভিজে যাচ্ছে।,pending
00500,অন্তত গোপন সূত্রে পাওয়া খবর সেরকমই বলছে।,pending
00501,অভিনেত্রী শারীরিকভাবে অত্যন্ত দুর্বল ছিলেন।,pending
00502,সেই রাতে একজন নার্স ছিলেন আত্রেয়ী সেনের ঘরে।,pending
00503,বাস্তব আর অবাস্তবের এক চূড়ান্ত লড়াই চলছিল।,pending
00504,স্পষ্টভাবে দেখার জন্য অনেক চেষ্টা করছে।,pending
00505,হঠাৎ পরিত্রাহি চিৎকার করে নার্সকে ডেকে ওঠে তন্ময়।,pending
00506,কথাটা নার্সের বুকেও শক্ত পাথরের মতো চেপে বসে আছে।,pending
00507,চোখ খুললেই যে সবকিছু স্পষ্ট দেখতে পায় তেমনটা নয়।,pending
00508,আমি তোমার প্রেমে হব সবার কলঙ্কভাগী।,pending
00509,সঙ্গে গ্রামের লোকজন নিয়ে এসেছে।,pending
00510,আত্রেয়ী তাকাচ্ছেই না মিহিরের দিকে।,pending
00511,সূর্যটা পশ্চিমে ঢলে পড়েছে।,pending
00512,আশেপাশে সবাই শুটিঙের জিনিসপত্র প্যাক করতে ব্যস্ত।,pending
00513,বরং দিদিকে কমবয়সি লাগলেই গল্পের সঙ্গে যাবে না।,pending
00514,লোকের চোখে আত্রেয়ী এখনও টলিউডের স্বপ্নসুন্দরী।,pending
00515,মিহির এক দৃষ্টে চেয়ে আছে আত্রেয়ী সেনের দিকে।,pending
00516,তার মাথার ওপরে রূপ বদলাচ্ছে অস্তরাগের আকাশ।,pending
00517,এক্ষুনি পেছন থেকে আত্রেয়ীকে ঠেলে ফেলে দেবে।,pending
00518,অবাক হয়ে জিজ্ঞেস করল আত্রেয়ী।,pending
00519,অদ্ভুত দৃষ্টিতে মিহিরের দিকে তাকায় আত্রেয়ী।,pending
00520,আবার পরক্ষণেই শান্ত হয়ে যেতাম।,pending
00521,কিন্তু শরীরে তারও তিন বছরের ছুটন্ত দামাল রক্ত।,pending
00522,মুখ নীচু করে বসে এতক্ষণ মাথা ঝাঁকাচ্ছিল মিহির।,pending
00523,একগুঁয়ে মন্তব্যটা করে বন্দনা ঘরের বাইরে চলে গেল।,pending
00524,কিন্তু তাকে তরুণ কিশোরের মতো উচ্ছ্বল হলে চলবে না।,pending
00525,কিন্তু আবারও গোল বাঁধল ক্লোজ শটে এসে।,pending
00526,আমার সামনে আত্রেয়ী আর শুভায়ু শট দিচ্ছে।,pending
00527,সে প্রথম চোটেই এত হাইপার কক্ষনো হবে না।,pending
00528,উনি আপনার বন্ধু বলে ওঁকে অনেক সহ্য করেছি।,pending
00529,আমি তো আত্রেয়ীর সঙ্গে কথা বলছিলাম।,pending
00530,এতক্ষণ বাদে নীলাম্বর মিহিরের কবজি ছেড়ে দেন।,pending
00531,কারণ কিছুই তো জানি না ওটার সম্পর্কে।,pending
00532,মার এক্ষুনি শ্বাসকষ্ট শুরু হয়ে যাবে।,pending
00533,কথাগুলো শুনতে সুরভির ভীষণ অস্বস্তি হচ্ছে।,pending
00534,একই প্রশ্নের উত্তর আমি কতবার দেব ইনস্পেক্টর।,pending
00535,আর সেখানেই প্রমাণিত হয় যে আপনিই সেই বন্দনা দত্ত।,pending
00536,এর মধ্যেই ডাক্তারকে সঙ্গে নিয়ে ঢুকে আসে সোমদত্তা।,pending
00537,স্থানীয় কিছু মানুষ ঘুরে বেড়াচ্ছে।,pending
00538,কথাটা শুনেই শান্তনুর খুব আনন্দ হল।,pending
00539,আপ নিশ্চিন্ত হো কর আপনা কাম কর লিজিয়ে।,pending
00540,পঙ্কজ নিজেই চলে যায় তেরো নম্বর রুমের সামনে।,pending
00541,নামটা শোনামাত্রই আঁতকে ওঠে পঙ্কজ।,pending
00542,রুপোলি নদী সব কিছু মায়াবী ক্যানভাসের মতো স্পষ্ট।,pending
00543,আরও একটু কাছে আসতেই দৃশ্যটা স্পষ্ট।,pending
00544,পঙ্কজের মনে হল যেন এক মহাপ্রলয় আসতে চলেছে।,pending
00545,খানিকক্ষণ তার নড়াচড়ার শক্তিও হারিয়ে গিয়েছিল।,pending
00546,অসুস্থ মা-কে জড়িয়ে ধরে অঝোরে কাঁদছে বন্দনা।,pending
00547,তোর বাবার সঙ্গে আমার বিয়েটা খুব অল্প বয়সেই হয়।,pending
00548,সেই আমাদের সঙ্গে প্রথম আলাপ সুজয় সেনের।,pending
00549,ওঁর বিরুদ্ধে এখনও পর্যন্ত কোনো অভিযোগ নেই আমাদের।,pending
00550,কিন্তু সঙ্গে পায় আরও কিছু।,pending
00551,আত্রেয়ী সেনের অট্টালিকা আমায় ভাঙতেই হবে।,pending
00552,আত্রেয়ীর জীবনের সব কিছুতে বড়ো বাধা শান্তনু।,pending
00553,ব্রায়ের স্ট্যাপে দুটো হাত গলিয়ে দেয় বন্দনা।,pending
00554,তন্ময় ব্রায়ের স্ট্র্যাপদুটোকে টেনে কাছাকাছি আনে।,pending
00555,এতে শান্তনুর সঙ্গে দূরত্ব আরও বেড়ে যেত।,pending
00556,শান্তনু এমনিতেই রাগে ফুঁসতে থাকে সর্বক্ষণ।,pending
00557,একটা কান্নার আওয়াজ ভেসে আসছে আত্রেয়ীর ঘর থেকে।,pending
00558,অপেক্ষা না করে সেই ছবি হাতে তুলে নেয় শান্তনু।,pending
00559,বন্দনা লুটিয়ে পড়ে অঝোর কান্নায়।,pending
00560,শান্তনু দিল্লির ফ্লাইটের টিকিট পায় না।,pending
00561,শান্তনু যখন কাজ করত তখনই তার শত্রুর অভাব ছিল না।,pending
00562,আত্রেয়ীর বিশ্বাস অর্জন করাটা প্রাথমিক কাজ ছিল।,pending
00563,তোমাদের সঙ্গে বোঝাপড়া করতে সে আজ পৌঁছোচ্ছে।,pending
00564,জ্যোৎস্নার আলোয় স্বর্গের সুরাপাত্রের মতো লাগছে।,pending
00565,বরং নিজের মনে স্ফটিকখচিত দুটি পাত্রে হুইস্কি ঢালল।,pending
00566,শান্তনুর মুখের সামনে একটা সুরাপাত্র ধরে তন্ময়।,pending
00567,শান্তনুর পা দুটো ছটফট করাও বন্ধ করে দেয় একসময়।,pending
00568,মুহূর্তের আকস্মিকতায় পাথরটা ধরতে চায় তন্ময়।,pending
00569,ভীষণ ইচ্ছে করছিল বন্দনাকে বুকে জড়িয়ে ধরতে।,pending
00570,নিষ্প্রাণ চোখে তাকিয়ে রইল বন্দনা।,pending
00571,সে যদি আসে হুলুস্থুল করে ছাড়বে কিন্তু।,pending
00572,এতক্ষণ হাঁ করে নীলাম্বর পেছন থেকে সব দেখছিলেন।,pending
00573,কারণ সূর্যের আলোর মতো পবিত্র কিছু নেই।,pending
00574,যেটা বৃষভানুর ক্ষেত্রে পেয়েছিলে।,pending
00575,স্পষ্ট বোঝা গিয়েছিল যে কেউ একজন গলা টিপে মেরেছে।,pending
00576,যদিও আত্রেয়ীকে ঠেলে ফেলার আগে কোনো কষ্ট দেয়নি।,pending
00577,সময় নষ্ট না করে সূর্য মোবাইল থেকে কল করে শোভনকে।,pending
00578,খুব সন্তর্পণে সাদা পর্দাটা সরাতে থাকেন নীলাম্বর।,pending
00579,দুজনের মুখ দিয়েই ঘড়ঘড়ে শব্দ বেরোচ্ছে।,pending
00580,বন্ধ হয়ে যাওয়া দরজাটা দড়াম শব্দে খুলে যায়।,pending
00581,নার্স আর শোভনকে অন্যত্র নিয়ে যাওয়া হয়।,pending
00582,শান্তনুর আত্মার শক্তি অনেক বেড়ে গেছে।,pending
00583,ও এখন অজস্র শরীরকে বশে আনার ক্ষমতা রাখে।,pending
00584,এক রাশ আতঙ্ক নিয়ে নীলাম্বর বললেন।,pending
00585,ধাতব শব্দ করে একটা ফ্রিজারের দরজা বন্ধ হল।,pending
00586,কিন্তু আবারও তার পথ আটকাল সেই একই শব্দ।,pending
00587,সঙ্গে সঙ্গে একটা বিকট শব্দ শুরু হয়।,pending
00588,তারপর অকল্পনীয় এক কাণ্ড ঘটতে থাকে মর্গের ভেতর।,pending
00589,তাহলে আরও ক্ষিপ্র হয়ে উঠবে।,pending
00590,থমথমে ভাবটা বেশিক্ষণ স্থায়ী হল না।,pending
00591,পা লেগে ভস্মের গণ্ডি খানিকটা ঘেঁটে যায়।,pending
00592,কিন্তু কেউ খেয়াল করেনি কখন সেটা বন্ধ হয়ে গেছে।,pending
00593,রাত তিনটের সময় আত্মার শক্তি অফুরন্ত হয়ে যাবে।,pending
00594,এখনই অনেক বেশি শক্তিশালী হয়ে উঠেছে শান্তনু।,pending
00595,সূর্য ও সোমদত্তাও নীলাম্বরের কাছাকাছি।,pending
00596,সেই অবস্থাতেই সায়ন গুলি চালাচ্ছে।,pending
00597,সায়নের হাত নীলাম্বরের ভস্মের ওপর পড়ে।,pending
00598,সেই করাল রাক্ষসী তার মাথাটাকে ছেঁড়ার চেষ্টা করছে।,pending
00599,আমার হাতে যা ছিল প্রায় সব নষ্ট হয়ে গেছে।,pending
00600,সারা মুখের পেশিতে ছড়িয়ে পড়ে প্রচণ্ড ভয়।,pending
00601,কিন্তু সেই আত্মা সূর্যের টুটি টিপে আছে।,pending
00602,এই হাতের আঘাত সহ্য করতে পারছে না অশুভ শক্তি।,pending
00603,ওদিকে সূর্য আর সায়ন নীলাম্বরকে তুলে ধরে বসায়।,pending
00604,চোখ বুজেই একটা ছায়ার চলাচল আন্দাজ করেন নীলাম্বর।,pending
00605,সারা শরীরে কষ্টের সঙ্গে বিপুল রাগ ফুটে উঠেছে।,pending
00606,নরক-যন্ত্রণা ভোগ করছিস যে।,pending
00607,নীলাম্বর বেশ চিন্তায় পড়ে যান।,pending
00608,সোমদত্তা হেসে ঢক করে প্রণাম করতে যায় নীলাম্বরকে।,pending
00609,ওই পুজোটাও কিন্তু আপনিই করবেন নীলাম্বরবাবু।,pending
00610,ওই ছবিগুলো ওর প্রথম মা-হওয়ার স্মৃতি।,pending
00611,আপনার মোবাইল নম্বর দয়া করে নিশ্চিত করুন।,pending
00612,এই সেবার খরচ প্রতি মাসে পঞ্চাশ টাকা।,pending
00613,আমরা এই সমস্যা সমাধানে প্রতিশ্রুতিবদ্ধ।,pending
00614,আপনার অনুরোধ বিশেষজ্ঞের কাছে পাঠাচ্ছি।,pending
00615,"এক মুহূর্ত, আমি সংযোগ স্থাপন করছি।",pending
00616,আমাদের প্রযুক্তি বিভাগে যোগাযোগ করছি।,pending
00617,আপনার সাবস্ক্রিপশন আগামী মাসে নবায়ন হবে।,pending
00618,প্রিমিয়াম সদস্যদের অতিরিক্ত সুবিধা আছে।,pending
00619,কথ্য সাথে আরো বিকল্প চেষ্টা করুন।,pending
00620,গত সপ্তাহে আপনি এটি পছন্দ করেছিলেন।,pending
00621,"শুনুন, আনন্দ সম্পর্কে বলি।",pending
00622,যদি কম্পিউটার হয় তাহলে স্কুল হবে।,pending
00623,সুন্দর পড়াশোনা থাকলে পার্ক হবে।,pending
00624,নদী ভালো কিন্তু সন্ধ্যা আরও ভালো।,pending
00625,সন্ধ্যা ভালো কিন্তু বাড়ি আরও ভালো।,pending
00626,আমরা অপ্রিয় গল্প পড়তে চাই।,pending
00627,রাস্তা ভালো কিন্তু আনন্দ আরও ভালো।,pending
00628,কলেজ ভালো কিন্তু সমুদ্র আরও ভালো।,pending
00629,"শুনুন, সন্তান সম্পর্কে বলি।",pending
00630,দ্রুত পাহাড় থাকলে সন্ধ্যা হবে।,pending
00631,সমুদ্র ভালো কিন্তু সময় আরও ভালো।,pending
00632,দুঃখ ভালো কিন্তু কম্পিউটার আরও ভালো।,pending
00633,অপ্রিয় বোন থাকলে মন্দির হবে।,pending
00634,সূর্য ভালো কিন্তু স্বপ্ন আরও ভালো।,pending
00635,"শুনুন, সূর্য সম্পর্কে বলি।",pending
00636,প্রিয়া রসগোল্লা খাচ্ছে।,pending
00637,অপ্রিয় পাহাড় থাকলে স্কুল হবে।,pending
00638,বই ভালো কিন্তু সন্ধ্যা আরও ভালো।,pending
00639,ক্লান্ত ভালোবাসা পছন্দ করি।,pending
00640,সমুদ্র ভালো কিন্তু বাড়ি আরও ভালো।,pending
00641,সময় ভালো কিন্তু সূর্য আরও ভালো।,pending
00642,আমরা অসুস্থ গল্প ভাবতে চাই।,pending
00643,প্রিয়া সমুদ্রের কাছে যাচ্ছে।,pending
00644,আশা ভালো কিন্তু কম্পিউটার আরও ভালো।,pending
00645,সন্ধ্যা ভালো কিন্তু নদী আরও ভালো।,pending
00646,মোবাইল ভালো কিন্তু গল্প আরও ভালো।,pending
00647,আমরা অপ্রিয় সন্তান চাইতে থাকি।,pending
00648,কম্পিউটার ভালো কিন্তু ঘড়ি আরও ভালো।,pending
00649,কলেজ ভালো কিন্তু সন্ধ্যা আরও ভালো।,pending
00650,অপ্রিয় ফুল থাকলে সূর্য হবে।,pending
00651,আনন্দিত মাংস থাকলে গল্প হবে।,pending
00652,গাড়ি ভালো কিন্তু বন্ধু আরও ভালো।,pending
00653,সতেজ কম্পিউটার থাকলে স্কুল হবে।,pending
00654,চট্টগ্রামে থেকে তানিয়া এসেছে।,pending
00655,যদি প্রশ্ন হয় তাহলে সমুদ্র হবে।,pending
00656,সন্তান ভালো কিন্তু কম্পিউটার আরও ভালো।,pending
00657,বই ভালো কিন্তু সমুদ্র আরও ভালো।,pending
00658,আনন্দিত সমুদ্র থাকলে সময় হবে।,pending
00659,শান্ত ঘড়ি থাকলে কম্পিউটার হবে।,pending
00660,আনন্দ ভালো কিন্তু সময় আরও ভালো।,pending
00661,সূর্য ভালো কিন্তু সমাধান আরও ভালো।,pending
00662,বাগান ভালো কিন্তু কম্পিউটার আরও ভালো।,pending
00663,ক্লায়েন্ট সন্তুষ্ট হয়েছেন।,pending
00664,সত্যিকারের বন্ধুত্ব অমূল্য সম্পদ।,pending
00665,একদিন সোনাইয়ের সঙ্গেও… উফফফ!,pending
00666,মৃন্ময়ী বুঝতে পারছে না ছেলে ঠিক কী দেখাচ্ছে!,pending
00667,নতুন টেডির কী সুন্দর বড়ো বড়ো চোখ থাকবে!,pending
00668,আপনি তো দেখছি প্রমাণ ছাড়া এক পা-ও চলেন না!,pending
00669,এমন কী প্রশ্ন করবে যাতে বন্দনা কাঁদতে পারে!,pending
00670,কত জোরে দৌড়েছিলেন আপনি তা-ও আবার এই অবস্থায়!,pending
00671,ঠিক সময় আমার জ্ঞান না ফিরলে কী যে হত!,pending
00672,তখন নীলাম্বর বোঝেননি কোথা থেকে আগুন আসবে!,pending
00673,হিমাচল থেকে দিল্লি এসে আবার হরিয়ানা!,pending
00674,মিহির নিজে হাতে এ কী সর্বনাশ করতে যাচ্ছে!,pending
00675,সুস্থ কম্পিউটার দেখো!,pending
00676,ঘুম যথেষ্ট পাচ্ছো?,pending
00677,কীভাবে গল্প যাচ্ছি?,pending
00678,কীভাবে সমুদ্র পড়ছি?,pending
00679,হারাল যে তার চিহ্নটুকুও কী রইল না?,pending
00680,এত লোক থাকতে খবরটা তন্ময়বাবুই আপনাকে দিল?,pending
00681,মৃন্ময়ীর ভয় হল মিহিরের শরীর খারাপ করবে না তো?,pending
00682,আপনার আত্মীয়কে খুব একটা খারাপ রাখিনি তো?,pending
00683,আর কি কখনও দেখা হবে মিহিরের সঙ্গে?,pending
00684,এতগুলো লোকের চোখের সামনে দিয়ে বেরিয়ে গেল?,pending
00685,তুই সন্দেহজনক কাউকে দেখেছিলি?,pending
00686,আর যদি নিরুদ্দেশই হয়ে থাকে তাহলে সে কোথায়?,pending
00687,ভুলে গিয়েছিল নাকি খুব একটা গুরুত্বই দেয়নি?,pending
00688,দাদাভাইয়ের ভয় পাওয়ার মতো কী এমন ঘটল?,pending
00689,এইরকম হাইটেনশন লাইনের তার ছিঁড়ে পড়ল কী করে?,pending
00690,যদি সেটা সম্ভবও হয় তাহলে কী সে ম্যাজিক জানে?,pending
00691,এইসব বাহারি দামি পেয়ালায় ফলের রস খাও চুকচুক করে?,pending
00692,আবার কি সেই চোখটা মুখের সামনে এসে ওকে ভয় দেখাবে?,pending
00693,আবার যদি ওই মুখটা সামনে আসে তাহলে কী করবে সে?,pending
00694,ও যা ভাবছে যদি সত্যিই তেমন কিছু ঘটে তাহলে কী করবে?,pending
00695,আমরা কি আপনাদের জানিয়েছি যে মিহির সরখেল দোষী?,pending
00696,তাহলে নিজেকে এইভাবে আড়াল করল কেন মেয়েটি?,pending
00697,কিন্তু সেটার চাবি কোথায়?,pending
00698,টেডিটার চোখটা নষ্ট হয়ে গেছে?,pending
00699,অফিসার কী ভয়ানক ছবি দেখাবে বলে ডেকেছে কে জানে?,pending
00700,আপনি তন্ময় হালদারের বাড়িতে রাত কাটাননি?,pending
00701,এখনও টিভিতে দেখাচ্ছে বুঝি?,pending
00702,আবার দুনিয়ার সামনেই এক ঘরে রাত কাটাবার কথা বলে?,pending
00703,তাই আততায়ী আর শিকার যখন একজনই তখন চিন্তা কী?,pending
00704,তা সত্ত্বেও আমি কেন আপনার পেছনে পড়ে আছি বলুন তো?,pending
00705,রাতে একবার বিষ ঢেলেই টোড়া সাপ হয়ে গেলেন?,pending
00706,রাস্তার মোড়ে বেড়াতে গিয়েছিল?,pending
00707,তন্ময়বাবু দায়িত্ব এড়িয়ে যাচ্ছেন?,pending
00708,বাচ্চাটা আসার পর তন্ময়বাবুর কী রিঅ্যাকশন?,pending
00709,পলকের দুর্বলতায় কেন সে সোনাইয়ের মুখটা দেখতে পেল?,pending
00710,তার জন্য আমাদের কেন এই বাড়ি থেকে যেতে হবে?,pending
00711,ওরা কী আর কোনোদিন ফিরতে পারবে এই বাড়িটাতে?,pending
00712,তোমার কী অবস্থা সূর্য?,pending
00713,সত্যি যদি ওর কোনো বিপদ হয় তাহলে কে বাঁচাবে ওকে?,pending
00714,কিন্তু সাড়ে ছয় বছর পর কেন?,pending
00715,পুলিশ আপনাকে জিজ্ঞেস করল কে মেরেছে?,pending
00716,প্রেসক্রিপশন দেখাতে পারবেন?,pending
00717,যদিও অত খোঁজার আছেটাই-বা কী?,pending
00718,এই সব খুনের আড়ালে আছে অন্য কেউ?,pending
00719,অথচ সেইসময় করিডরে কেবিনের দরজার কাছে কেউ নেই?,pending
00720,লোকটা কী বড়ো ধরনের কোনো ম্যাজিশিয়ান?,pending
00721,তা কালকেও কোনো প্রবলেম হয়নি তো?,pending
00722,নাকি এই মৃত্যুর আড়ালে লুকিয়ে আছে অন্য রহস্য?,pending
00723,আশঙ্কার কালো মেঘ কাটছে কি তবে?,pending
00724,তার জন্য একটু আলাদা কিছু ভাবা গেল না?,pending
00725,এর মধ্যে থার্ড পার্সন আসছে কোথা থেকে?,pending
00726,আমার কী করা উচিত সেটা এখন তুমি আমায় শেখাবে?,pending
00727,এই দেখার জন্য আমায় বাঁচিয়ে রাখতে চাস তুই?,pending
00728,আমি জিজ্ঞেস করেছি ধরা পড়েছে কবে?,pending
00729,কী দরকার ছিল শান্তনুকে ছবিটা দেখাবার?,pending
00730,সোজা লোকটার পিঠে গিয়ে ধাক্কা মারতে চাইছে কী?,pending
00731,আপনিই-বা ওই অত দূরে পৌঁছোলেন কীভাবে?,pending
00732,লক্ষ্য রাখার ব্যবস্থা করতে বললেন?,pending
00733,এ কার শক্তি ভর করেছে সোমদত্তার ওপর?,pending
00734,আপনার অ্যাকাউন্ট নম্বর দিতে পারেন?,pending
00735,কত সংখ্যক মানুষ আক্রান্ত?,pending
00736,কোনো পূর্ববর্তী সমস্যা আছে?,pending
00737,আপনি কি অপ্রিয় মন্দির চান?,pending
00738,"আচ্ছা, কম্পিউটার কেমন?",pending
00739,আপনি কি অসুস্থ রাস্তা চান?,pending
00740,শীঘ্রই কি বিশ্রাম নেওয়া হবে?,pending
00741,টুম্পা কি রাজশাহীতে যাবে?,pending
00742,মুনির কি চট্টগ্রামে যাবে?,pending
00743,সন্ধ্যায় কি দৌড়ানো হবে?,pending
00744,দুপুরে কি বিশ্রাম নেওয়া হবে?,pending
00745,আপনি কি মিষ্টি স্কুল চান?,pending
00746,আপনি কি আনন্দিত কম্পিউটার চান?,pending
00747,প্রজেক্ট জমা দেওয়ার তারিখ কবে?,pending
00748,কালভৈরবের মন্ত্রপূত চণ্ডাল করোটির ভস্ম তোমাকে রক্ষা করবে।,pending
00749,আমার গুরুদেব দিব্যশক্তিধারী শ্রীব্রহ্মস্বরূপানন্দ মহারাজ।,pending
00750,বলামাত্রই প্রিয়াঙ্গী কি বোর্ডের স্পেসবার ক্লিক করল।,pending
00751,একেবারে নাভিমূল থেকে ব্রহ্মতালু পর্যন্ত কেঁপে উঠল বন্দনার।,pending
00752,সেই সময় আত্রেয়ীর স্বামীর সঙ্গে সম্পর্ক ভালো যাচ্ছিল না।,pending
00753,সঙ্গে সঙ্গে কোমর থেকে পা পর্যন্ত প্রচণ্ড জোরে কাঁপতে থাকে।,pending
00754,একমনে মন্ত্রোচ্চারণ করতে করতে ভস্মের গণ্ডি টেনে চলেছেন।,pending
00755,"শুনুন, বন্ধু সম্পর্কে বলি।",pending
00756,"শুনুন, গল্প সম্পর্কে বলি।",pending
00757,"শুনুন, সমুদ্র সম্পর্কে বলি।",pending
00758,ফোনটা হাতে নিতেই দেখল স্ক্রিনে লেখা Sayan Jamai।,pending
00759,তন্ময়ের কথাতেই পঙ্কজ শর্মা পটে যায়।,pending
00760,সারাদিনের ক্লান্তিতে গলা ভেঙেছে খানিকটা।,pending
00761,ও নিজেও বোধহয় ক্লান্ত ছিল।,pending
00762,মাঝেমধ্যে ক্লান্ত লাগলে একটু ধরায়।,pending
00763,বরং সে পরম তৃপ্তিতে জুসে চুমুক দিচ্ছে।,pending
00764,ঘুমন্ত শ্বাপদের মতো অন্ধকার।,pending
00765,আমি এক্ষুনি ফোন করে খবর নিচ্ছি।,pending
00766,কিন্তু লোহার গ্রিলগুলো তো ঠিকই আছে।,pending
00767,কিন্তু কাউকে জানিয়ে যান না ঠিক কোথায় যাচ্ছেন।,pending
00768,রাস্তার পাশে বেশ কিছু বাড়ির বারান্দা।,pending
00769,সায়ন স্ক্রিনের ওপর থেকে চোখটা সরিয়ে নেয়।,pending
00770,বন্দনার গলার স্বরে এবার করাতে শান দেওয়ার শব্দ।,pending
00771,আমার মেকআপ আত্রেয়ীর পছন্দ হয়নি মা।,pending
00772,এবার বেশ অস্বস্তিতে পড়ল বন্দনা।,pending
00773,সঙ্গে একটি স্বল্পবসনা মেয়ে।,pending
00774,অনেকক্ষণ ধরে চেপে আছে আত্রেয়ী।,pending
00775,বাবলু আর নীলাম্বর প্রায় চমকে গেল।,pending
00776,নীলাম্বরের পালটা প্রশ্নে একটু চুপ করে থাকে পরান।,pending
00777,নীলাম্বরবাবুর সঙ্গে আমার দরকার আছে।,pending
00778,কিন্তু নীলাম্বর আসন ত্যাগ করেন না।,pending
00779,আজ সে তারই প্রতিশোধ নিচ্ছে।,pending
00780,রাতের খাবার খেয়ে ঘুমোচ্ছে আত্রেয়ী।,pending
00781,আত্রেয়ী বা শান্তনুর নাম থাকতে পারে না।,pending
00782,ওর সঙ্গে আমার কথাই হচ্ছে না।,pending
00783,বাংলার বুকে আজ এক মর্মান্তিক দিন।,pending
00784,কিন্তু সোহিনী যে কিচ্ছু বলছে না।,pending
00785,সায়নের সঙ্গে নীলাম্বরও এসেছেন।,pending
00786,ওটাই একটা আশ্চর্যের বিষয়।,pending
00787,সে একভাবে নীলাম্বরকে নিরীক্ষণ করছে।,pending
00788,গভীর ঘুমে আচ্ছন্ন সায়ন।,pending
00789,আত্রেয়ীকে লো অ্যাঙ্গেলে ভালো লাগে না।,pending
00790,আকাশ থেকে আলো হারিয়ে যাচ্ছে ক্রমশ।,pending
00791,আমি ডাক্তারের সঙ্গে কথা বলেছি।,pending
00792,শালাকে এক্ষুনি শেষ করে দিতে ইচ্ছে করছে।,pending
00793,কী করে জানলেন এই প্রশ্নটা আর করল না বন্দনা।,pending
00794,যদিও সেক্ষেত্রে সুখটা এক তরফা।,pending
00795,কিন্তু তোমার ক্ষেত্রে তো তা নয়।,pending
00796,বন্দনা প্যাকেট খুলে দ্যাখে নতুন ব্রা আর প্যান্টি।,pending
00797,তাই আর শান্তনুর প্রয়োজন পড়ে না।,pending
00798,কিন্তু আত্রেয়ী সেনকে মাঠে নামতে হয়নি।,pending
00799,দেখবে দুটো রাস্তা ভাগ হচ্ছে।,pending
00800,এই সংক্রান্ত কোনো কথাই বলল না তন্ময়।,pending
00801,সোয়ারভস্কির ক্রিস্টালাইন টোস্টিং ফ্রুটস।,pending
00802,নীলাম্বর দ্রুত বেগে হাত চালাতে থাকেন।,pending
00803,কিন্তু সেই মূর্তিও সময় দেয় না সায়নকে।,pending
00804,নিশ্বাসের কষ্ট হচ্ছে তাদের।,pending
00805,তারও নিশ্বাসের কষ্ট হচ্ছে।,pending
00806,কিন্তু কোনো মানুষের প্রাণ সে নেয়নি।,pending
00807,মিহির এখন স্ক্রাচ নিয়ে হাঁটে।,pending
00808,আমরা আপনার সাথে থাকব এই প্রক্রিয়ায়।,pending
00809,আপনার সন্তুষ্টির জন্য ধন্যবাদ।,pending
00810,জরুরি প্রতিক্রিয়া দল প্রস্তুত।,pending
00811,আমি আপনার সাথে থাকব শেষ পর্যন্ত।,pending
00812,আনন্দিত পার্ক থাকলে রুটি হবে।,pending
00813,"শুনুন, গাড়ি সম্পর্কে বলি।",pending
00814,মিষ্টি স্বাস্থ্যের জন্য ভালো।,pending
00815,বন্ধু ভালো কিন্তু মাছ আরও ভালো।,pending
00816,"শুনুন, চাঁদ সম্পর্কে বলি।",pending
00817,বাসি সমুদ্র থাকলে প্রশ্ন হবে।,pending
00818,কলেজ ভালো কিন্তু মন্দির আরও ভালো।,pending
00819,দরজা ভালো কিন্তু গল্প আরও ভালো।,pending
00820,ক্লান্ত সমস্যা পছন্দ করি।,pending
00821,আমার অপ্রিয় কম্পিউটার লাগছে।,pending
00822,প্রশ্ন ভালো কিন্তু বাগান আরও ভালো।,pending
00823,টাকা ভালো কিন্তু সমুদ্র আরও ভালো।,pending
00824,মা ভালো কিন্তু কম্পিউটার আরও ভালো।,pending
00825,মোবাইল ভালো কিন্তু স্কুল আরও ভালো।,pending
00826,শফিক সন্তান করবে আর আমি কম্পিউটার করব।,pending
00827,আমার অন্ধকার কম্পিউটার লাগছে।,pending
00828,শান্ত মন্দির থাকলে পাখি হবে।,pending
00829,"শুনুন, মন্দির সম্পর্কে বলি।",pending
00830,প্রিয় টাকা থাকলে মন্দির হবে।,pending
00831,আমি আনন্দ করব এবং তুমি সূর্য করো।,pending
00832,ক্লান্ত সবজি পছন্দ করি।,pending
00833,অফিস ভালো কিন্তু পার্ক আরও ভালো।,pending
00834,অপ্রিয় সন্ধ্যা পছন্দ করি।,pending
00835,উত্তর ভালো কিন্তু সমুদ্র আরও ভালো।,pending
00836,আমার ক্লান্ত পড়াশোনা লাগছে।,pending
00837,ক্লান্ত গাড়ি পছন্দ করি।,pending
00838,সূর্য ভালো কিন্তু কফি আরও ভালো।,pending
00839,যদি সমুদ্র হয় তাহলে আনন্দ হবে।,pending
00840,পড়াশোনা ভালো কিন্তু পার্ক আরও ভালো।,pending
00841,আনন্দিত গল্প থাকলে কাপড় হবে।,pending
00842,"শুনুন, পড়াশোনা সম্পর্কে বলি।",pending
00843,হলুদ কম্পিউটার থাকলে গল্প হবে।,pending
00844,আনন্দিত রাত থাকলে সূর্য হবে।,pending
00845,নদী ভালো কিন্তু বন্ধু আরও ভালো।,pending
00846,অর্জুন চট্টগ্রামে যাচ্ছে।,pending
00847,স্কুল ভালো কিন্তু মোবাইল আরও ভালো।,pending
00848,প্রিয়া চট্টগ্রামে থাকে।,pending
00849,সকালে সমুদ্র হবে তারপর কম্পিউটার হবে।,pending
00850,বিখ্যাত সন্ধ্যা থাকলে সূর্য হবে।,pending
00851,সন্ধ্যায় জল হবে তারপর আনন্দ হবে।,pending
00852,খারাপ মন্দির থাকলে রাস্তা হবে।,pending
00853,পুরনো আনন্দ থাকলে সমুদ্র হবে।,pending
00854,গাড়ি ভালো কিন্তু স্কুল আরও ভালো।,pending
00855,গাছ ভালো কিন্তু প্রশ্ন আরও ভালো।,pending
00856,বিকাল ভালো কিন্তু সন্ধ্যা আরও ভালো।,pending
00857,প্রিয় স্কুল থাকলে বোন হবে।,pending
00858,ক্লান্ত বাড়ি পছন্দ করি।,pending
00859,আমরা অপ্রিয় সমুদ্র বলেছি।,pending
00860,যদি বন্ধু হয় তাহলে সমুদ্র হবে।,pending
00861,বন ভালো কিন্তু সন্ধ্যা আরও ভালো।,pending
00862,চাঁদ ভালো কিন্তু পার্ক আরও ভালো।,pending
00863,আকাশে সুন্দর রংধনু দেখা যাচ্ছে।,pending
00864,প্রথম শ্রেণিতে পড়ে আমাদের ছেলে।,pending
00865,সত্যিই কি নড়ল নাকি মৃন্ময়ীর ভ্রম!,pending
00866,দোতলায় এমন একটা অদ্ভুত কাণ্ড!,pending
00867,ঘরে আলো নেই অথচ রাস্তায় আলো আছে!,pending
00868,এখন শুধু সময়ের অপেক্ষা!,pending
00869,… হ্যাঁ কিন্তু শুধু সন্দেহ করলে তো হবে না।,pending
00870,একটু গায়ে গা না ঠেকালে পুরস্কারপ্রাপ্ত ছবিতে কাজ জোটে কখনও?,pending
00871,মাত্র কয়েক ঘণ্টাতেই কি গায়ের চামড়াগুলো শক্ত হয়ে গেল?,pending
00872,আত্রেয়ী সেনের সঙ্গে তন্ময় হালদারের ঘনিষ্ঠতাই-বা কতটা?,pending
00873,"আচ্ছা, সমুদ্র কেমন?",pending
00874,"আচ্ছা, সূর্য কেমন?",pending
00875,আপ ফোটোগ্রাফার হ্যায় না?,pending
00876,তাড়াতাড়ি স্নান করে খেয়ে নেবে কেমন?,pending
00877,তোমার হাত থেকে নিলে ক্ষতি কী ছিল?,pending
00878,বৃষভানু আপনি শুনতে পাচ্ছেন?,pending
00879,ওঁর গায়ে অত জোরই-বা আসবে কোত্থেকে?,pending
00880,তার মানে বৃষভানু কোনো বাধাই দেয়নি?,pending
00881,পুলিশের হাত থেকে পালাতে যা খুশি বলছিস না তো?,pending
00882,সায়নের ওপর এতটুকু ভরসা রাখতে পারল না দাদাভাই?,pending
00883,এভাবে রাতারাতি উবেই-বা যাচ্ছে কী করে?,pending
00884,তুমি কাউকে দেখেছ সন্দেহজনক?,pending
00885,এখন কি তোকে বলে আমায় এ বাড়িতে আসতে হবে নাকি?,pending
00886,কিন্তু রাতটা কি এখানে কাটানো ঠিক হবে?,pending
00887,কী হয়ে চলেছে বাড়িটার মধ্যে?,pending
00888,বেঁচে না থাকলে কেউ রক্ত দেয়?,pending
00889,এতে আপনারা ঠিক কী ইনিশিয়েটিভ নিয়েছেন?,pending
00890,কে করল বাড়ির এমন অবস্থা?,pending
00891,মতলব বন্দনা কি খুব রেগেছিল?,pending
00892,মেডাম ঘর না থাকলে বন্দনাদিদি ভি থাকবে কী করে?,pending
00893,আমার নিজের চোখকে কী করে অবিশ্বাস করব স্যার?,pending
00894,বেকার কেন হ্যাজাচ্ছেন আবার?,pending
00895,কিছু বলার আছে বন্দনা ম্যাডাম?,pending
00896,ভুলে গেছেন নাকি প্রথমদিনের কথা?,pending
00897,বরটা হেবি বাওয়াল দিচ্ছে না?,pending
00898,হেবি বাওয়াল দিচ্ছে আমায় নিয়ে?,pending
00899,স্যার রাগের মাথায় ম্যাডামকে মেরে ফেলতে চাইছেন?,pending
00900,আমার বাড়িতে তুমি আসবে বাওয়ালের কী আছে?,pending
00901,আত্রেয়ীও খোঁজ করেননি?,pending
00902,আপনাদের এখনও আর কী জানার থাকতে পারে বলুন তো?,pending
00903,আপনারা কি সন্তান চেয়েছিলেন?,pending
00904,তোর জন্য এই বয়সে জেলের ভাত খাব নাকি রে?,pending
00905,সারাদিনের কাজের পর তখন আর কী করে জেগে থাকব স্যার?,pending
00906,এ-এটা কী হতে পারে বলুন তো তন্ময়বাবু?,pending
00907,বলুন তন্ময়বাবু কে আপনার এই হাল করেছে?,pending
00908,আত্রেয়ী সেন গেল কোথায়?,pending
00909,উনি চোখে কী দেখেছেন সেটা আপনি কী করে জানলেন?,pending
00910,সে কি দেওয়ার প্রয়োজন নেই?,pending
00911,নাকি অন্য কোনো মৃত ব্যক্তির আত্মীয়?,pending
00912,প্রশ্নটা তুমি আমায় করছ?,pending
00913,অদ্ভুত দেখতে জামাকাপড় পরা লোকটা কে?,pending
00914,আমার ক্রিস্টালের গ্লাস কোথায়?,pending
00915,অতিথিদের কোনো অমর্যাদা হয়নি তো?,pending
00916,তাহলে কী এখানে ফিরে লাগেজ নিয়ে তারপর যাবে?,pending
00917,কেমন হবে আমিও যদি নষ্ট মেয়ে হই?,pending
00918,সব প্রমাণ রাখা যায় বলুন তো?,pending
00919,তন্ময় হালদারের ঘরে নার্স আছে?,pending
00920,শোভন নার্স কি একদম কাছে এসে গেছে?,pending
00921,কালভৈরবের তাবিজটা কোথায় গেল সায়ন?,pending
00922,আমি শুধু ভেবে গিয়েছি কার হতে পারে?,pending
00923,বর্তমান পরিকল্পনা পরিবর্তন করতে চান?,pending
00924,আগে কি বিশ্রাম নেওয়া হবে?,pending
00925,আজ কি বিশ্রাম নেওয়া হবে?,pending
00926,কম্পিউটার কখন শেষ হবে?,pending
00927,টুম্পা কি স্কুলে যাবে?,pending
00928,এখানে কম্পিউটার পাওয়া যায়?,pending
00929,কামাল কি চট্টগ্রামে যাবে?,pending
00930,বশির কি চট্টগ্রামে যাবে?,pending
00931,আপনি কি চিন্তিত কম্পিউটার চান?,pending
00932,তুমি কি কম্পিউটার দিয়েছি?,pending
00933,আপনি কি অন্ধকার সন্তান চান?,pending
00934,রিতা কি চট্টগ্রামে যাবে?,pending
00935,আমির কি চট্টগ্রামে যাবে?,pending
00936,মিতা কি চট্টগ্রামে যাবে?,pending
00937,এখন কি বিশ্রাম নেওয়া হবে?,pending
00938,তানিয়া কি সমুদ্রের কাছে যাবে?,pending
00939,তখন কি বিশ্রাম নেওয়া হবে?,pending
00940,আপনি কি অসুস্থ সন্তান চান?,pending
00941,আপনি কি ক্লান্ত খাবার চান?,pending
00942,আপনি কি সুস্থ রাস্তা চান?,pending
00943,সন্ধ্যায় কি ঘুমানো হবে?,pending
00944,টুম্পা কি গ্রামে যাবে?,pending
00945,পরশু কি বিশ্রাম নেওয়া হবে?,pending
00946,কীভাবে কম্পিউটার চাইছি?,pending
00947,আপনি কি আনন্দিত বন্ধু চান?,pending
00948,আপনি কি সুন্দর সন্তান চান?,pending
00949,কীভাবে সন্তান নিচ্ছি?,pending
00950,আপনি কি সতেজ কম্পিউটার চান?,pending
00951,আপনি কি মিষ্টি ভালোবাসা চান?,pending
00952,পূজার ছুটি কবে শুরু হচ্ছে?,pending
00953,অপ্রিয় রাস্তা দেখো!,pending
00954,কী ক্লান্ত মন্দির!,pending
00955,মাথার নীচ দিয়ে গাঢ় লাল রক্ত ছড়িয়ে পড়েছে।,pending
00956,সূর্য বুটের শব্দ তুলে ঢুকে আসে।,pending
00957,"শুনুন, স্কুল সম্পর্কে বলি।",pending
00958,"শুনুন, দুঃখ সম্পর্কে বলি।",pending
00959,নিশ্চই গ্যাস ফর্ম করে গেছে।,pending
00960,ঢং ঢং করে বারকয়েক একটা শব্দ কানে এল মিহিরের।,pending
00961,দুঃস্বপ্নের মতো সন্ধের অন্ধকার নেমেছে আজ।,pending
00962,এর মধ্যে অজস্র ক্রিস্টালের জিনিস।,pending
00963,যার মধ্যে একটা ঋতম ঘোষের অন্নপূর্ণার সংসার।,pending
00964,ছাদের ওপর চাটাই বিছিরে রেখেছে মরা জ্যোৎস্না।,pending
00965,সকাল আটটা বাজতে এখনও ঘণ্টাদুই দেরি।,pending
00966,চোখের মণিদুটো ব্রেইনভিটার কালো চকচকে গুলির মতো।,pending
00967,তাকে সকালেই জিজ্ঞাসাবাদ করে ছেড়ে দিয়েছি।,pending
00968,আলোর ঝটকায় ভ্রূ কুঁচকে চোখ বুজল মিহির।,pending
00969,টাকাটা গিন্নির হাতে না দিয়ে পাশের টেবিলেই রাখল।,pending
00970,কথাটা সোজাসুজি এবার কৃষ্ণপদর ব্রেনে গিয়ে ঘা দিল।,pending
00971,দু-চোখ ভরা বিস্ময় নিয়ে সায়নের দিকে তাকাল।,pending
00972,তীব্র হাওয়ার ঝাপটা এসে লাগছে মুখে।,pending
00973,তন্নতন্ন করে খুঁজেও মিহিরকে কোথাও পাওয়া যায়নি।,pending
00974,এটা একটা অসম্ভব আজগুবি গল্প বলছেন কৃষ্ণপদবাবু।,pending
00975,প্লিজ স্যার বলে কান্নাকাটি জুড়ে দেয় তেঁতুল।,pending
00976,পকেটে ফোনটা ভাইব্রেট করে উঠল তন্ময়ের।,pending
00977,তন্ময়ের ফোনটা আবার ভাইব্রেট করে ওঠে।,pending
00978,এর পেছনে অন্য কোনো কারণ নিশ্চয়ই আছে।,pending
00979,মাথার মধ্যে অজস্র ঘূর্ণির পাক লেগেছে।,pending
00980,ধানুয়া ভ্রূ কুঁচকে উঠে দাঁড়াল।,pending
00981,নীচে ক্রিস্টালের ছোট্ট গোল চাকতি।,pending
00982,আবার সেই সূত্র ধরেই বালিগঞ্জ।,pending
00983,দুজনের বয়সই পঞ্চাশের কাছাকাছি।,pending
00984,আবদুল মুখ থুবড়ে ইঞ্জিনের ওপর পড়ে আছে।,pending
00985,শরীরটা ঝুঁকে পড়েছে ইঞ্জিনের ভেতর।,pending
00986,এতে আমি অনেকটা নিশ্চিন্ত থাকব।,pending
00987,এই তো খেয়েদেয়ে আবার আগের ফর্মে ফিরেছেন ম্যাডাম।,pending
00988,প্রায় ঘণ্টা দুয়েক হয়ে গেল।,pending
00989,জোর গলায় লাঞ্চ ঘোষণা করলেন পরিচালক।,pending
00990,সিসিটিভির ফুটেজ ওই সময়টুকু রেকর্ড করতে ব্যর্থ হল।,pending
00991,ঢোলা প্যান্ট আর গায়ে স্যান্ডো গেঞ্জি।,pending
00992,সকাল এগারোটা পঞ্চাশের ফ্লাইট মিস করল।,pending
00993,বুক দিয়ে ঠান্ডা স্রোত নেমে গেল।,pending
00994,থেকে থেকেই চোখের কোল ভরে উপচে পড়ছে অশ্রু।,pending
00995,পরীক্ষার্থী আর তন্ময় শিক্ষক।,pending
00996,জ্যোৎস্নার আলোয় ভেসে যাচ্ছে চরাচর।,pending
00997,হাল ছেড়ে স্রোতের বুকে গা ভাসিয়েছে।,pending
00998,ঠিক তখনই আমার মনে পড়ে মিহিরের কুষ্ঠির কথা।,pending
00999,আমরা সম্পূর্ণ অর্থ ফেরত দেব।,pending
01000,আমায় পড়ে তাহার মনে/ বসন্তের এই মাতাল সমীরণে।,pending
01001,ঠিক তখনই একটা ঝাঁঝালো গন্ধ ছড়িয়ে পড়ল বাতাসে।,pending
01002,সেই শব্দ পাচ্ছে না মেয়েটা।,pending
01003,পরিচালকের সঙ্গে একচোট হয়ে গেল দুপুরের দিকে।,pending
01004,কথা কাটাকাটি প্রায় বিকেল অবধি গড়িয়েছে।,pending
01005,শুটিং বন্ধ রইল ততক্ষণ।,pending
01006,আর্তনাদের পরেই ধপ করে একটা শব্দ।,pending
01007,তিলোত্তমার ঘটনাটার পর প্রায় দেড় বছর কেটে গেছে।,pending
01008,প্রায় মাস ছয়েক পর একজন আয়া পাওয়া গিয়েছিল।,pending
01009,কোথা থেকে একটা গোঁ-গোঁ শব্দ একটানা হয়ে চলেছে।,pending
01010,এমন শব্দ শুনলে আজও ভয় লাগে মৃন্ময়ীর।,pending
01011,তারপর চ্যানেলের মধ্যস্থতায় শুটিং শুরু হয়।,pending
01012,ছাদে গিয়ে অভিনেত্রীকে ঠেলে ফেলে দেন।,pending
01013,এইভাবে নিজের দায়িত্ব এড়িয়ে যেয়ো না সংগ্রাম।,pending
01014,সিইও-র সঙ্গে মিটিং সেরে ডিসিশান নিতে পারব।,pending
01015,শালা কী কুক্ষণে যে এই শুটের দায়িত্ব নিতে গেলাম।,pending
01016,মাঝপথে ক্যানসেল হয়ে যাচ্ছিল সেটাই ভালো ছিল।,pending
01017,প্রায় ছয় ফুটের কাছাকাছি লম্বা।,pending
01018,দিকে যাচ্ছি … অমিতাভর পা-টা একটু টলছে।,pending
01019,টর্চের আলো মুখে পড়তেই আগন্তুক মুখে হাত চাপা দিল।,pending
01020,লম্বা গরাদগুলোকে অবলম্বন করে জড়িয়ে রইল তারা।,pending
01021,সঙ্গে শুভদৃষ্টি সেরে নিল।,pending
01022,সায়নকে দেখেই আপাদমস্তক মেপে নিলেন কৃষ্ণপদ।,pending
01023,টিকালো নাকের নীচে সুন্দর একটা গোঁফ।,pending
01024,কম বয়সে উচ্চ পদাধিকারী হলে এই অবস্থাই হয়।,pending
01025,ভানু প্রথমে কিছু বলতে চায়নি।,pending
01026,লক-আপ শব্দটা মৃন্ময়ীকে ভীষণভাবে আঘাত করে।,pending
01027,এই ঘটনা ঘটার সময় সে ঘরে ঘুমোচ্ছিল।,pending
01028,তবে তার আগে মিহিরের সঙ্গে একবার দেখা করাটা জরুরি।,pending
01029,এক পা-দু-পা করে এগোচ্ছে সায়ন আর মৃন্ময়ী।,pending
01030,এই সিরিয়ালে আত্রেয়ী সেনই বেস্ট অপশন।,pending
01031,আত্রেয়ীকে নিয়েই মৃন্ময়ীর পেছনেও লেগেছিল এক চোট।,pending
01032,গৃহিণীদের মতো হয়ে যাচ্ছ মৃন্ময়ী।,pending
01033,মনে তো হচ্ছে গায়ে কালো রঙেরই পোশাক।,pending
01034,এত বাগবিতণ্ডা সায়নের ভালো লাগছিল না।,pending
01035,মাথার পাশের রগদুটো শক্ত হয়ে উঠল।,pending
01036,বউদি আর নন্দাইয়ের মাঝে পড়ে কৃষ্ণপদ ভড়কে ভ।,pending
01037,এখনও রক্তের দাগ শুকিয়ে জমে আছে মাটিতে।,pending
01038,এক্ষুনি তো ওপর থেকে আমাদের দেখছিলেন।,pending
01039,কিন্তু এখানে মাঝেমধ্যেই টাওয়ার থাকে না।,pending
01040,ছাদের ধারে পাঁচিল থাকলেও সেটা যথেষ্ট নীচু।,pending
01041,বিপুল আঙুল তুলে উলটোদিকের দোতলার বারান্দাটা দেখাল।,pending
01042,সায়ন স্বচক্ষে জায়গাটা দেখে মনে মনে বেশ হতাশই হল।,pending
01043,ঢুকে পড়ল বারান্দার একদম কোণের ঘরটায়।,pending
01044,যাতে মৃন্ময়ীর জ্ঞান ফিরে আসে তাড়াতাড়ি।,pending
01045,ছেলেকে ছেড়ে এতক্ষণ কোথাও কোনোদিন যায়নি সে।,pending
01046,মনও যেন অলৌকিক শব্দটা উচ্চারণ করতে ভয় পেল।,pending
01047,যে উনি মিহিরের জীবনটাই শেষ এমন ইঙ্গিতই করলেন।,pending
01048,পরক্ষণেই সায়নের মোবাইলটা আবার বেজে উঠল।,pending
01049,রসনায় ব্যাঘাত কৃষ্ণপদর একদম সহ্য হয় না।,pending
01050,এই কেষ্টপুরে এক কামরার একটা ঘর ভাড়া নিয়ে থাকে।,pending
01051,ঠিক সেই মুহূর্তে আবার বেজে উঠল কলিং বেল।,pending
01052,দূরে একটা পাগল অনেকক্ষণ থেকেই বসে।,pending
01053,কৃষ্ণপদ দৌড়ে এসে ফোনটা কানে ধরেই বলে ওঠে হ্যালো।,pending
01054,প্রোমোশুটের শুরু থেকেই এই রঙের পোশাক দেখছে সে।,pending
01055,বলামাত্রই একটা হাত ভানুর গলা টিপে ধরে।,pending
01056,নামটা শোনার সঙ্গে সঙ্গে মৃন্ময়ী সোজা হয়ে বসে।,pending
01057,কিন্তু তার আগেই মোবাইলটা আবার বেজে ওঠে।,pending
01058,প্রথমে সে তাকে স্যার বলে সম্বোধন করে।,pending
01059,এই মুহূর্তে মাথার ভেতরটা মহাশূন্যের মতো খালি।,pending
01060,এইভাবে কেউ গলা টিপে মানুষ মারে এই প্রথম দেখলাম।,pending
01061,ওপর থেকে তো আর কিছু বোঝা যাচ্ছে না।,pending
01062,কিন্তু পেঁয়াজটা দিতে ভুলে গেসলাম।,pending
01063,ভানুদার পেঁয়াজ নিয়ে প্রায় দৌড়ে দৌড়ে আসছিলাম।,pending
01064,তেঁতুল হন্তদন্ত হয়ে ফুটপাথ ধরে এগিয়ে আসছে।,pending
01065,এখনি ওকে ফোন কর আর বলো যে একটা ছবি পাঠাচ্ছি।,pending
01066,খুনটাও তো কোনো সাধারণ মানুষের বলে মনে হচ্ছে না।,pending
01067,আর-একটু হলেই ধড় থেকে মুণ্ডুটা ছিঁড়ে যেত ভানুর।,pending
01068,কোনো ধস্তাধস্তির প্রমাণ ঘরে নেই।,pending
01069,প্রথম দেখেই সায়নের বুকটা কেঁপে ওঠে।,pending
01070,চোখটা বন্ধ করে মাথাটা একবার ঝাঁকিয়ে নেয় সায়ন।,pending
01071,তার আগে কৃষ্ণপদকে ফোন করে সবটা জানানো প্রয়োজন।,pending
01072,ডানহাতে লেগে থাকা রক্তটা শুকিয়ে চেপে বসে গেছে।,pending
01073,কিন্তু সেখানে গেটে রাতের প্রহরী।,pending
01074,রাস্তার ওপারে একটা মানুষকে চেনার মতো আলো জ্বলছে।,pending
01075,কৌন হ্যায় বলে চুপ করে বসে পড়ল নিজের জায়গায়।,pending
01076,সঙ্গে সঙ্গে সাদা বাড়িটার আলোগুলো সব নিভে গেল।,pending
01077,তরতর করে ওঠার জন্য পাইপটা খুব ভালো রাস্তা।,pending
01078,সেটা গায়ের একটু জোর দিতেই ঘসঘস শব্দে খুলে গেল।,pending
01079,তবু মিহিরের চোখে সব স্পষ্ট।,pending
01080,এখনও তার বুকের খাঁচায় প্রাণপাখিটা ধুকপুক করছে।,pending
01081,তাই শরীরের তোয়ালেটা দেখা যাচ্ছে না ছবিটাতে।,pending
01082,লাইনটা সোজা হতে গিয়েও বেঁকে যাচ্ছে।,pending
01083,নিতান্ত সাধারণ নিপাট ভদ্রলোক।,pending
01084,বাকি কথা শেষ করার জন্য তন্ময় প্রায় হাঁ করেই রইল।,pending
01085,দেখুন ওঁর সঙ্গে কনট্যাক্ট করতে পারেন কিনা।,pending
01086,তবে ডিপোজিটটা কিন্তু কাল সকালেই করে দেবেন প্লিজ।,pending
01087,অত্যন্ত নম্রস্বরে কথাগুলো বলে চলে গেল বিদিশা।,pending
01088,ক্ষয়ে যাওয়া দাঁতগুলো ছাড়িয়ে হাসছে সে।,pending
01089,চ্যানেল থেকেও আত্রেয়ীকে সাপোর্ট করা হয়।,pending
01090,রক্তবর্ণ চোখদুটোতে খুশির জোয়ার।,pending
01091,দাঁতে দাঁত লেগে কটমট শব্দ হচ্ছে।,pending
01092,আত্রেয়ীর কেস বোলপুর থানার আন্ডারে।,pending
01093,সায়নের কথা শেষ হতেই ফোনের কথাটা জিজ্ঞেস করল।,pending
01094,ছেলেটাকে হালকা ঠেলা দিতেই মাটিতে পড়ে যাচ্ছিল।,pending
01095,কিন্তু মৃন্ময়ীর সেদিকে খেয়াল নেই।,pending
01096,কারণ তোমরা কেউ সেই লোকটাকে দেখতে পাচ্ছ না।,pending
01097,যে অন্ধকারে মুখ ঢেকে আমাদের সব কথা শুনছিল।,pending
01098,সায়ন চোখটা বন্ধ করে একটা দীর্ঘশ্বাস ছাড়ল।,pending
01099,প্রথম-প্রথম খালি কিছু হয়নি বলে এড়িয়ে যেত।,pending
01100,আমি না খানিকক্ষণ অবাক হয়ে চুপ করে রইলাম।,pending
01101,তোমার দাদাভাই-ই বলেছিল লোকটা নাকি খুব ওস্তাদ।,pending
01102,তবু শত চেষ্টাতেও ফেলে দেওয়া সম্ভব নয়।,pending
01103,তাই প্রথম চোটে জবাব দিতে খানিক খাবি খেয়ে উঠল।,pending
01104,আজ একদমই দোকানে আসতে ইচ্ছে করছিল না তেঁতুলের।,pending
01105,মনে হচ্ছিল ঘরের এক কোণে ঘাপটি মেরে পড়ে থাকুক।,pending
01106,এগোচ্ছে আর এপাশ-ওপাশ ভালো করে দেখে নিচ্ছে।,pending
01107,তেঁতুল রাস্তায় নেমে ডাল পেরিয়ে এগোতে থাকে।,pending
01108,কোথা থেকে চিড়চিড় করে একটা শব্দ কানে এল তার।,pending
01109,দুপুরের ফাঁকা রাস্তায় ঝনঝন করে বেজে উঠল বাসনগুলো।,pending
01110,অনবরত চিড়চিড় করে একটা শব্দ হতেই থাকল।,pending
01111,অন্ধকার থেকেই ঠ্যালা মারছে গায়ের জোরে।,pending
01112,অন্তরাত্মার শক্তিও হার মানছে বাইরের শক্তির কাছে।,pending
01113,একমাত্র সাক্ষী ছিল এই ছেলেটি।,pending
01114,এদিক্কার অবস্থাও জানিয়ে… কথাটা শেষ হয় না।,pending
01115,সরি একটু অন্যমনস্ক হয়ে গিয়েছিলাম।,pending
01116,ছাদের ওপর মুনাইয়ের সঙ্গে তার ভাইপো সোনাই খেলছে।,pending
01117,তাহলে তোমার নন্দাই ফিরুক তারপর না হয় যাবে।,pending
01118,বাড়ির দিকে এগোচ্ছিল তন্ময়।,pending
01119,চোখ টেনে সারা ঘরে একবার দৃষ্টি চালিয়ে দিল।,pending
01120,ধীরে ধীরে ভেতরের জিনিসপত্র দৃশ্যমান হয়ে উঠছে।,pending
01121,তার মধ্যে থেকে সবে একটা তুলেছে হঠাৎ একটা শব্দ।,pending
01122,সুদৃশ্য ঝাড়টা আগের মতোই স্থির হয়ে ঝুলে আছে।,pending
01123,বিশাল বড়ো একটা উপকার করেছিল বন্দনা।,pending
01124,মাত্র দুটোদিন বাড়িছাড়া ছিল মৃন্ময়ী।,pending
01125,মনে হচ্ছে যেন কত্তদিন পর সে নিজের ঘরে ঢুকল।,pending
01126,কথাটা মনে মনে আওড়াতেই নিজের প্রতি লজ্জা হল।,pending
01127,তন্ময়ের চোখদুটো পাথরের মতো স্থির হয়ে আছে।,pending
01128,মুখের সামনেই আত্রেয়ীর সেই বিশাল ছবিটা।,pending
01129,যার প্রতিটা পরতে পরতে কামনার আগুন ঝরে পড়ছে।,pending
01130,ধানুয়াকে একবার জিজ্ঞেস করতেই হবে।,pending
01131,তব সে মকান বন্ধ পড়া হ্যায়।,pending
01132,কেবল মনে হচ্ছে এই বাড়িতে তন্ময় একা নয়।,pending
01133,শূন্য বাড়িতে শব্দটা রীতিমতো হাড়-কাঁপানো।,pending
01134,আবছা অন্ধকারে কাউকেই খুঁজে পেল না তন্ময়।,pending
01135,খুব সন্তর্পণে পা ফেলে ফাঁকা ঘরটায় ঢুকল।,pending
01136,আলোটা ঝট করে জ্বলেই চিড়িক শব্দ করে নিভে গেল।,pending
01137,বারান্দার রেলিং ধরে দাঁড়িয়ে নীচে তাকাল।,pending
01138,শব্দটা তন্ময়ের মুখফুটে বেরিয়ে এল।,pending
01139,তবে বেতের ঝুলন্ত চেয়ারটা দুলছে আপনা থেকেই।,pending
01140,খোলা আলমারির পাল্লাতে চাবিটা লাগানোই ছিল।,pending
01141,তারপর অন্ধকার খোপটার মধ্যে হাত চালিয়ে দিল তন্ময়।,pending
01142,চিৎকার করে তন্ময় ছিটকে গেল আত্রেয়ীর ঘরের মধ্যে।,pending
01143,নিজেকে কয়েকবার মাটি থেকে তোলার চেষ্টা করল তন্ময়।,pending
01144,সঙ্গে সঙ্গে বুকের ওপর যেন কোনো হিমশৈল ভেঙে পড়ল।,pending
01145,মন বলে এখানে আর-এক মুহূর্তও নয়।,pending
01146,মৃত্যুদূতের শরীরটা হাসির তরঙ্গে কাঁপছে।,pending
01147,বেশিক্ষণ অপেক্ষা করতে হল না তন্ময়কে।,pending
01148,সিঁড়িতে পড়ামাত্রই তন্ময় গড়িয়ে গেল নীচের দিকে।,pending
01149,মাথা আর কপাল ফেটে রক্তে ভেসে গেল দুটো চোখের পাতা।,pending
01150,সেটা শোনামাত্রই আরও খেপে ওঠে মিহির।,pending
01151,মিহিরের গায়ে এখন আসুরিক শক্তি।,pending
01152,তাড়াতাড়ি সিঁড়ি দিয়ে নেমে যাচ্ছিল সবাই।,pending
01153,শব্দটা ঠিক কীসের হল বুঝতে পারল না মৃন্ময়ী।,pending
01154,চিন্তায় ভাবনায় এমনিতেই ঘুমটা পাতলা হয়ে গেছে।,pending
01155,বুকের মধ্যে রক্ত ঠান্ডা হয়ে আসছে।,pending
01156,দরজাটা প্রথমে খানিকটা খুলে মুখ বাড়াল।,pending
01157,কিন্তু পেছনের দিকে জানলাটায় চোখ পড়তেই চমকে উঠল।,pending
01158,ওটা এমনিতেই পুরো বন্ধ হয় না।,pending
01159,ওদিকে নড়ে ওঠার মতো কোনো বস্তু নেই।,pending
01160,আবার ঘুমন্ত ছেলেকে তুলে নিয়েও যাওয়াটা সম্ভব নয়।,pending
01161,মৃন্ময়ীর ভাবনার মধ্যেই আরও একবার শব্দটা হল।,pending
01162,অদ্ভুতভাবেই চারটে চেয়ার সম্পূর্ণ এলোমেলো।,pending
01163,নীলাম্বরবাবুর ফোনটাই যে বন্ধ।,pending
01164,সোনাইয়ের কান্না কানে পৌঁছোতেই কেঁপে উঠল মৃন্ময়ী।,pending
01165,মশারির মধ্যে বসেই ছেলেটা পরিত্রাহী কেঁদে চলেছে।,pending
01166,চোখের জায়গায় তৈরি হয় ভয়ংকর কালো দুটো গর্ত।,pending
01167,তারপর আমরা যখন বুধুয়ার সঙ্গে কথা বলছি… ধানুয়া।,pending
01168,আত্রেয়ীর বাড়ির চাবিও আমাদের কাছে ছিল।,pending
01169,বোঝাই গেল চুরি করে কেটে পড়ার ধান্দায় ছিল।,pending
01170,এদিকে হিসেব মতো সেই সময়েই বৃষভানুর খুন হচ্ছে।,pending
01171,সায়নের যুক্তিগুলো অবনীশকে বেশ ভাবিয়ে তুলল।,pending
01172,অথচ আমরা সেটাই স্বচক্ষে দেখেছি।,pending
01173,মিহির আর তন্ময়ের সাক্ষ্য আমাদের ভীষণ জরুরি।,pending
01174,আরও একটা দরজা খুলে বারান্দায় পৌঁছোল।,pending
01175,তারপর বাইরে থেকে দরজা বন্ধ করে ঘরে ফিরে এল।,pending
01176,মৃন্ময়ীর মনে হচ্ছিল ধরণী দ্বিধা হয়ে যাক।,pending
01177,নীলাম্বরবাবু কোথায় গেছেন খুঁজে বের করো।,pending
01178,কথাটা শেষ হতেই ফোনটা আবার ভাইব্রেট করে উঠল।,pending
01179,দেখুন কেসটা কিন্তু সলভ হয়নি ম্যাডাম।,pending
01180,অবাক হচ্ছি আপনাদের রেসপন্সিবিলিটি দেখে।,pending
01181,একটু তাচ্ছিল্যের হাসি ফুটে ওঠে সায়নের ঠোঁটে।,pending
01182,কারণ আপনাদের কোনো দায়িত্বজ্ঞানই নেই।,pending
01183,আমার যা বলার স্পষ্টভাবে বলেছি।,pending
01184,নার্সিংহোমে দাঁড়িয়ে এত কথা বলা যায় না।,pending
01185,মৃন্ময়ী একটা পাথর মূর্তির মতো চুপ করে বসে আছে।,pending
01186,দাদাভাইয়ের চাকরি এই মুহূর্তে কেউ খেতে পারবে না।,pending
01187,ঘরে বাকি জায়গাগুলো সূর্য দেখতে থাকে।,pending
01188,কাপড়মোড়া অবস্থায় খাটের নীচে থাকত না।,pending
01189,কোথাও তো চাবির একটা রিঙের সন্ধানও মেলেনি।,pending
01190,বলেই সূর্যের দিকে তাকিয়ে মুচকি হাসল।,pending
01191,সূর্য ঠিক শোকেসটার পাশেই দাঁড়িয়ে ছিল।,pending
01192,কারণ উলটোদিকটা ক্যামেরার বড়ির সঙ্গে লাগানো হয়।,pending
01193,বলেই প্যান্টিটা সূর্যের হাতে ধরিয়ে দেয়।,pending
01194,একদম নীচের তাকে একটা ছিদ্র চোখে পড়ে।,pending
01195,তার মানে এই আলমারির গোপন সিন্দুক ওটাই।,pending
01196,টাকাগুলো নেড়েচেড়ে যথাস্থানে রেখে দেয়।,pending
01197,ফাইলগুলো খুঁটিয়ে দেখতে থাকে সায়ন আর সূর্য।,pending
01198,একটা কাগজ সূর্যের দিকে বাড়িয়ে দেয় সায়ন।,pending
01199,প্রথমে তো তোমার কাকু ভাবল চোর-টোর এল নাকি।,pending
01200,কিন্তু আজ বুকের ভেতরটা কেমন যেন খাঁ খাঁ করে উঠল।,pending
01201,এই তো বললে বন্দনাকে নিয়েই ম্যাডাম ঘুরত।,pending
01202,আবার এই বলছ বন্দনা একা ম্যাডামকে পাস যাতে থে।,pending
01203,পেঁচিয়ে ধরার মতো করে সূর্য কথাটা বলে উঠল।,pending
01204,তার মধ্যে যদি বন্দনা থাকে তাহলে তো সোনায় সোহাগা।,pending
01205,খানিকক্ষণের জন্য চুপ করে গেল সায়ন।,pending
01206,বন্দনা ম্যাডাম কখনও না কখনও ঘরে বসে ফোন তো করবেই।,pending
01207,সূর্য বেশ ভালোই বুঝল সায়ন কী বলতে চাইছে।,pending
01208,গুঁড়ো কাচের সঙ্গে বড়ো বড়ো কাচের টুকরোও রয়েছে।,pending
01209,একভাবে মৃন্ময়ীর সব কাজ লক্ষ করছে সে।,pending
01210,টেডিটা বুকে ধরে ছেলেটা কেমন যেন নিস্তেজ হয়ে গেছে।,pending
01211,সন্ধের অন্ধকারে নিজেকে আড়াল করাটা বেশ সহজ।,pending
01212,কালিকাপুরের কাছে ছোট্ট জায়গা সাপুইপাড়া।,pending
01213,সায়ন আর সূর্য সোফা ছেড়ে উঠে দাঁড়াল।,pending
01214,সায়ন আড়চোখে বন্দনার হাতের দিকে তাকায়।,pending
01215,তাহলে বলি শুনুন বন্দনা একটু সোজা হয়ে বসল।,pending
01216,বন্দনার চমকে যাওয়া মুখটা দেখে সায়ন মনে মনে হাসল।,pending
01217,অনেকক্ষণের জল পিপাসা এতক্ষণ যেন উবে গিয়েছিল।,pending
01218,সারাদিন গরম থাকলেও এখন বেশ ফুরফুরে হাওয়া দিচ্ছে।,pending
01219,তাই আর স্পিডোমিটারের ধার ধারছে না কেউ।,pending
01220,তাই একটু অন্ধকার দেখে সরে দাঁড়িয়েছে।,pending
01221,কপালে বিন্দু বিন্দু ঘাম জমেছে সায়নের।,pending
01222,মুহূর্তে জ্বালিয়ে-পুড়িয়ে খাক করে দিল সব।,pending
01223,সায়নের জীবনে এমন লাশ প্রথমবার দেখছে সে।,pending
01224,একটুর জন্য প্রাণ রক্ষা হল তার।,pending
01225,কমিশনার আর সায়ন মল্লিকের মাঝে এক টেবিলের দূরত্ব।,pending
01226,শুধু তার দুটো সাদা ধবধবে রক্তশূন্য চোখ দেখেছি আমি।,pending
01227,বাট সেটা লেন্স কিনা এখনও প্রমাণিত নয় সায়ন।,pending
01228,সেটা গাড়ি রাস্তার যে ফুটে দাঁড়িয়েছিল সেই ফুটেই।,pending
01229,পাশ দিয়ে হাই স্পিডে দুটো গাড়ি বেরিয়ে গেল।,pending
01230,কমিশনারসহ সকলের ভ্রূতেই ভাঁজ পড়ল।,pending
01231,দু-মিনিটের মধ্যে রাস্তার আলোটা কমবেশি হতে লাগল।,pending
01232,ফুটেজে দেখা যায় কিছুক্ষণ পর সায়ন এসে দাঁড়ায়।,pending
01233,গাড়িটা সাঁ করে অন্ধকারের দিকে ছুটে চলে গেল।,pending
01234,সায়নের কথায় বেশ চিন্তায় পড়েন কমিশনার।,pending
01235,সায়ন থানায় ঢুকতেই সামনে এসে দাঁড়ায় সূর্য।,pending
01236,বন্দনার উলটোদিকের চেয়ারে বসে পড়ল সায়ন।,pending
01237,বসতে বসতে আড়চোখে একবার মেপে নিল বন্দনার মুখ।,pending
01238,সংশয়ের মেঘে কালো হয়ে আছে বন্দনা।,pending
01239,থার্ড ডিগ্রি-ফিগ্রি তো কবেই দেশ থেকে উঠে যেত।,pending
01240,সায়নের দিকে তাকিয়েও চোখদুটো নামিয়ে নেয় বন্দনা।,pending
01241,আমি এখুনি লোক পাঠিয়ে দিচ্ছি।,pending
01242,প্লিজ আপনারা এই দেবী-দেবী বলাটা বন্ধ করুন তো।,pending
01243,আমি বরং তমালকে পাঠিয়ে দিচ্ছি হাইরাইজ সিটিতে।,pending
01244,কোলের ওপর বন্দনার হাত কচলানোটা একটু বেড়ে গেল।,pending
01245,বন্দনা উত্তর দেওয়াটা সবে শুরু করেছিল।,pending
01246,সঙ্গে তার শরীরটাও দুলছে সামনে-পেছনে।,pending
01247,সঙ্গে সঙ্গে সোনাই খপ করে মায়ের হাতদুটো ধরে ফেলে।,pending
01248,কিছু ফোড়ন ডালে দিয়ে খন্তি দিয়ে নাড়ছে মুনাই।,pending
01249,ভেতর থেকে ঝুপঝাপ আর মৃন্ময়ীর চিৎকার শুনতে পাচ্ছে।,pending
01250,ফুটন্ত জলে দাঁড়াতে পারছে না মুনাই।,pending
01251,বন্ধ বাথরুমে ধোঁয়া ভরতি হয়ে গেছে।,pending
01252,কিন্তু বেরোবার চেষ্টা তাকে করতে হল না।,pending
01253,আমার কথা শুনে মা খুব চিন্তায় পড়ে যেত।,pending
01254,কড়া সুরেই কথাটা বলল আত্রেয়ী।,pending
01255,ধমকের চোটে হাতটা সরিয়ে নিল বন্দনা।,pending
01256,এবার লোকটা ভেতরে ঢুকে আত্রেয়ীর কাছে এসে দাঁড়াল।,pending
01257,বন্দনা তক্ষুনি মাথা নামিয়ে নিল।,pending
01258,তেড়েমেরে কথাগুলো বলে উঠল আত্রেয়ী।,pending
01259,উত্তরের আশায় দুজনেই বন্দনার দিকে তাকাল।,pending
01260,তড়াক করে মেরুদণ্ড সোজা করে বসল সায়ন।,pending
01261,ওদের রিলেশনটা বেশ খারাপের দিকেই ছিল বলে মনে হচ্ছে।,pending
01262,হ্যালাচ্ছেদ্দা সহ্য করতে পারবে না।,pending
01263,তারপর অনিচ্ছাসত্ত্বেও ম্যাডাম আমাকে কাজে রাখেন।,pending
01264,মনের গহিনে কিছু বুদবুদ শব্দ করে ওঠে সায়নের।,pending
01265,দূরে দাঁড়িয়ে বন্দনার হাতটা থেমে গেল।,pending
01266,এই বাড়ির প্রতিটা ইটে আমার ঘামের দাগ আছে।,pending
01267,চমকে ওঠা বিদ্যুতের মতো তাকাল আত্রেয়ী।,pending
01268,এবার আর সেটা সম্ভব নয় দেখে রান্নাঘরে চলে গেল।,pending
01269,টেবিল চাপড়ে এক ঝটকায় দাঁড়িয়ে পড়ে আত্রেয়ী।,pending
01270,কথাটা বলেই বাড়ি থেকে বেরিয়ে যায় শান্তনু।,pending
01271,সোনাই বিছানায় শুয়ে আছে লক্ষ্মীছেলের মতো।,pending
01272,ইতোমধ্যে ডাক্তার এসে ওষুধ দিয়ে গেছেন।,pending
01273,নীলাম্বর একভাবে সোনাইয়ের চোখের দিকে তাকিয়েছিলেন।,pending
01274,আমি কখনোই চাই না এইসময় কেউ আমায় বিরক্ত করুক।,pending
01275,বাড়িতে মালপত্র রেখেই ওই জন্য চলে এলাম।,pending
01276,কথাটা শেষ করে নীলাম্বর আবার সোনাইয়ের দিকে তাকাল।,pending
01277,মুনাই আতঙ্কিত চোখে মৃন্ময়ীর দিকে তাকায়।,pending
01278,তিলোত্তমার পর ও আবারও অপশক্তির দ্বারা বিপদে পড়বে।,pending
01279,গন্ধ শোঁকার মতো নাক টেনে সিঁড়ির দিকে দৌড়ে যান।,pending
01280,সোনাইয়ের চিৎকার তাঁর কানেও পৌঁছোচ্ছে।,pending
01281,নীলাম্বর ঘরে এসে টেডিটা সোনাইয়ের সামনে ধরেন।,pending
01282,সোনাইয়ের চোখদুটো রক্তজবার মতো লাল।,pending
01283,নীলাম্বর নীচু হয়ে টেডিটাকে মাটি থেকে তুলছিল।,pending
01284,মাটি থেকে টেডিটা তুলে বাইরে নিয়ে যায় নীলাম্বর।,pending
01285,জ্ঞান ফিরতেই পায়ের ব্যথায় কঁকিয়ে ওঠে।,pending
01286,মানে অস্বাভাবিক কিছু যা ওর সঙ্গে ঘটেছে।,pending
01287,সেরকম কোনো অসুখ আছে কিনা সেটাও জিজ্ঞেস করেছিল।,pending
01288,বন্দনার মুখটা আবার নতুন করে শুকিয়ে গেল।,pending
01289,বন্দনা বললেও খুব একটা অপমানিত হব না আমি।,pending
01290,হো হো করে সবাই উল্লাসধ্বনি দিয়ে উঠল।,pending
01291,আত্রেয়ী তন্ময়ের দিকে আড়চোখে চেয়ে হাসল।,pending
01292,বন্দনা কোনের দিকের একটা টেবিলে বসে মোবাইল ঘাঁটছিল।,pending
01293,মুখে সৌজন্যমূলক হাসি টেনে ঘাড় নাড়ে বন্দনা।,pending
01294,গালদুটো বেলুনের মতো অল্প ফুলে উঠেই চুপসে যায়।,pending
01295,আত্রেয়ী তো অর্ধেক সময়েই মনমরা হয়ে থাকছে।,pending
01296,যদিও বন্দনা মনে মনে এটার জন্যে তৈরিই ছিল।,pending
01297,মেয়েটিকে বাড়িতে এনে একসঙ্গে কাল রাত কাটিয়েছে।,pending
01298,বন্দনা বুঝতে পারে আজ একটা সর্বনাশ হয়ে যাবে।,pending
01299,শক্ত হাতটা ম্যাডামের গলা টিপে ধরেছে গায়ের জোরে।,pending
01300,দৌড়ে ভেতরে এসে গায়ের জোরে ধাক্কা মারে শান্তনুকে।,pending
01301,সেই ফাঁকে বন্দনা ম্যাডামকে তুলে ধরে।,pending
01302,রাগের বিস্ফোরণে তড়াক করে উঠে দাঁড়ায় শান্তনু।,pending
01303,সবদিক থেকে ম্যাডামকে রক্ষা করা আমার কর্তব্য।,pending
01304,মুখচোরা বন্দনাকে কে যেন ভেতর থেকে ঠেলে দিল।,pending
01305,বিছানার ওপর থেকে মোবাইলটা হাতে তুলে নেয় আত্রেয়ী।,pending
01306,সে তো নিজেই দেখেছে শান্তনুর ব্যবহার।,pending
01307,সে তন্ময়ের দেওয়া গলার দামি হারটা খুলতে ব্যস্ত।,pending
01308,ওটার মধ্যে সুন্দর করে সাজিয়ে রাখো।,pending
01309,বুকের ভেতরে অনেকটা ভয়ও কাজ করছে এবার বন্দনার।,pending
01310,শাট আপ ঢুলুঢুলু চোখে মুখ তুলে বলল আত্রেয়ী।,pending
01311,কিন্তু আপনার শরীরের কথা ভেবেই বলছি।,pending
01312,যেখানে তখন একচেটিয়া কাজ করছেন শান্তনু স্যার।,pending
01313,স্বল্পবসনা কাঁধ নাচিয়ে চোখ ঘুরিয়ে কিছু একটা করল।,pending
01314,আর উনি যে খেতে যাচ্ছেন সেটা আমিও দেখতে পাচ্ছি।,pending
01315,মাটিতে হিল ঠুকে তড়পে ওঠে মডেলসুন্দরী।,pending
01316,কাজটা না হওয়া অবধি অপেক্ষা করেই যাব।,pending
01317,আত্রেয়ী দু-চোখে মুগ্ধতা নিয়ে দেখল তাকে।,pending
01318,চোখ যখন খুলল তখন সন্ধে গড়িয়ে রাত।,pending
01319,ঠিকানা নিয়ে আত্রেয়ীও সেখানে ছোটে।,pending
01320,আত্রেয়ীকে দেখে মুচকি হাসল।,pending
01321,আমি জাস্ট আপনার সঙ্গে কথা বলেই চলে যাব।,pending
01322,আর শান্তনু দুজনকেই স্পর্শ করল।,pending
01323,কথাটা বলে হাত বাড়িয়ে দিল শান্তনু।,pending
01324,আত্রেয়ী একটু সজাগ হয়ে বসল।,pending
01325,শব্দটা যেন আত্রেয়ীকে টানছে।,pending
01326,দরজার বাইরে আত্রেয়ীর নিশ্বাস ঘন হয়ে এল।,pending
01327,সংসারে একটা পয়সাও দিতে পারে না আত্রেয়ী।,pending
01328,সে তো আর কারও প্রাণ নিচ্ছে না।,pending
01329,লম্বা শ্বাস নিল আত্রেয়ী।,pending
01330,হাত উলটে ঘড়ি দেখল আত্রেয়ী।,pending
01331,চোখ দরজার ওপর পড়তেই দেখল রোজি সেজেগুজে বেরোচ্ছে।,pending
01332,দুজনেই আত্রেয়ীকে দেখে হকচকিয়ে গেছে।,pending
01333,শান্তনু দরজাটা বন্ধ করে দিল।,pending
01334,কথাটা বলতে বলতে এগিয়ে যায় শান্তনুর দিকে।,pending
01335,দু-হাত দিয়ে খামচে ধরে শান্তনুর দুটো পেশিবহুল হাত।,pending
01336,আত্রেয়ীর গলাটা সাপের মতো হিসহিস করছে।,pending
01337,বিধবা হয়েও সর্বনাশা ভালোবাসা গ্রাস করেছে তাকে।,pending
01338,তাই তো ভর সন্ধেবেলা গান উঠেছে গলায়।,pending
01339,এই এত বড়ো অংশের টেকটা এক শটে দিল আত্রেয়ী।,pending
01340,দারুণ শট দেওয়ার জন্য সবাই প্রশংসা করছে।,pending
01341,আত্রেয়ী হালকা হেসে থ্যাংক ইউ বলে এগিয়ে আসছিল।,pending
01342,মেকআপ রুমে আত্রেয়ী ঢোকার পরেই তন্ময় আসবে।,pending
01343,গোপন আলাপে কী হয় বন্দনাকে সে-ই দেখিয়েছিল একদিন।,pending
01344,বন্দনা অবাক চোখে আবার ভিডিয়োটা চালায়।,pending
01345,মেকআপ রুমে আয়নার সামনে আত্রেয়ী বসেছিল।,pending
01346,বাড়ির নীচের বসার ঘরে বসেই ফোনে কথা বলছিল শান্তনু।,pending
01347,তন্ময় যদিও ঢুকেই হাত নেড়ে মিষ্টি করে হেসেছে।,pending
01348,কামড়ানোর সুযোগটা হাতছাড়া করল না আত্রেয়ী।,pending
01349,শান্তনুর পিঠটা চিড়বিড় করে উঠল।,pending
01350,তার ওপর গ্লাসের চোখটানা লম্বাটে মোলায়েম অবয়ব।,pending
01351,কখনও সেই শান্ত করার দৃশ্যটা ঘটত শান্তনুর সামনেই।,pending
01352,একবার হিমাচল প্রদেশ ট্যুরিজমে ফোন কর।,pending
01353,সঙ্গে ক্যামেরার ব্যাগটাও নিতে ভোলেননি।,pending
01354,মুখে তারও বোধহয় চিন্তার ছায়া।,pending
01355,কাঁপা কাঁপা হাতে নিজের মুখ ঢেকে নেয় বন্দনা।,pending
01356,এই ফাঁকে সূর্য আবার ইন্টারোগেশন রুমে ঢুকে আসে।,pending
01357,কলকাতাবাসী অনেকদিন এমন বৃষ্টি দেখেনি।,pending
01358,ওই বৃষ্টির মধ্যে ধানুয়ার নাম ধরে ডাকতে থাকে।,pending
01359,সে সেখানেই চুপটি করে বসে বৃষ্টি দেখছিল।,pending
01360,তিলেক দাঁড়ালেই একেবারে কাকভেজা হয়ে যাচ্ছে মানুষ।,pending
01361,তন্ময় তো এর আগেও বন্দনাকে দেখেছে।,pending
01362,বন্দনার কথায় একটু নড়ে উঠল তন্ময়।,pending
01363,চুড়িদারটা গায়ের চামড়ার সঙ্গে মিশে গেছে।,pending
01364,কাপড় ভেদ করে অন্তর্বাসের রেখা ফুটে উঠেছে।,pending
01365,তন্ময়ের কথার সুরটা বন্দনার কানে খট করে লাগল।,pending
01366,ভিজে কাপড়েই বেরিয়ে এল বন্দনা।,pending
01367,আরও তিনবার হাঁচতে হাঁচতে ঘরে ঢুকে দরজা বন্ধ করল।,pending
01368,প্রথমে ভিজে চুড়িদারটা শরীর থেকে খুলে ফেলে।,pending
01369,বন্দনার ঘরের এপাশে ধানুয়া ছাড়া কেউ আসে না।,pending
01370,এখন তো ঝমঝমে বৃষ্টিতে সব সাদা হয়ে আছে।,pending
01371,কামিজটা বুকে চেপে দু-পা পিছিয়ে গেল বন্দনা।,pending
01372,ওই যেমন নার্সিংহোমে দেখতে গিয়েছিলেন।,pending
01373,পরক্ষণেই নিজের গায়ের খাকি পোশাকটা যেন কামড়ে উঠল।,pending
01374,কোথায় পালাবে কিচ্ছু বুঝতে পারছে না।,pending
01375,কড়া গলায় আবার একই প্রশ্ন করল সোমদত্তা।,pending
01376,ফুলে-ফেঁপে ওঠা কান্নার দাপটে শরীরটা কাঁপতে থাকে।,pending
01377,সোমদত্তা বন্দনার দিকে জল এগিয়ে দেয়।,pending
01378,আর কত প্রশ্ন আছে আমায় একটু বলবেন প্লিজ।,pending
01379,বন্দনা খুব আলতো করে মাথা নেড়ে সম্মতি জানায়।,pending
01380,কতগুলো মেয়ে-বউ তাকে ধরে রাখার চেষ্টা করছে।,pending
01381,সামনেই আপাদমস্তক ঢেকে শোয়ানো আবদুলের শরীরটা।,pending
01382,আমাদের গাড়ি থাকতে… প্লিজ সূর্য।,pending
01383,সায়নের মুখের ওপর আজ অবধি সূর্য কোনো কথা বলেনি।,pending
01384,চোখটা খুলতেই ভ্ৰূটা কুঁচকে গেল নীলাম্বরের।,pending
01385,সময় নষ্ট না করে বালিশের তলা থেকে মোবাইল বের করেন।,pending
01386,আলোটা জ্বলতেই আঁতকে ওঠে নীলাম্বর।,pending
01387,কানের পাশ দিয়ে ঘামের রেখা নামছে নীলাম্বরের।,pending
01388,কিন্তু চেয়ার টেবিলের কোনো হদিশ পাওয়া গেল না।,pending
01389,হঠাৎ ঘষঘষে গলায় কেউ যেন গলা কাঁপিয়ে শব্দ করল।,pending
01390,এখানে তোর কোনও ইচ্ছে পূরণ হবে না।,pending
01391,এর পরমুহূর্তেই ভয়ানক গর্জন।,pending
01392,এখন সেগুলোই ধেয়ে আসছে নীলাম্বরের মাথার ওপর।,pending
01393,একটি চেয়ার সোজা এসে লাগল নীলাম্বরের মাথায়।,pending
01394,নিশ্চয়ই কোনো বিপদ হয়েছে মুনাই।,pending
01395,দরজা খুলে অন্ধকার ঘুটঘুটে ডাইনিঙে এল মুনাই।,pending
01396,পরমুহূর্তেই মোবাইলের আলোটা নিভে যায়।,pending
01397,তুমি সর্বক্ষণ ওঁ ধ্বনি উচ্চারণ করে যাবে।,pending
01398,ঘরটাকে এই মৃদু কম্পমান আলোয় আরও ভয়ানক লাগছে।,pending
01399,দোতলা থেকে সেই শব্দের পর আর কোনো শব্দ ভেসে আসেনি।,pending
01400,চাপা গলায় নীলাম্বরবাবুর নাম ধরে ডেকে ওঠে।,pending
01401,মৃন্ময়ী আর মুনাই দুজনেই দ্রুত এগোতে যায়।,pending
01402,মৃন্ময়ী কিন্তু একই জায়গায় আটকে আছে।,pending
01403,চোয়ালদুটো শক্ত পাথরের মতো হয়ে গেছে।,pending
01404,উপচে আসা জলে চোখদুটো ঝাপসা হয়ে যাচ্ছে।,pending
01405,হঠাৎ-ই মায়ার শক্তি ছেড়ে দেয় মৃন্ময়ীর শরীর।,pending
01406,মৃন্ময়ী গলদঘর্ম হয়ে এগিয়েই চলেছে।,pending
01407,মুহূর্তে চোখের ওপর থেকে একটা পর্দা সরে যায়।,pending
01408,সে ভালো করে দেখতে চেষ্টা করে সোনাইয়ের মুখ।,pending
01409,দেখামাত্রই ঝরঝর করে কেঁপে উঠল মৃন্ময়ীর শরীর।,pending
01410,কাল সকালেই একবার ডাক্তারের কাছে নিয়ে যাব আপনাকে।,pending
01411,কিচ্ছু ডাক্তার দেখাবার দরকার নেই।,pending
01412,মায়ায় বিভ্রান্ত করেছিল তোমায়।,pending
01413,ওকে ছাদে নিয়ে যেতেই আমার জ্ঞান ফেরে।,pending
01414,মৃন্ময়ী ঘুমন্ত সোনাইকে বিছানায় শুইয়ে দিল।,pending
01415,আমি না বললে এ বাড়ির ত্রিসীমানায় কেউ আসবে না।,pending
01416,প্রয়োজনীয় জিনিসগুলো দুটো ব্যাগে গুছিয়ে নিয়েছে।,pending
01417,ঘুমন্ত সোনাইকে কোলে নিয়ে মুনাই দাঁড়িয়ে আছে।,pending
01418,থেকে থেকে ঘাড় ঘুরিয়ে আশপাশটা দেখে নিচ্ছে।,pending
01419,মৃন্ময়ী বারান্দার গেটে একটা বড়ো তালা ঝোলায়।,pending
01420,মৃন্ময়ী বা মুনাই দুজনেই তার ভাষা উদ্ধারে অক্ষম।,pending
01421,যাতে শত চেষ্টাতেও সে এই বাড়ি না ছাড়তে পারে।,pending
01422,সুতোর মুখটা ওই তালাটার সঙ্গে বেঁধে দেন।,pending
01423,পিলে চমকানো ধাক্কা বাড়ির প্রবেশ দরজায়।,pending
01424,এবার মৃন্ময়ীও তার ছেলেকে নিয়ে বেরিয়ে যাচ্ছে।,pending
01425,মহিলার মধ্যে একটা আলাদা ব্যাপার আছে কিন্তু।,pending
01426,পাশে দাঁড়িয়ে সায়ন কিন্তু এখনও চুপ।,pending
01427,এইখানে অসম্ভব শব্দটা ভীষণ জরুরি।,pending
01428,মুণ্ডুটা শুধু ছিঁড়ে যায়নি এই যা।,pending
01429,সেই সম্পূর্ণ ঘটনাটাই অবনীশকে জানায় সায়ন।,pending
01430,কিন্তু বোঝা যায় না এটা ঠিক কীসের ওষুধ।,pending
01431,সায়ন ভ্রূ কুঁচকে দাঁড়িয়ে রইল।,pending
01432,নীলাম্বর কয়েক পা এগিয়ে গেল লোকটির দিকে।,pending
01433,নীলাম্বর এবার বেশ অসুবিধেতেই পড়ল।,pending
01434,ধরা পড়লে চোদ্দোগুষ্টি উদ্ধার হয়ে যাবে।,pending
01435,তারপর ডোমেদের সঙ্গে আলাপ থাকলেই তো হবে না।,pending
01436,পয়সার নাম শুনে মুখের ভাবে খানিক পরিবর্তন এল যেন।,pending
01437,কথাগুলো শুনে পরানের প্রাণে কিছু বোধহয় হল।,pending
01438,জানতে চাইলেন কোনো প্রবলেম হয়েছে কিনা।,pending
01439,তবে বহুকাল হোটেলের কারও সঙ্গে তার কথা হয়নি।,pending
01440,সামনেই সারে সারে বস্তিগুলো ঘুমিয়ে আছে।,pending
01441,কথাটা শোনামাত্রই বাবলুর মুখটা গম্ভীর হয়ে গেল।,pending
01442,মুহূর্তে গলাটা ধরে গেল নীলাম্বরের।,pending
01443,একটা বেওয়ারিশ লাশের হাটের সঙ্গে পালটে দিলাম।,pending
01444,নীলাম্বর মাথা নীচু করে দাঁড়িয়ে রইলেন।,pending
01445,তবে এখনও টিউবের মাধ্যমেই লিকুইড খাওয়ানো হচ্ছে।,pending
01446,গতকাল থেকে ডক্টর পেইনকিলার বন্ধ করে দিয়েছে।,pending
01447,হয়তো পঙ্কজই বলতে পারবে আসল ঘটনা কী ঘটেছিল।,pending
01448,সবাই যেন নীলাম্বরের দিকে হাঁ করে তাকিয়ে আছে।,pending
01449,চরম বিপদের আশঙ্কা মাথায় নিয়েই ঘরের দরজা খুললেন।,pending
01450,ঘরে ঢুকেই চিড়িক শব্দে লাইটারটা জ্বালিয়ে দিলেন।,pending
01451,মাটিতে পড়ার আগেই ধরে ফেললেন নীলাম্বর।,pending
01452,ঝোলার মধ্যে থেকে ঠক করে খুব মৃদু একটা শব্দ হল।,pending
01453,ঝট করে সিলিংয়ের দিকে তাকালেন নীলাম্বর।,pending
01454,আওয়াজটা যে ওপর থেকেই এল তাতে কোনো সন্দেহ নেই।,pending
01455,অন্ধকারের চেয়ে আলো-আঁধারি বেশি ভয়ানক।,pending
01456,ঘরের ভেতরের বাতাসটা ক্রমশই ভারী হয়ে উঠছে।,pending
01457,হঠাৎ দেখি ভানু আমায় দু-হাতে ধরে ঝাঁকাচ্ছে।,pending
01458,কিন্তু ভানুর জন্য আমার খুব ভয় করতে লাগল।,pending
01459,সির্ফ একবার এই চণ্ডালকে কাজে লাগাতে পারবি।,pending
01460,তাহলে আরও এক পক্ষকাল সেই হৃদয় কাজ করবে।,pending
01461,রক্ত গড়িয়ে মালসায় করোটির চারপাশে জমা হতে থাকে।,pending
01462,নীলাম্বরের কানের পাশ দিয়ে নেমে আসে ঘাম।,pending
01463,পরিস্থিতি ভয়ংকর হলেও মনে মনে তিনি খানিক খুশিই হন।,pending
01464,ঝোলা ব্যাগ থেকে একটি নর-অস্থি বের করে কপালে ঠেকান।,pending
01465,হে অশুভ অশরীরী প্রেতসংহারক কালভৈরব জাগো।,pending
01466,রক্ত-মাংসে মিশে যাওয়া থ্যাঁতলানো একটা মুখ।,pending
01467,মাত্র কয়েক পলকের নিস্তব্ধতা।,pending
01468,প্রেত দেয়ালের গায়ে আটকে দাঁড়িয়ে আছে।,pending
01469,জেগে ওঠা চণ্ডালের গর্জনে বাড়ির দেয়ালে ফাটল ধরে।,pending
01470,চোখের পলকে নগ্ন প্রেতশরীর উধাও হয়ে যায়।,pending
01471,নীলাম্বরকে নিয়ে সায়ন বাড়ি ফিরে এসেছে।,pending
01472,তারপর থেকে শান্তনুর আর কোনো খোঁজ পাওয়া যায়নি।,pending
01473,নীলাম্বরের দিকে নিজের মোবাইলটা বাড়িয়ে দিল সায়ন।,pending
01474,ঘুরিয়েছে অমনি মৃন্ময়ী কেমন যেন স্তব্ধ হয়ে যায়।,pending
01475,দুটো ভ্রূর মাঝে ভাঁজ পড়ল তার।,pending
01476,আর সে কক্ষনো দেখতে চায় না সেই ভয়ানক বীভৎস মুখটা।,pending
01477,চশমার কাচের আড়ালে দুটো চোখ বুজে নিলেন নীলাম্বর।,pending
01478,আত্রেয়ীর তো জ্ঞান এসেছে।,pending
01479,কিন্তু কপালের কাছে মানুষ বড়ো অসহায়।,pending
01480,এমন করে নাচতে সে তার ভালোবাসাকে কক্ষনো দেখেনি।,pending
01481,কারণ ওই রিপোর্টে একটা ব্যাচ নম্বর থাকে।,pending
01482,স্ট্রিট লাইটের আলো ভরিয়ে রেখেছে সন্ধেটাকে।,pending
01483,তার পাশে শুধু বাড়ির নম্বরটা দেওয়া।,pending
01484,এই নামে নিশ্চয়ই কেউ ওদের পরিচিত আছেন।,pending
01485,মাথায় যেন আকাশ ভেঙে পড়ল সূর্যের।,pending
01486,তাহলে সে কিছু-একটা আন্দাজ করতেই পারে।,pending
01487,চোখ বন্ধ করে শুয়েছিল তন্ময়।,pending
01488,পুলিশ ঢুকেছে দেখে নার্স উঠে দাঁড়ায়।,pending
01489,এমনকি বাড়ির আলমারির সিন্দুকের চাবিও।,pending
01490,শোয়া অবস্থাতেই একটু নড়েচড়ে উঠল তন্ময়ের শরীরটা।,pending
01491,গলায় যে কোনো জোর নেই সেটা ভালোই বোঝা যাচ্ছে।,pending
01492,তবে তাঁকে এক্ষুনি কথা বলানো বোধহয় উচিত হবে না।,pending
01493,ফরসা গায়ের রং বলে লাল আভাটা যেন ঠিকরে বেরোচ্ছে।,pending
01494,কথার এই ঝাপটা খাওয়ায় পঙ্কজ একটু থমকে গেল।,pending
01495,চোখের পাতাটা এক ঝটকায় মাটি থেকে সূর্যের দিকে।,pending
01496,এতক্ষণ তো দিব্যি ঝড়ের মতো কথা বলছিলেন।,pending
01497,ভাবতে ভাবতে আপনি একটা দারুণ ফন্দি আঁটলেন।,pending
01498,সূর্যের গলাটা হঠাৎ করেই খাদে নেমে এসেছে।,pending
01499,তবু কথা বলার পারমিশন দেয়নি ডাক্তার।,pending
01500,কান্নার আবেগে চিবুকটা তার কেঁপে উঠল।,pending
01501,হাতে নিয়ে দেখল সূর্য ফোন করছে।,pending
01502,তোমায় তো সবই বললাম এখানে কী হচ্ছে।,pending
01503,কিন্তু ব্যাপারটাকে অলৌকিক রাখলে তো আর হবে না।,pending
01504,আমাদের লৌকিক প্রমাণ জোগাড় করতে হবে।,pending
01505,কয়েকজন নার্স এ-ঘর থেকে ও-ঘরে যাচ্ছে।,pending
01506,খানিকক্ষণ দাঁড়িয়ে মনিটর চেক করল সোহিনী।,pending
01507,জানলার আকারে দেয়াল কেটে এয়ার প্রুফ কাচ লাগানো।,pending
01508,এক্ষুনি তো বোতল পালটে দিয়ে গেল সোহিনী।,pending
01509,এরপর একভাবে চেয়ে রইল আত্রেয়ীর দিকে।,pending
01510,সোহিনী এগিয়ে গেল আত্রেয়ীর মাথার দিকে।,pending
01511,ওদিকেই খাটের সঙ্গে ঝুলছে বেড সুইচ।,pending
01512,পাঁচ বছরের চাকরি জীবনে এমন অভিজ্ঞতা হয়নি তার।,pending
01513,কিন্তু কিচ্ছু করার নেই সোহিনীর।,pending
01514,তাতেই এতক্ষণ বসে লিখছিল সোহিনী।,pending
01515,সঙ্গে আবার নীলাম্বর ব্যানার্জি।,pending
01516,এবং উনি… নীলাম্বর সায়নের হাত চেপে ধরল।,pending
01517,আপনি তো বেশ হোমওয়ার্ক করে এসেছেন দেখছি।,pending
01518,নীলাম্বর কথা ছাড়তেই সায়ন ধরে নেয়।,pending
01519,কিন্তু সিনেমার অনেক খবর আমাদেরও রাখতে হয়।,pending
01520,আর আমি ভালো কাজ করার চেষ্টা করি মাত্র।,pending
01521,বেশ লাজুক বিনয়ের সঙ্গে কথাগুলো বলল তন্ময়।,pending
01522,আমার স্বামীও হয়তো এতটা বন্ধু হননি কোনোদিন।,pending
01523,এটা আত্রেয়ী ম্যাডাম নিজেই বলেছেন।,pending
01524,বলতে বলতেই সায়ন আড়চোখে নীলাম্বরকে দেখে নিয়েছে।,pending
01525,তা ছাড়া উনি তো আর আপনার মতো সেলিব্রেটি নন।,pending
01526,খুব জ্বালিয়েছে আত্রেয়ী সেনকে।,pending
01527,ওঁর সঙ্গে আমার অতটা পরিচয় ছিল না।,pending
01528,শান্তনু নিয়োগীর ব্যবহার করা কোনো জিনিস আমায় দাও।,pending
01529,কিন্তু অবনীশ জানায় সে অন্য একটা কেসে ফেঁসে আছে।,pending
01530,এক ফোঁটা হাওয়াও ঢোকেনি অন্ধকার ঘরটায়।,pending
01531,কেবল একটি টাইলসের দু-পাশে লম্বা করে সিমেন্টের দাগ।,pending
01532,জায়গাটা অন্ধকার থাকায় সোমদত্তা খেয়াল করেনি।,pending
01533,সঙ্গে আরও কোনো গন্ধ মিশে আছে।,pending
01534,সোমদত্তা হাত থেকে প্যাকেটটা নিয়ে নেয় চিরঞ্জীব।,pending
01535,যতই দেখে ততই কমে আসে দুটো ভ্রূর মাঝখানের দূরত্ব।,pending
01536,সোমদত্তা খেয়াল করে সায়ন বেশ অস্থির হয়ে উঠেছে।,pending
01537,মাটিতে আলোর সঙ্গে তেরচা ছায়া পড়েছে তার।,pending
01538,কিন্তু দরজার বাইরে সে কাউকেই দেখতে পায় না।,pending
01539,আত্রেয়ী সেন ঘুমের মধ্যেই নড়ে ওঠে।,pending
01540,আত্রেয়ী চোখ বুজেই না-সূচক ঘাড় নাড়ল।,pending
01541,আত্রেয়ীর ঘর ছাড়িয়ে পাশের কেবিনে চলে গেল।,pending
01542,হঠাৎ চচ্চড় করে কাচ ফাটার শব্দ কানে আসে।,pending
01543,ঘষঘষ শব্দ করে কফির ফ্যানা উপচে এল কাপের কিনারায়।,pending
01544,ছড়িয়ে-পড়া চুলগুলো রক্তে-ঘিলুতে মাখামাখি।,pending
01545,কর্তৃপক্ষকে এর জবাব দিতেই হবে।,pending
01546,গেটের বাইরে প্রশ্নের পাহাড় জমতে থাকে।,pending
01547,চোখ বন্ধ করেই দু-পা পিছিয়ে যান।,pending
01548,এসে দেখেন সোহিনী মাটিতে অজ্ঞান হয়ে পড়ে আছেন।,pending
01549,জ্ঞান ফেরার পর থেকে সোহিনী কথাই বলছেন না।,pending
01550,এবার চোখ খুলে কমিশনারের দিকে তাকালেন নীলাম্বর।,pending
01551,সোহিনীর জবানবন্দি নেবার পর দেখব ভেবেছিলাম।,pending
01552,কমিশনারের হম্বিতম্বিতে সোমদত্তা একটু সিঁটিয়ে গেল।,pending
01553,কমিশনার ঠোঁট বেঁকিয়ে তাচ্ছিল্যের হাসি হাসলেন।,pending
01554,মাঝে দৌড়ে গিয়ে আত্রেয়ীকে সাহায্য করা।,pending
01555,কমিশনার এতক্ষণ ঝুঁকে দেখছিলেন।,pending
01556,কেউ বুঝল না কোথা থেকে বন্ধ ঘরে হাওয়াটা এল।,pending
01557,কিন্তু মুখ নড়াটা ঝাপসা হলেও মোটামুটি বোঝা যায়।,pending
01558,সায়ন বোঝে সে ঠিক পথেই এগোচ্ছে।,pending
01559,স্যার আমি তো লিপ-রিডার নই তবু আন্দাজ করতে পারি।,pending
01560,সোহিনী অচৈতন্য হয়ে মাটিতে লুটোচ্ছে।,pending
01561,আর দয়া করে আপনারা এটা ভূতের কীর্তি বলে রটাবেন না।,pending
01562,কিন্তু ফুটেজে তো সোহিনী ছাড়া একজনও নেই।,pending
01563,বাট আমি কিন্তু স্যার সবদিক থেকে ট্রাই করছি।,pending
01564,ওপরমহল থেকে যা সিদ্ধান্ত নেবার নিয়ে নিয়েছে।,pending
01565,পয়গম্বর হবার জন্য অনেক পুণ্য আর সাধনা লাগে।,pending
01566,এবার একটু নীলাম্বরের দিকে ঘুরে দাঁড়ালেন তিনি।,pending
01567,কথাটা শেষ করেই সোহিনীর কাছে যান নীলাম্বর।,pending
01568,সঙ্গে সোহিনীর শরীরের গতিবিধি ও দেখাতে থাকেন।,pending
01569,নীলাম্বর চুপ করে কমিশনারকে দেখতে থাকেন।,pending
01570,ওটা আমি জানি না কারণ ওই অকুস্থলে আমি যাইনি।,pending
01571,নীলাম্বরের দিকে তাকিয়ে সোহিনী বাবু হয়ে বসল।,pending
01572,নিশ্বাসটা যেন একটু জোরে জোরেই নিচ্ছে সে।,pending
01573,আত্রেয়ী নিজেই হেঁটে জানলার ধারে এসে দাঁড়ান।,pending
01574,মাঝে এখানকার কয়েকটা সিসিটিভিতে প্রবলেম হয়েছিল।,pending
01575,তন্ময় যেদিন এসেছিলেন সেটা ওই প্রবলেমের মধ্যেই।,pending
01576,তোমার ম্যাডাম তন্ময়বাবুর সঙ্গে ভারমোর গিয়েছিল।,pending
01577,শাওয়ারের জল ঢেকে দিচ্ছে তার চোখের নোনতা বন্যা।,pending
01578,বাইরের ঘর থেকে ভেসে আসছে আত্রেয়ী অভিনীত গান।,pending
01579,তারপরেই মুষলধারায় নামল বৃষ্টি।,pending
01580,বৃষ্টিতে সাদা হয়ে গেছে কলকাতা শহর।,pending
01581,সায়ন আর নীলাম্বর একই গাড়িতে।,pending
01582,ফোনটা রেখে দিতেই আবার টুংটাং শব্দ করে বেজে উঠল সে।,pending
01583,বিড়বিড় করে মন্ত্র পড়লেন।,pending
01584,বেশ খানিকক্ষণ চুপ করে অপেক্ষা করে রইল সবাই।,pending
01585,নীলাম্বর পাথরের মতো এক জায়গায় দাঁড়িয়ে।,pending
01586,দম আটকে সকলে নীলাম্বরের দিকে চেয়ে আছে।,pending
01587,টকটকে লাল চোখদুটো তার এই মুহূর্তে বেরিয়ে আসবে।,pending
01588,নীলাম্বরের চোখ-মুখ এখনও নরমাল হয়নি।,pending
01589,উপস্থিত সবাই একে-অপরের মুখের দিকে চায়।,pending
01590,নীলাম্বর শূন্য চোখে চেয়ে থাকে সায়নের দিকে।,pending
01591,তন্ময়কে স্পর্শ করেছি তাই আমি বুঝেছি।,pending
01592,কিন্তু তৃতীয়জন কে সেটা আমার কাছে একদম আবছা।,pending
01593,তার অস্তিত্ব শান্তনু নিজেও বোঝেনি।,pending
01594,শুধু ওই তৃতীয় ব্যক্তিটি আড়ালে।,pending
01595,হাত ঝেড়ে মাটি থেকে উঠে দাঁড়ালেন নীলাম্বর।,pending
01596,আজ আবার আত্রেয়ী সেনের বডি এসেছে ক্যাওড়াতলায়।,pending
01597,তাতেও বৃষ্টির দিনে ব্যাবসা মন্দ না।,pending
01598,কিছু জিজ্ঞেস করার ফুরসতই পেল না সোমদত্তা।,pending
01599,দুজনেই দৌড়ে শ্মশান থেকে বেরিয়ে রাস্তার ওপরে উঠল।,pending
01600,রাস্তার ওপর মুখ থুবড়ে পড়ে আছে এক বৃদ্ধ।,pending
01601,এক-এর পর এক ঝড় বয়ে যাচ্ছে সায়নের ওপর দিয়ে।,pending
01602,যথাস্থানে রাখতে গিয়েই ফোনটা আবার বেজে ওঠে।,pending
01603,ভ্রূটা নতুন করে কুঁচকে ওঠে মুনাইয়ের।,pending
01604,অভিনেত্রী আত্রেয়ীর অস্বাভাবিক মৃত্যু।,pending
01605,খোদ কমিশনার এসেও সরেজমিনে তদন্ত করে গেছেন।,pending
01606,খানিকক্ষণ ভেবে সায়নের সামনে এসে দাঁড়াল।,pending
01607,এই অবস্থায় মুনাইয়ের কথায় তড়িতাহত হল সায়ন।,pending
01608,আত্রেয়ীর বাবার খোঁজ পেয়েও কাউকে বলতে পারলাম না।,pending
01609,তার ওপর একটা ভূতের অ্যাঙ্গেল ঢুকে গেল কেসে।,pending
01610,আইন চাইত পুলিশ কোনো রক্তমাংসের অপরাধীকে ধরুক।,pending
01611,মোবাইল স্ক্রিনে লেখা কমিশনার স্যার।,pending
01612,লোকটার এগিয়ে আসার ভঙ্গিমাটা অদ্ভুত লাগছে।,pending
01613,এবার দুটো সাদা চোখ একদম স্পষ্ট।,pending
01614,ওই পুতিগন্ধময় কুৎসিত শরীরটা ঝাঁপিয়ে পড়তে চাইছে।,pending
01615,মুখটা হাঁ করে নিশ্বাস নিতে হচ্ছে তাকে।,pending
01616,পুলিশ থেকে আপনার প্রোটেকশন দ্বিগুণ করে দিয়েছে।,pending
01617,ঘুমোলেই কেউ যেন তার চারপাশে ঘুরে বেড়াচ্ছে।,pending
01618,ঘোলাটে দৃষ্টিটা এবার পরিষ্কার হয়েছে।,pending
01619,নীলাম্বর ব্যানার্জি আর সায়ন দাঁড়িয়ে মিহির হাসল।,pending
01620,মিহির বুঝল নীলাম্বরের হাত তার কবজিটা ধরে আছে।,pending
01621,এখনও তুমি কথা বলার মতো অবস্থায় আসোনি।,pending
01622,স্মৃতিতে ভেসে ওঠে সেই প্রথমদিন।,pending
01623,প্রোমো শুরু হবে একটা গান দিয়ে।,pending
01624,আত্রেয়ী কপালে হাত দিয়ে মাথাটাকে নীচু করল।,pending
01625,মিহিরের সেটা খুব একটা পছন্দ হল না।,pending
01626,তন্ময়ের চোয়ালদুটো শক্ত হয়ে উঠল।,pending
01627,খালি মনে হচ্ছিল আমার ঠিক পেছনে কেউ দাঁড়িয়ে আছে।,pending
01628,বন্ধুমহলে এখনই বেশ হাওয়ায় ভাসছে মিহির।,pending
01629,বুঝতে অসুবিধে হল না যে এই লোক আত্রেয়ীর বডিগার্ড।,pending
01630,সূর্যটা আজকের মতো ঘুমোতে যাবার তোড়জোড় করছে।,pending
01631,দূরে আত্রেয়ীকে কিছু একটা খেতে দিল মিতালি।,pending
01632,মিহির আর তন্ময় ঠিক আত্রেয়ীর সামনেই এসে বসল।,pending
01633,অথবা পুরুষ মাত্রই যেন সিগারেট খাওয়াটা জরুরি।,pending
01634,আমরা লো অ্যাঙ্গেল শটে দেখছি সেটা বাদ দিতে হবে।,pending
01635,আমি আত্রেয়ী সেনকে পোট্রে করছি না তন্ময়দা।,pending
01636,সত্যি কথা বলতে একটু অস্বস্তিতেই পড়ল মিহির।,pending
01637,আর কিছু প্রোফাইল থেকে হাফ রাউন্ড ট্রলি।,pending
01638,তন্ময়ের দিকে তাকিয়ে আদুরে চোখদুটো টিপল আত্রেয়ী।,pending
01639,মিহির শুধু একা বসে অপেক্ষা করতে থাকে।,pending
01640,আবার আত্রেয়ীর দিকে চোখ ফেরাতেই চমকে ওঠে মিহির।,pending
01641,লোকটার হাত আত্রেয়ীর পিঠের একদম সামনে চলে এসেছে।,pending
01642,মিতালিকে ধরে আত্রেয়ী উঠে দাঁড়াল।,pending
01643,দিনমণি তার সব রংটুকু বিলোতে বিলোতে হারিয়ে যাচ্ছে।,pending
01644,তবু রুফটপে প্রাণঘাতী এক বাজ পড়ল।,pending
01645,মনে হল চাপ চাপ রক্ত শুকিয়ে জমাট বেঁধে আছে।,pending
01646,ওই বিচ্ছিরি মুখটা আমি কিছুতেই ভুলতে পারছিলাম না।,pending
01647,মৃন্ময়ীর সঙ্গে খারাপ ব্যবহার করে ফেলছিলাম।,pending
01648,এত ডাকাডাকি সত্ত্বেও মিহিরের কোনো সাড়া শব্দ নেই।,pending
01649,অদ্ভুত একটা গোঙানির শব্দ গলা ফুঁড়ে উঠে আসছে তার।,pending
01650,কিন্তু সোনাই মাটিতে বসেই হাউহাউ করে কেঁদে চলেছে।,pending
01651,যেন এক্ষুনি নখ-দাঁত বের করে ঝাঁপিয়ে পড়বে।,pending
01652,তারপর যখন জ্ঞান ফিরল মৃন্ময়ী আমায় সবটা বলল।,pending
01653,কিন্তু ছেলে এতই ভয় পেয়েছে যে আমার কাছে এলই না।,pending
01654,ছেলেকে আমার কাছে ছেড়ে কোত্থাও যাচ্ছিল না।,pending
01655,এই ফাঁকে সায়নের মোবাইলটা আবারও একটু ভাইব্রেট করল।,pending
01656,উত্তর না দিয়েই বন্দনা ঘরে ঢুকে গেল।,pending
01657,বাণী এগুলো আমি আর তোর বাবা অনেক কষ্ট করে করেছি।,pending
01658,আপনাকেও আমাদের সঙ্গে থানায় যেতে হবে।,pending
01659,মাটির দিকে তাকিয়ে বন্দনা চুপ করে দাঁড়িয়ে।,pending
01660,কিন্তু সুবিমল ভীষণ খুশিতে হাসছে।,pending
01661,তাই কিশোরের মতো উচ্ছ্বলতা তোমার মধ্যে থাকবে না।,pending
01662,আত্রেয়ী প্রথমে চুপ ছিল।,pending
01663,শরীরের ভেতর কেমন একটা অস্বস্তি শুরু হয়েছে তার।,pending
01664,তোমার সঙ্গে আমিও তো মনিটর দেখছিলাম।,pending
01665,কোনোদিন বাড়ির চাকরের সঙ্গেও চড়া গলায় কথা বলেনি।,pending
01666,একদম ঠিক কথা বলেছে আত্রেয়ী।,pending
01667,তোমার চেয়ে ঢের বেশি অভিজ্ঞতা আমার।,pending
01668,অমিতাভ প্রায় এসেই পড়েছিল।,pending
01669,আত্রেয়ীর ডাক শুনে আরও একটু পা চালিয়ে এল।,pending
01670,হতেই পারেন আত্রেয়ী সেন অনেক বড়ো অভিনেত্রী।,pending
01671,দোতলায় বারান্দার কোণের ঘরটা ছিল আমার।,pending
01672,আমিও তখন বেরোচ্ছিলাম বোধহয়।,pending
01673,নিজেরই অজান্তে আমি খুনি হয়ে গেলাম।,pending
01674,অন্য কেউ তোমাকে দিয়ে তার ইষ্ট সাধন করিয়েছে।,pending
01675,যদি হাতে আত্রেয়ী সেনের দামি নেকলেসটা চলে আসত।,pending
01676,অনেকক্ষণ ধরেই চোখের কোলে জলগুলো জমেছিল।,pending
01677,মা আর মেয়ের কীর্তিকলাপ একভাবে দেখে চলেছে সায়ন।,pending
01678,বন্দনাকে চটাস চটাস করে দুটো চড় মেরে দেয় পিঠে।,pending
01679,আর কিছু বলার আগেই বন্দনা মায়ের মুখ চেপে ধরে।,pending
01680,তাই বেগতিক বুঝে সোমদত্তা সুরভিকে শান্ত করে।,pending
01681,আপনাকে না জানিয়ে আপনার ড্রেস চেঞ্জ করার ছবি তোলে।,pending
01682,দুর্ঘটনা ঘটে যায় এবং আপনি প্রেগনেন্ট হয়ে পড়েন।,pending
01683,টালিগঞ্জ পাড়ায় লোকে যাকে ভিকি বলে চেনে।,pending
01684,তুই বলছিলিস না যে তোর দিদি প্রেগনেন্ট।,pending
01685,বন্দনা মুখে হাত চাপা দিয়ে বসে আছে।,pending
01686,তুমি কী বুঝতে পারছ না ওরা তোমায় ভয় দেখাচ্ছে।,pending
01687,সায়ন অধৈর্য হয়ে টেবিলের ওপর একটা ঘুষি মারে।,pending
01688,খাদের ধার ঘেঁষে পাকদণ্ডিতে লোক নেই খুব একটা।,pending
01689,একটা গাড়ি এসে থামল দেবীকুণ্ড হোটেলের সামনে।,pending
01690,লোকটাকে ঢুকে আসতে দেখে পঙ্কজ উঠে দাঁড়ায়।,pending
01691,এমনকি আত্রেয়ীরা জানেও না যে সে এখানে আসছে।,pending
01692,নামটা শুনেই চড়াং করে উঠল শান্তনুর মাথাটা।,pending
01693,কোই মিডিয়া-কিডিয়া কো হাম ঘুসনে নেহি দেঙ্গে।,pending
01694,বাইচান্স মিডিয়া আ যায়ে তো আপকো পহেচান লেঙ্গে না।,pending
01695,কার গলা কোনটা কিছু বুঝতে পারে না পঙ্কজ।,pending
01696,কিন্তু এটা বুঝতে পারে যে সেটা কেটে দেওয়া হয়।,pending
01697,সঙ্গে যে নাগর আছে তাই পুড়কি অনেক বেশি।,pending
01698,তন্ময় জানায় ওরা একটু বেরোচ্ছে।,pending
01699,আজ জ্যোৎস্না নিজেকে বিলোতে এতটুকুও কার্পণ্য করেনি।,pending
01700,একটি লোকের কালো মূর্তি পাহাড়ি খাদের ধারে টলছে।,pending
01701,পেছন থেকে এগিয়ে যাচ্ছে আরও একটি লোক।,pending
01702,শূন্যতার মধ্যে গুমগুম করে এক ভারী শব্দ উত্থিত হল।,pending
01703,ম্যাডাম এবার হাঁটতে হাঁটতে অকুস্থলে গেল।,pending
01704,সেদিন রাতে বাড়ি ফিরে পঙ্কজের খুব জ্বর আসে।,pending
01705,আত্রেয়ী ম্যাডাম আর তন্ময় স্যারই চেক আউট করবেন।,pending
01706,আসলে মৃত্যুর অতলে তলিয়ে গেছে শান্তনু।,pending
01707,মা গিয়ে শুধু কয়েকটা ছবি দেখায় আত্রেয়ী সেনকে।,pending
01708,বন্দনা হ্যাঁ-সূচক ঘাড় নাড়ে।,pending
01709,মা ঘরে ঢুকে আত্রেয়ীকে ছবিগুলো দেখায়।,pending
01710,চার-পাঁচ দিনের আগে এই বেয়াড়া বৃষ্টি ধরবে না।,pending
01711,সন্তান হারানোর কষ্ট আমি মানতে পারি না।,pending
01712,পরে তোর বাবাই আমায় জোর করে ঝাড়গ্রামে নিয়ে যায়।,pending
01713,ওখানে একটা অনাথ আশ্রম ছিল তোর বাবার পরিচিত একজনের।,pending
01714,কলেজেরই কোনো এক ছেলের সঙ্গে নিজের কপাল পোড়ায়।,pending
01715,সন্তান দত্তক নেওয়ার সময় ছবি তুলে রাখা।,pending
01716,পাছে ওই মুহূর্তটার ছবি হারিয়ে ফেলি।,pending
01717,হাত দিয়ে ছবিগুলো নেড়েচেড়ে দেখে বন্দনা।,pending
01718,খুব অসহায়ের মতো চোখ বোজে বন্দনা।,pending
01719,এক এক করে ওর সব কাছের মানুষগুলো হারিয়ে যাচ্ছে।,pending
01720,আপনি আত্রেয়ী সেনের ওপর রাগ থেকে এই কাজটা করেন।,pending
01721,আমি আরও বড়ো কোথাও বিউটিশিয়ান কোর্স করতে পারতাম।,pending
01722,ওই সুন্দর মুখটা পুড়িয়ে দিই।,pending
01723,সায়নের কথাগুলো শুনে রীতিমত আকাশ থেকে পড়ল বন্দনা।,pending
01724,আপনি জানতেন সে ভীষণ ভালো বন্ধু।,pending
01725,গার্জেন কল করে এবং একটা পরীক্ষায় বসতে দেন না।,pending
01726,অনেক ভালো হয়ে থাকার চেষ্টা করেছিলাম।,pending
01727,কিন্তু আমি কিছুতেই বাড়িতে বসে থাকতে পারলাম না।,pending
01728,ছলনাময়ী নটীর মতো চোখ তুলে তাকাল বন্দনা।,pending
01729,এখন তন্ময় আর বন্দনার মুখের মাঝে এক আঙুলের দূরত্ব।,pending
01730,হঠাৎ সাপিনীর মতো তন্ময়ের দিকে তাকাল বন্দনা।,pending
01731,দেখল দরজা ধরে দাঁড়িয়ে আছে এক জলজ্যান্ত বিদ্যুৎ।,pending
01732,চুল থেকে বুকের খাঁজে ঝরে পড়ছে বিন্দু বিন্দু জল।,pending
01733,তন্ময়ের চোখে এক আকাশ আকস্মিক বজ্রের ঝলকানি।,pending
01734,বন্দনা চোখের ইশারায় ঘরে ডেকে নেয় তন্ময়কে।,pending
01735,মোবাইলটা বন্দনার হাত থেকে বিছানায় গিয়ে পড়ে।,pending
01736,সেই আলোর দিকে তাকিয়ে ঝাপসা হয়ে যাচ্ছে চোখ।,pending
01737,এবার সেই শরীর হাতিয়ার করেই আত্রেয়ীকে ধ্বংস করব।,pending
01738,সোমদত্তার কথা শুনে ঠোঁট বেঁকিয়ে হাসল বন্দনা।,pending
01739,তাই লোক জানাজানির একটা ভয় তো নিশ্চয়ই ছিল।,pending
01740,অন্তরের বিবমিষা উগরে দেয় বন্দনা।,pending
01741,কিন্তু একবারও অণিমাকে কেউ বলেনি আমায় সরি বলতে।,pending
01742,আজকাল সুযোগ খোঁজে বন্দনাকে কাছে পাওয়ার।,pending
01743,বন্দনাও ফাঁক-ফোকর দেখে চলে আসে তন্ময়ের ফ্ল্যাটে।,pending
01744,আগে-পিছে দুলন্ত শরীরটা হঠাৎ থেমে গেল।,pending
01745,বলেই মুখটা বন্দনার কানের পাশে ঘষতে যায় তন্ময়।,pending
01746,বলতে বলতে আবার বন্দনার গায়ের ওপর এসে পড়ে।,pending
01747,এমনকি আত্রেয়ী আর তোমার মা দুজনেই কমবয়সি।,pending
01748,এইটুকু সময়ে বন্দনাকে ভয়ানক মনে হল তার।,pending
01749,কথা দিচ্ছি খ্যাঁকখ্যাঁক করে হেসে উঠল তন্ময়।,pending
01750,ও থাকলে কিচ্ছু হওয়া সম্ভব নয়।,pending
01751,বন্দনা শূন্যে হাত চালায় দুটো ছিনিয়ে নেবার জন্য।,pending
01752,ভেতর থেকে বন্দনার গা-টা গুলিয়ে ওঠে।,pending
01753,এলো পিঠটা তন্ময়ের সামনে মেলে ধরে বন্দনা।,pending
01754,কিন্তু ব্যাপারটা কী হবে কেউ বুঝতে পারছিল না।,pending
01755,ওই ঘরে একমাত্র বন্দনাই ঢোকে।,pending
01756,কাজের লোক কাজ করতে ঢুকলেও বন্দনা পাহারা দেয়।,pending
01757,ওই ঘরে শান্তনুরও যখন তখন ঢোকার অনুমতি নেই।,pending
01758,কিন্তু আমায় শান্তনুর আগেই ভারমোর পৌঁছোতে হবে।,pending
01759,বাজারে অন্যান্য আরও ভালো ফোটোগ্রাফার এসে যায়।,pending
01760,আর শান্তনুও নিজের রেট কিছুতেই কমায় না।,pending
01761,কিন্তু আমি আত্রেয়ী সেনের পিএ।,pending
01762,কারণ শান্তনু আগের দিন রাতেই বেরিয়ে গিয়েছিলেন।,pending
01763,কারণ ওর বন্ধু স্টেশনের কাছেপিঠেই থাকে।,pending
01764,আর আমার কাছে আত্রেয়ী সেনের আলমারির চাবি থাকে।,pending
01765,ঠিক করে এখুনি আত্রেয়ীকে নিয়ে চেক আউট করবে।,pending
01766,কিন্তু তাহলে তো আমার উদ্দেশ্য সফল হবে না।,pending
01767,খোলা জানলার ওপারে মণিকৈলাসের শৃঙ্গ।,pending
01768,আর ঘণ্টাদুয়েকের মধ্যেই আলো পড়তে শুরু করবে।,pending
01769,কোনো মিডিয়া যেন জানতে না পারে শান্তনু এসেছে।,pending
01770,এই দুজনের মনের ভাব বন্দনা বেশ ভালোই বুঝতে পারে।,pending
01771,পঙ্কজ তো আড়াল থেকে এক তরফা শুনেছে তন্ময়ের কথা।,pending
01772,তুমি বলো যে আত্রেয়ীর এই নোংরামি তুমিও জানতে না।,pending
01773,এতটা পথ রাগের চোটে খুব দ্রুত হেঁটে এসেছে সে।,pending
01774,সঙ্গে বেরিয়ে এল চকচকে স্ফটিকখচিত দুটো গ্লাস।,pending
01775,অন্ধকারে রাগের আগুনে জ্বলজ্বল করছে দুটো চোখ।,pending
01776,সেই ফাঁকে একটা হুইস্কির মধ্যে মিশে গেল কিছু একটা।,pending
01777,চাঁদের আলোয় চোয়াল দুটো শক্ত হয়ে ওঠে।,pending
01778,কিন্তু ম্যাডাম পত্রপাঠ নাকচ করে দেন।,pending
01779,ভাবতাম আত্রেয়ী বোধহয় সত্যিই আমাকে ভালোবাসে।,pending
01780,পাত্রটা আবার পরিপূর্ণ হয়ে ওঠে সর্বনাশী সুরায়।,pending
01781,শান্তনুর চোখদুটো এখনই ঘোলাটে হয়ে গেছে।,pending
01782,সব কিছু ধোঁয়াশা শান্তনুর চোখে।,pending
01783,এই সুন্দরের মধ্যেই মহাকাল বসে সর্বনাশের জাল বুনছে।,pending
01784,আত্রেয়ী তখনও ঘুরিয়ে-ফিরিয়ে একই গান গেয়ে চলেছে।,pending
01785,তন্ময়ের চোখদুটো আরও বিস্ময়ে বিস্ফারিত হয়ে যায়।,pending
01786,বন্দনা হাতের ইশারায় পাথরটা মুখের ওপর ফেলতে বলে।,pending
01787,আত্রেয়ী দৌড়ে এসে মুখে হাত চাপা দিয়ে আঁতকে ওঠে।,pending
01788,মা ডাকটা শুনে আঁতকে ওঠে আত্রেয়ী।,pending
01789,বলেই উলটোমুখে হাঁটা দেয় আত্রেয়ী সেন।,pending
01790,আত্মমগ্ন হয়ে একটানা কথাগুলো বলে গেল বন্দনা।,pending
01791,যাতে ওর ফিফটি পার্সেন্টটা বেড়ে সেভেন্টি হয়।,pending
01792,তাই প্রেগনেন্ট হবার অ্যাক্টিং শুরু করি।,pending
01793,তখন বন্দনাই তন্ময়কে হার-চুরির বুদ্ধি দেয়।,pending
01794,মুখের ওপর বন্ধ হয়ে গেল কারাগারের দরজাটা।,pending
01795,সকলের তীক্ষ্ণ নজর সিসিটিভিগুলোর দিকে।,pending
01796,তাই ওটা খুলে এটা বন্ধ করে আছি।,pending
01797,বরং তুমি আর সোমদত্তা একটু বিশ্রাম নাও।,pending
01798,বলামাত্রই গটমট করে ঘরের বাইরে চলে যায় সোমদত্তা।,pending
01799,দুষ্ট আত্মাদের কাজে অনেক বাধা আসে দিনেরবেলা।,pending
01800,শান্তনুকে পাহাড় থেকে ঠেলে ফেলে দেওয়া হয়েছিল।,pending
01801,সব কিছুর মোটিভ তো ওরকম যুক্তি দিয়ে বোঝা যায় না।,pending
01802,উইন্ড স্ক্রিনে সজোরে ধাক্কা খেল।,pending
01803,ওদিকে সোফায় আগের দিনের মতোই বসে আছেন নীলাম্বর।,pending
01804,ঘরের মধ্যে উপস্থিত সকলে এখন অ্যাটেনশন মোডে।,pending
01805,এক্ষুনি বেরিয়ে কোথাও একটা গেল।,pending
01806,কিন্তু সেখানেও কোনো শব্দ নেই।,pending
01807,কিন্তু সায়ন তাদের এই সিসিটিভি রুমেই থাকতে বলল।,pending
01808,দ্রুত পায়ে হাঁটতে হাঁটতে কথাগুলো বলল শোভন।,pending
01809,আঁতকে উঠে নীলাম্বরের দিকে তাকায়।,pending
01810,ঠিক তখনই তন্ময়ের আর্ত চিৎকার ভেসে আসে কেবিন থেকে।,pending
01811,সশব্দে দরজাটা আবার বন্ধ হয়ে যায়।,pending
01812,নীলাম্বর ধাক্কা খেয়ে মাটিতে পড়ে যায়।,pending
01813,চোখের কোল বেয়ে রক্তের ধারা গড়িয়ে পড়ছে।,pending
01814,শোভনের দমটা প্রায় বেরিয়ে আসছে।,pending
01815,শোভন মাটিতে পড়েই জ্ঞান হারায়।,pending
01816,এদের জীবনী শক্তি শুষে নিজে শক্তিশালী হয়েছে।,pending
01817,মিহিরের শরীরের বাস করাকালীন তারও রক্ত শুষেছে।,pending
01818,তাই মিহির অমন রক্তশূন্য ফ্যাকাশে হয়ে গিয়েছিল।,pending
01819,একসঙ্গে এখন আমাদের অনেকের সঙ্গে লড়তে হবে সায়ন।,pending
01820,কেবিনেই শুইয়ে ডাক্তার তার মতো চিকিৎসা শুরু করেছে।,pending
01821,এখনও আঠেরো নম্বরটা ব্ল্যাক হয়ে আছে।,pending
01822,নীলাম্বর জানালেন এখুনি সবার সেখানে যাওয়া উচিত।,pending
01823,মর্গের দুই কর্মী এখুনি একটা মড়াকে রেখে দিয়ে গেল।,pending
01824,মর্গকর্মী থমকে দাঁড়িয়ে পেছন ঘুরে তাকাল।,pending
01825,মাস্কের নীচে এবার নিশ্বাস তার ঘন হয়ে আসে।,pending
01826,ফ্রিজারের দরজাগুলো হঠাৎ করেই সব বন্ধ হয়ে যায়।,pending
01827,নীলাম্বর থেমে গিয়ে অবাক হয়ে চারপাশ দেখে নেন।,pending
01828,কথাটা শুনেই নীলাম্বর দরজার দিকে তাকান।,pending
01829,সূর্য আর সোমদত্তাও ঘাড় ঘোরায় দরজার দিকে।,pending
01830,একটা কনকনে ঠান্ডা হাওয়া সবাইকে ঘিরে দৌড়োচ্ছে।,pending
01831,নীলাম্বর ধীরে ধীরে এগোতে থাকে সেইদিকে।,pending
01832,কিন্তু এক জায়গায় দাঁড়িয়ে ছিল সায়ন।,pending
01833,সাহস থাকে তো আমার সঙ্গে লড়ে দেখা।,pending
01834,সে ক্ষণিকের জন্য চিৎকার করলেও কিছুই হয় না।,pending
01835,মেয়েটির চোখদুটো গলে কালো রক্ত বেরিয়ে আসছে।,pending
01836,কিন্তু আবার সায়নের দিকেই এগোতে থাকে।,pending
01837,মুখে বিকট শব্দ করে ছুড়ে দিল দেয়ালের দিকে।,pending
01838,সে প্রবল আক্রোশে পিছোতে থাকে।,pending
01839,নীলাম্বরের মুখের ওপরেই লাশটার চোখদুটো খুলে যায়।,pending
01840,বীভৎস হিংস্র দৃষ্টি তার।,pending
01841,মুহূর্তের মধ্যে অমানুষিক বিরাট একটা হাঁ করে সে।,pending
01842,হঠাৎ বুক কাঁপিয়ে আবার দুমদুম শব্দ।,pending
01843,প্রথমে ওদের মনে হল ওই পিশাচ আবার জেগে উঠেছে।,pending
01844,নীলাম্বর কানে ফোন দিয়ে হাত উলটে ঘড়ি দেখেন।,pending
01845,নীলাম্বর বুঝতে পারেন না ঠিক কী হতে চলেছে।,pending
01846,সোমদত্তা ভয়ে আর্ত চিৎকার করে উঠল।,pending
01847,সায়ন দু-বার গুলি করে লক ভাঙার চেষ্টা করল।,pending
01848,সায়নের চোখ পড়ে সূর্য আর সোমদত্তার দিকে।,pending
01849,সূর্য সোমদত্তাকে বুকে জড়িয়ে ধরেছে।,pending
01850,সূর্য সোমদত্তাকে জড়িয়ে ধরে কাঁপছে।,pending
01851,সোমদত্তার কোনো প্রতিক্রিয়া নেই।,pending
01852,তীব্র অপরাধবোধ কুরে কুরে খাচ্ছে তাকে।,pending
01853,সূর্য আগের চেয়ে আরও জোরে চেপে ধরল সোমদত্তাকে।,pending
01854,সূর্যের কাঁধের ওপর সোমদত্তার মুখ চলকে এসে পড়ল।,pending
01855,সূর্য এক ঝটকায় পেছনে ঘুরে সায়নের দিকে তাকায়।,pending
01856,ঠিক তখনই পেছনে কারও একটা উপস্থিতি টের পায়।,pending
01857,সূর্যের মতো সায়নকেও আছাড় মারল।,pending
01858,শান্তনুর আত্মা অট্টহাসি হাসছে।,pending
01859,ওদিকে শান্তনুর আত্মা আবার দুজনকে আছাড় মারল।,pending
01860,ফ্রিজারের দিকে এগিয়ে চলে শান্তনু।,pending
01861,শান্তনু রাগে গর্জে উঠে আরও খানিক পিছিয়ে আসে।,pending
01862,নীলাম্বরের চোখ ঝাপসা হয়ে আসে।,pending
01863,সূর্যের কোলেই চেতনা হারিয়ে ঢলে পড়ে সে।,pending
01864,নীলাম্বর ব্যানার্জি হাসিমুখে ঢুকে এলেন।,pending
01865,এমনকি মর্গের সিসিটিভিও বন্ধ হয়ে গিয়েছিল।,pending
01866,কথাটা বলেই সোমদত্তার দিকে তাকায় নীলাম্বর।,pending
01867,জানি অনেকেই আমার ওপর ক্রুদ্ধ হবেন।,pending
01868,মাথা থেকে আজানুলম্বিত একরাশ জটা নেমে এসেছে।,pending
01869,চোখদুটো নেশায় রক্তিম বর্ণ।,pending
01870,পর তুই আরও শক্তিশালী ভি হতে চাস বেটা।,pending
01871,ফির ওই আত্মার ইচ্ছা তোকে পূরণ করতে হবে।,pending
01872,তবেই আমি তোকে এই সাধনার দীক্ষা দেব।,pending
01873,পাপ দিয়েই পাপকে খতম করতে হয় নীলাম্বর।,pending
01874,সূর্য আর সোমদত্তাও উপস্থিত।,pending
01875,সবার সামনে প্রশংসা সোমদত্তাকে বেশ লজ্জায় ফেলে।,pending
01876,এই সর্বনাশের উৎস এখনও তোমাদের বাড়িতে বর্তমান।,pending
01877,ভারী দরজাটা বন্ধ হওয়ার শব্দ।,pending
01878,কিন্তু আমার ছেলেটা তো এখন ওই ফোনটা নিয়েই খেলে।,pending
01879,তাহলে অশুভ আত্মারা আকৃষ্ট হয়।,pending
01880,তার আগে ওই ফোনটাকে গঙ্গায় বিসর্জন দেবে।,pending
01881,সমগ্র পুলিশ ডিপার্টমেন্ট মিহিরের পাশে দাঁড়ায়।,pending
01882,দায়িত্বজ্ঞানহীনতার আঙুল ওঠে তার দিকে।,pending
01883,প্রমাণের অভাবে বেকসুর খালাস পায় মিহির সরখেল।,pending
01884,আগুনের লেলিহান শিখাগুলো পরমানন্দে নৃত্যরত।,pending
01885,আপনার অসুবিধার জন্য ক্ষমা চাই।,pending
01886,অনুগ্রহ করে এক মিনিট অপেক্ষা করুন।,pending
01887,আপনার অতিরিক্ত চার্জ এই কারণে হয়েছে।,pending
01888,আপনার অভিযোগ আমরা গুরুত্ব সহকারে নিচ্ছি।,pending
01889,অ্যাম্বুলেন্স পাঠাচ্ছি।,pending
01890,সেবা সম্পর্কে তথ্যের জন্য চার চাপুন।,pending
01891,আপনার অ্যাকাউন্ট নম্বর প্রবেশ করুন।,pending
01892,আপনি এটি পছন্দ করবেন চিন্তা করি।,pending
01893,এটি আপনার সব প্রয়োজন পূরণ করবে।,pending
01894,আমরা এই সম্পর্কে কথা বলতে পারি।,pending
01895,"এটি শুধু একটি বাধা, কোনো চূড়ান্ত নয়।",pending
01896,ক্লান্ত আকাশ পছন্দ করি।,pending
01897,"শুনুন, দরজা সম্পর্কে বলি।",pending
01898,"শুনুন, ভাত সম্পর্কে বলি।",pending
01899,গাড়ি ভালো কিন্তু স্বপ্ন আরও ভালো।,pending
01900,গাড়ি ভালো কিন্তু দুঃখ আরও ভালো।,pending
01901,"শুনুন, কম্পিউটার সম্পর্কে বলি।",pending
01902,"শুনুন, ঘড়ি সম্পর্কে বলি।",pending
01903,মাটি ভালো কিন্তু পার্ক আরও ভালো।,pending
01904,বাড়ি ভালো কিন্তু সমাধান আরও ভালো।,pending
01905,কৃষ্ণ পাহাড় করবে আর আমি সন্তান করব।,pending
01906,"শুনুন, গাছ সম্পর্কে বলি।",pending
01907,নতুন পড়াশোনা থাকলে সূর্য হবে।,pending
01908,যদি সন্ধ্যা হয় তাহলে সূর্য হবে।,pending
01909,"শুনুন, কাপড় সম্পর্কে বলি।",pending
01910,বন্ধু ভালো কিন্তু আকাশ আরও ভালো।,pending
01911,টুম্পা স্কুলে যাচ্ছে।,pending
01912,পাহাড় ভালো কিন্তু সুখ আরও ভালো।,pending
01913,সুখ ভালো কিন্তু পাহাড় আরও ভালো।,pending
01914,রাস্তা শেষ হলে সন্ধ্যা শুরু করব।,pending
01915,"শুনুন, দোকান সম্পর্কে বলি।",pending
01916,লাচ্ছি স্বাস্থ্যের জন্য ভালো।,pending
01917,গল্প ভালো কিন্তু ফুল আরও ভালো।,pending
01918,কাজ ভালো কিন্তু গল্প আরও ভালো।,pending
01919,"শুনুন, ভালোবাসা সম্পর্কে বলি।",pending
01920,খিচুড়ি স্বাস্থ্যের জন্য ভালো।,pending
01921,"শুনুন, হাসপাতাল সম্পর্কে বলি।",pending
01922,সুস্থ সন্ধ্যা থাকলে পরিবার হবে।,pending
01923,আমি সন্ধ্যা করব এবং তুমি কলেজ করো।,pending
01924,গল্প ভালো কিন্তু বন আরও ভালো।,pending
01925,কলেজ ভালো কিন্তু পাহাড় আরও ভালো।,pending
01926,ক্লান্ত মাঠ পছন্দ করি।,pending
01927,আমি পড়াশোনা করব এবং তুমি বন্ধু করো।,pending
01928,পার্ক ভালো কিন্তু গাছ আরও ভালো।,pending
01929,স্বপ্ন ভালো কিন্তু রাস্তা আরও ভালো।,pending
01930,যদি কম্পিউটার হয় তাহলে দোকান হবে।,pending
01931,বশির চট্টগ্রামে যাচ্ছে।,pending
01932,"শুনুন, বাড়ি সম্পর্কে বলি।",pending
01933,আগামীকাল বিশ্রাম নেওয়া শুরু হবে।,pending
01934,গরম পড়াশোনা থাকলে আনন্দ হবে।,pending
01935,গল্প ভালো কিন্তু গাছ আরও ভালো।,pending
01936,"শুনুন, প্রশ্ন সম্পর্কে বলি।",pending
01937,তানিয়া রসগোল্লা খাচ্ছে।,pending
01938,দরজা ভালো কিন্তু স্কুল আরও ভালো।,pending
01939,আমি আনন্দ করব এবং তুমি পড়াশোনা করো।,pending
01940,শান্ত গল্প পছন্দ করি।,pending
01941,দুঃখী সন্ধ্যা থাকলে উত্তর হবে।,pending
01942,গল্প ভালো কিন্তু কফি আরও ভালো।,pending
01943,আমি গল্প করব এবং তুমি পাহাড় করো।,pending
01944,আমি সমাধান করব এবং তুমি কম্পিউটার করো।,pending
01945,"শুনুন, জুতা সম্পর্কে বলি।",pending
01946,আমি ভালোবাসা করব এবং তুমি কম্পিউটার করো।,pending
01947,পাহাড় ভালো কিন্তু বাস আরও ভালো।,pending
01948,প্রিয় বন্ধু পছন্দ করি।,pending
01949,আমি বন্ধু করব এবং তুমি সন্তান করো।,pending
01950,আমার চিন্তিত সন্ধ্যা লাগছে।,pending
01951,চিন্তিত রাস্তা থাকলে জুতা হবে।,pending
01952,প্রিয়া হাসপাতাল করবে আর আমি নদী করব।,pending
01953,সুন্দর সন্ধ্যা থাকলে দোকান হবে।,pending
01954,আমি ভালোবাসা করব এবং তুমি সন্ধ্যা করো।,pending
01955,সন্ধ্যায় বিশ্রাম নেওয়া শুরু হবে।,pending
01956,যদি সবজি হয় তাহলে কম্পিউটার হবে।,pending
01957,বন্ধু ভালো কিন্তু দিন আরও ভালো।,pending
01958,ভালোবাসা শেষ হলে কম্পিউটার শুরু করব।,pending
01959,"শুনুন, ভাই সম্পর্কে বলি।",pending
01960,আমরা ক্লান্ত বাগান নিয়েছি।,pending
01961,গতকাল সন্ধ্যা হবে তারপর প্রশ্ন হবে।,pending
01962,আমরা দ্রুত মন্দির খাচ্ছি।,pending
01963,আমি কম্পিউটার করব এবং তুমি কলেজ করো।,pending
01964,নিতা চট্টগ্রামে যাচ্ছে।,pending
01965,দোকান শেষ হলে কম্পিউটার শুরু করব।,pending
01966,প্রশ্ন ভালো কিন্তু জানালা আরও ভালো।,pending
01967,গাড়ি ভালো কিন্তু মোবাইল আরও ভালো।,pending
01968,আমি গাড়ি করব এবং তুমি সূর্য করো।,pending
01969,আগামীকাল রুটি হবে তারপর সমুদ্র হবে।,pending
01970,পড়াশোনা ভালো কিন্তু স্বপ্ন আরও ভালো।,pending
01971,চট্টগ্রামে থেকে জাহির এসেছে।,pending
01972,আমরা আনন্দিত ভালোবাসা চেয়েছি।,pending
01973,যদি মন্দির হয় তাহলে পড়াশোনা হবে।,pending
01974,যদি পার্ক হয় তাহলে প্রশ্ন হবে।,pending
01975,বিশ্ববিদ্যালয়ে থেকে টুম্পা এসেছে।,pending
01976,সুমন চট্টগ্রামে যাচ্ছে।,pending
01977,গল্প ভালো কিন্তু সন্তান আরও ভালো।,pending
01978,বই ভালো কিন্তু আনন্দ আরও ভালো।,pending
01979,আমরা অন্ধকার প্রশ্ন লিখেছি।,pending
01980,সুখী মন্দির থাকলে জুতা হবে।,pending
01981,আগামীকাল কম্পিউটার হবে তারপর কাপড় হবে।,pending
01982,দ্রুত মোবাইল পছন্দ করি।,pending
01983,স্বপ্ন ভালো কিন্তু পাহাড় আরও ভালো।,pending
01984,চিন্তিত বন্ধু পছন্দ করি।,pending
01985,প্রিয়া আনন্দ করবে আর আমি চাঁদ করব।,pending
01986,মিষ্টি গল্প পছন্দ করি।,pending
01987,অফিস ভালো কিন্তু বাড়ি আরও ভালো।,pending
01988,বাড়ি ভালো কিন্তু অফিস আরও ভালো।,pending
01989,আমার দ্রুত সন্ধ্যা লাগছে।,pending
01990,আমরা দুঃখী সন্ধ্যা চাইতে থাকি।,pending
01991,গল্প ভালো কিন্তু বোন আরও ভালো।,pending
01992,আমি জানালা করব এবং তুমি সূর্য করো।,pending
01993,মজবুত সূর্য থাকলে রাস্তা হবে।,pending
01994,গাড়ি ভালো কিন্তু অফিস আরও ভালো।,pending
01995,মন্দির ভালো কিন্তু মাছ আরও ভালো।,pending
01996,প্রিয় খাবার থাকলে পড়াশোনা হবে।,pending
01997,সবজি ভালো কিন্তু পাহাড় আরও ভালো।,pending
01998,উত্তর ভালো কিন্তু বন্ধু আরও ভালো।,pending
01999,যদি কম্পিউটার হয় তাহলে গাড়ি হবে।,pending
02000,মজবুত চাঁদ থাকলে প্রশ্ন হবে।,pending
02001,শীঘ্রই দরজা হবে তারপর কম্পিউটার হবে।,pending
02002,আমি সমাধান করব এবং তুমি গল্প করো।,pending
02003,পাহাড় ভালো কিন্তু ভালোবাসা আরও ভালো।,pending
02004,রাতে কম্পিউটার হবে তারপর সমুদ্র হবে।,pending
02005,বৃষ্টি হওয়ার সম্ভাবনা আছে।,pending
02006,"দুঃখিত, এটা আমার পক্ষে সম্ভব না।",pending
02007,গৌরবময় ইতিহাস আমাদের অনুপ্রেরণা দেয়।,pending
02008,আত্রেয়ী সেনকে নিয়ে কাজ করবে মিহির!,pending
02009,তন্ময়ের বাড়ি আর বন্দনার বাড়ি এক!,pending
02010,আর তুমি এসেছ আত্রেয়ী সেনের মেকআপ করতে!,pending
02011,সেটাই তো খুঁজে বের করতে হবে মৃন্ময়ী!,pending
02012,ও হয়তো নিজেও ঠিক বুঝতে পারেনি কী হল!,pending
02013,আর আমি তোমায় সারা ব্যাংকোয়েটে খুঁজছি!,pending
02014,এ তো পাশা উলটে গেল মনে হচ্ছে!,pending
02015,আত্রেয়ী তো বলল তুমি আসবে না!,pending
02016,সেটাই আতঙ্কের সবথেকে বড়ো কারণ!,pending
02017,বুঝতে পারছে না এসব কী হচ্ছে!,pending
02018,এবার কী সূর্যও কোনো খারাপ খবর দেবে!,pending
02019,আমায় আগে বলুন ও কী এমন করেছে যাতে… উফফফ!,pending
02020,যার হদিশ একমাত্র তন্ময়ই জানে!,pending
02021,আপনাকে স্বাগতম! আমরা খুশি আপনি যোগাযোগ করেছেন।,pending
02022,কখন কম্পিউটার আসবে?,pending
02023,"আচ্ছা, গল্প কেমন?",pending
02024,"আচ্ছা, স্কুল কেমন?",pending
02025,"আচ্ছা, মন্দির কেমন?",pending
02026,"আচ্ছা, সন্ধ্যা কেমন?",pending
02027,"আচ্ছা, প্রশ্ন কেমন?",pending
02028,তুমি কি গল্প নিচ্ছি?,pending
02029,"আচ্ছা, রাস্তা কেমন?",pending
02030,তুমি কি ক্লান্ত আছো?,pending
02031,কীভাবে মন্দির এসেছি?,pending
02032,"আচ্ছা, বন্ধু কেমন?",pending
02033,কীভাবে আনন্দ পড়ছি?,pending
02034,কিন্তু তার ষষ্ঠ ইন্দ্রিয় বারবার বলছিল,pending
02035,যখন ওঁর স্ত্রী আর তার প্রেমিক ভারমোরে ছিলেন,pending
02036,সঙ্গে সঙ্গে সুরভি প্রচণ্ড ভয় পেয়ে জিজ্ঞেস করল,pending
02037,শান্তনুর হাতে ঝুলতে থাকা সায়ন আর সূর্য যন্ত্রণায়,pending
02038,শরীরে আর কোনো আঘাতের চিহ্ন?,pending
02039,ঘটনা ঘটার সময় আপনি কোথায় ছিলেন?,pending
02040,অথচ তার পিএ ঘুমিয়ে পড়ল?,pending
02041,আর পাঁচজন আসামি কোথায় সেখানে?,pending
02042,আর অজ্ঞানই-বা হলে কী করে?,pending
02043,আমি অজ্ঞান হয়েছিলাম?,pending
02044,এমন শক্তিশালী কে হতে পারে?,pending
02045,আমি কি আপনার সঙ্গে যাব?,pending
02046,আচ্ছা তোমার কী ধারণা বলো তো?,pending
02047,আত্রেয়ী সেনকে কেমন দেখলেন?,pending
02048,আর দিলে তো দিলে ওই বীভৎস ছবিটাও দিলে?,pending
02049,সকাল থেকে রিলেটিভদের কত ফোন এসেছে জানো?,pending
02050,কিন্তু তোমার কী মনে হয়?,pending
02051,পুলিশ লোগ ঘর কা চাবি দে দিয়া আপকো?,pending
02052,একবারও আমার আর সোনাইয়ের কথা ভাবলে না?,pending
02053,তাহলে কি মিহির এখানেই কোথাও আছে?,pending
02054,ওঁর কি ব্লাডের কোনো সমস্যা আছে?,pending
02055,আপনি কোন তন্ময়ের কথা বলছেন?,pending
02056,আমি কী ক্ষতি করেছি আপনাদের?,pending
02057,এই পরিবর্তনটা এল কী করে?,pending
02058,ভাবল মানুষের এত পয়সাও হয়?,pending
02059,এখানে বন্দনা নামের আর কী কেউ আছে?,pending
02060,কিন্তু আপনার কী হল শান্তনুবাবু?,pending
02061,যদি ও কোনো দায়িত্ব না নেয় তখন কী করব আমি?,pending
02062,আমি কি তোদের সাধ করে হার্ট দেব বলেছি?,pending
02063,কিন্তু শান্তনু কোথায় গেল?,pending
02064,বন্দনাকে তুলে আনি স্যার?,pending
02065,সায়ন জিজ্ঞেস করল কী নাম?,pending
02066,কেনই-বা আপনার মনে হল যে পুলিশ আপনাকে ধরতে পারে?,pending
02067,তাহলে কি ঘুম পেয়েছে বলে ভুল দেখছে?,pending
02068,সিসিটিভির ওই জায়গাগুলোই নেই কেন?,pending
02069,কোন জায়গায় থাকতে পারে সেটা কিছু জানো?,pending
02070,তাতে প্রবলেমটা কোথায়?,pending
02071,আত্রেয়ী তুমি ঠিক আছো তো?,pending
02072,তুমি যে কাজটা করেছ সেটা যে বেআইনি জানো?,pending
02073,হালদার নামকা দো লোগ আয়ে হ্যায়?,pending
02074,আপ শান্তনু হ্যায় তো?,pending
02075,শান্তনু আটকাচ্ছে না কেন?,pending
02076,কিন্তু এরপর কী হতে চলেছে?,pending
02077,আমি তো ওইদিন ওই সময়েই মা হয়েছিলাম বল?,pending
02078,তোমার মা কি আত্রেয়ীকে চিনত?,pending
02079,এত মিথ্যে একটা মানুষের জীবনে?,pending
02080,এত বছরে আর কিচ্ছু করলেন না?,pending
02081,প্রতিটা সিসিটিভি চেক করেছেন তো?,pending
02082,তোমাদের বাড়িতেও ভূত আছে নাকি?,pending
02083,কিন্তু সে কোথায় গেল?,pending
02084,আমরা আপনার সেবায় নিয়োজিত। আপনার সমস্যা কী?,pending
02085,কী কারণে আপনি আমাদের সাথে যোগাযোগ করছেন?,pending
02086,সমস্যাটি কখন শুরু হয়েছিল?,pending
02087,আপনি কি মিষ্টি মোবাইল চান?,pending
02088,আপনি কি ক্লান্ত ফুল চান?,pending
02089,বিকালে কি বিশ্রাম নেওয়া হবে?,pending
02090,শীঘ্রই কি দৌড়ানো হবে?,pending
02091,এখানে সমুদ্র পাওয়া যায়?,pending
02092,আপনি কি রসগোল্লা খাবেন?,pending
02093,কাল কি বিশ্রাম নেওয়া হবে?,pending
02094,আপনি কি ছোট সূর্য চান?,pending
02095,কীভাবে সন্ধ্যা লিখছি?,pending
02096,পরে কি বিশ্রাম নেওয়া হবে?,pending
02097,আপনি কি চিন্তিত মন্দির চান?,pending
02098,আপনি কি ভালো কম্পিউটার চান?,pending
02099,সানিয়া কি সমুদ্রের কাছে যাবে?,pending
02100,কীভাবে কম্পিউটার দেখব?,pending
02101,আপনি কি উজ্জ্বল মন্দির চান?,pending
02102,আপনি কি মিষ্টি আনন্দ চান?,pending
02103,কীভাবে বন্ধু চাইতে থাকি?,pending
02104,কীভাবে সমাধান খাচ্ছি?,pending
02105,কীভাবে পাহাড় খাচ্ছি?,pending
02106,টুম্পা কি হাসপাতালে যাবে?,pending
02107,আপনি কি সবুজ সমুদ্র চান?,pending
02108,কীভাবে কম্পিউটার গেছি?,pending
02109,আপনি কি দ্রুত সবজি চান?,pending
02110,কীভাবে প্রশ্ন লিখেছি?,pending
02111,রাতে কি বিশ্রাম নেওয়া হবে?,pending
02112,আপনি কি দুর্বল রাস্তা চান?,pending
02113,আপনি কি অন্ধকার পড়াশোনা চান?,pending
02114,সন্ধ্যায় কি ছবি আঁকা হবে?,pending
02115,"বলুন, আপনার কম্পিউটার কী?",pending
02116,আপনি কি চিন্তিত সন্ধ্যা চান?,pending
02117,কীভাবে সন্ধ্যা আসতে চাই?,pending
02118,টুম্পা কি বিশ্ববিদ্যালয়ে যাবে?,pending
02119,টুম্পা কি পার্কে যাবে?,pending
02120,রাম কি চট্টগ্রামে যাবে?,pending
02121,আপনি কি মিষ্টি পার্ক চান?,pending
02122,হঠাৎ কালভৈরব যন্ত্রটা থেকে নিঃসারিত হতে থাকল তীব্র নীল আলো।,pending
02123,সামনের মেঝেতে ভস্ম আর সিঁদুর দিয়ে আঁকা কালভৈরব যন্ত্র।,pending
02124,তাঁর ষষ্ঠেন্দ্রিয় তাঁকে জানায় তিনি ঠিক পথেই এগোচ্ছেন।,pending
02125,নীলাম্বর বাকরুদ্ধ হয়ে কালভৈরব যন্ত্রের দিকে চেয়ে রইলেন।,pending
02126,কিন্তু বারান্দার দিকে চোখ পড়তেই আশ্চর্য হয়ে গেল সে।,pending
02127,যার কাছে তার স্ত্রী আর ছেলেই ছিল একমাত্র শান্তির জগৎ।,pending
02128,মাথায় আগুন চড়ে গেল স্ত্রীর সঙ্গে আলিঙ্গনরত তন্ময়কে দেখে।,pending
02129,দেহের মধ্যে শিরা-উপশিরাগুলো যন্ত্রণায় ছিঁড়ে যাচ্ছে।,pending
02130,শান্তনু সবে তৈরি হচ্ছিল আত্রেয়ীকে মোক্ষম জবাব দেবার জন্য।,pending
02131,যতদূর মনে হয় ওঁর প্রথম ছবিই ছিল ত্র্যম্বকেশ্বরের বিজয়িনী।,pending
02132,নীলাম্বরও মন্ত্রকণ্ঠে গমগমে স্বরে তিনবার ওম উচ্চারণ করেন।,pending
02133,কিন্তু ও যে স্পষ্ট দেখেছে আত্রেয়ী বসে ওর দিকেই তাকিয়ে ছিল।,pending
02134,সেই নিয়তির ভোগযন্ত্রণা থেকে তাকে তুই-ই মুক্তি দিবি।,pending
02135,সারা শরীরের রক্ত ধুয়ে দিতে দিতে বৃষ্টিও ক্লান্ত হয়ে গেল।,pending
02136,চার পুরোহিত উচ্চকণ্ঠে সংস্কৃত মন্ত্রোচ্চারণ করে চলেছেন।,pending
02137,অসুস্থ পার্ক দেখো!,pending
02138,কী অপ্রিয় সমুদ্র!,pending
02139,চিন্তিত স্কুল দেখো!,pending
02140,সায়ন কৌতূহলী হয়ে জিজ্ঞেস করে।,pending
02141,গলায় এবার অল্প-অল্প আশঙ্কা।,pending
02142,মনে মনে আতঙ্ক গ্রাস করছে তন্ময়কে।,pending
02143,এই অবস্থায় কান্নাকাটি ঠিক নয়।,pending
02144,নিঃশব্দে বয়ে চলেছে মুখে আঙুল দিয়ে।,pending
02145,অশনির আশঙ্কায় থমকে গেল তারা।,pending
02146,আরে বাবা আমি নার্সিংহোমে আছি তাই ধরতে পারিনি।,pending
02147,হাতের অল্প ঠেলাতেই ঘরের দরজাটা খুলে গেল।,pending
02148,বাকি রইল বড়ো উডেন ফার্নিশের আলমারি।,pending
02149,লাঞ্চের টাইমও তো হয়ে গেছে।,pending
02150,জানালার কাচে ফেটে যাওয়ার অজস্র নিশান।,pending
02151,এক্ষুনি কয়েক ঢোঁক জল না খেলেই নয়।,pending
02152,অকাতরে ঘুমোচ্ছে তিন বছরের সোনাই।,pending
02153,তলিয়ে যাচ্ছে সর্বনাশের অতল খাদে।,pending
02154,মিহিরের ইমিডিয়েট বস সংগ্রামজিৎ।,pending
02155,একটু বিস্তারিত বললে ভালো হয়।,pending
02156,আনন্দে রাতে ঘুম চলে গিয়েছিল তার।,pending
02157,সঙ্গে একটা বড়ো দীর্ঘশ্বাস।,pending
02158,মৃন্ময়ীও যথেষ্ট অবাক হল।,pending
02159,বুটের শব্দ তুলে কৃষ্ণপদ চলে গেলেন।,pending
02160,এটা তো বেশ রিস্ক হয়ে গেল।,pending
02161,কৃষ্ণপদর নম্বর ডায়াল করতে যায়।,pending
02162,যে কল অ্যাক্সেপ্ট না করেই হ্যালো বলে ফেলেছেন।,pending
02163,তারও কিছু একটা সন্দেহ হয়।,pending
02164,সায়ন এসেছে দেখেই দৌড়ে আসে সূর্য।,pending
02165,আচমকাই একটা লোকের সঙ্গে জোর ধাক্কা।,pending
02166,পরক্ষণেই কে আপনি বলে প্রশ্ন করেছে।,pending
02167,কুকুরটাকে এক মুহূর্তও সময় দেয় না।,pending
02168,ছুঁচোলো দাঁত বের করে গরগর শব্দ করতে থাকে কুকুরটা।,pending
02169,মনিটরে ধরা পড়ছে প্রাণপাখিটার গতিবিধি।,pending
02170,আত্রেয়ী তাকে শুধরে দিতে গিয়েছিল।,pending
02171,কিন্তু মৃন্ময়ীর সাড়া নেই।,pending
02172,এরকমই হাজারটা প্রশ্নের উত্তর জানতে হবে মুনাই।,pending
02173,খালি কুক কুক করে শব্দ করে যাচ্ছে।,pending
02174,তেঁতুল মনে মনে ছেলেগুলোকে গাল দিল আচ্ছা করে।,pending
02175,মনে হচ্ছে বহুকাল বাদে জেগে উঠছে সে।,pending
02176,আমার তো মাথার ওপর দিয়ে বেরিয়ে যাচ্ছে।,pending
02177,একবার ঘোরাতেই খট করে শব্দ হয়।,pending
02178,ক্যানের মুখটা খুলতেই শব্দটা হল।,pending
02179,তার ওপর কাচের তৈরি লম্বাটে পাত্র।,pending
02180,তন্ময় এবার বেশ চিন্তায় পড়ল।,pending
02181,যদি কিছু সন্দেহজনক চোখে পড়ে।,pending
02182,দমটা এবার বন্ধ হয়ে আসছে তন্ময়ের।,pending
02183,অ্যাম্বুলেন্স ডাকো শিগগিরি।,pending
02184,এখন অনেকটা সেরকমই শব্দ হল।,pending
02185,শুধু একটা শব্দ হল যেন দোতলায়।,pending
02186,দমকা ভয়টা ছেলের কথা প্রায় ভুলিয়েই দিয়েছিল।,pending
02187,আবার নীচে ছেলে কিছু দেখাবার চেষ্টা করছে।,pending
02188,আজ রাতেরটা ওঁরাই ব্যবস্থা করেছেন।,pending
02189,তবে কাল থেকে রক্তের প্রয়োজন।,pending
02190,সেটা দিয়ে অনায়াসেই ফ্ল্যাটের দরজা খুলে অন্দরে।,pending
02191,বেডরুমে ঢুকে গেল সায়ন আর সূর্য।,pending
02192,সারা বাড়ি তো তন্নতন্ন করে খোঁজা হল।,pending
02193,ধানুয়ার চোখের ওপর চোখ রেখে প্রশ্ন করল সায়ন।,pending
02194,গেলে বিপদের আশঙ্কা নব্বই শতাংশ।,pending
02195,বয়স্কা মহিলা দরজা খুললেন।,pending
02196,বন্দনার বাড়ি থেকে থানায় ফিরেছিল সায়ন।,pending
02197,সায়ন উঁচু স্বরে জিজ্ঞেস করল।,pending
02198,বিকট শব্দে সে-ও চাকা ঘষে ছুটে গেল।,pending
02199,সেই আমাদের প্রথম ওরকম চোখের কথা বলে।,pending
02200,সকলেই ভালো করে পর্যবেক্ষণ করে।,pending
02201,কমিশনারের গলার ভাঁজে বিন্দু বিন্দু ঘাম।,pending
02202,আবদুলের ব্যাপারটা আমরা দেখে নিচ্ছি।,pending
02203,ফোঁস করে নিশ্বাস ছাড়ল বন্দনা।,pending
02204,বন্দনার বুকটা অজানা কারণেই কেঁপে ওঠে।,pending
02205,তিতিবিরক্ত হয়ে ওঠে বন্দনা।,pending
02206,প্লিজ আপনাদের যা প্রশ্ন আছে সেটা করুন।,pending
02207,আমাদের সময় নষ্ট করার একটা সীমা রাখুন।,pending
02208,বন্দনা মাথা নীচু করে সামনে-পেছনে দুলেই চলেছে।,pending
02209,বলে আত্রেয়ীর চোখের পাতায় হাত ছোঁয়াল।,pending
02210,আত্রেয়ী কটমট করে চেয়ে রইল লোকটার দিকে।,pending
02211,সেই থেকে আমি আত্রেয়ী সেনের কাজ করছি।,pending
02212,কত অজানা মন্ত্র শিখি।,pending
02213,নীলাম্বরের কথা শুনে অবাক হয়ে যায় মুনাই।,pending
02214,তন্ময়ের কথা শুনে হাসল বন্দনা।,pending
02215,আত্রেয়ীকে একবার দেখে নিল তন্ময়।,pending
02216,ওগুলো নন্দনকে বলে বাড়িতে ড্রপ করে দিতে বলো।,pending
02217,সিঁড়ি বেয়ে উঠতে থাকে বন্দনা।,pending
02218,গলায় হাত দিয়ে খকখক করে কাশতে থাকে আত্রেয়ী।,pending
02219,বন্দনার কথায় অবাক আত্রেয়ী।,pending
02220,বন্দনা এক গ্লাস জল এনে দেয় তার ম্যাডামকে।,pending
02221,কিন্তু তখন ম্যাডামের কোনো ভালো ছবি ছিল না।,pending
02222,তার জন্য প্রয়োজন ভালো ফটোগ্রাফার।,pending
02223,কিন্তু তাদেরও তো বিশাল খাঁই।,pending
02224,শান্তনুও থ হয়ে দাঁড়িয়ে থাকে।,pending
02225,আপনাকে দেখে তো বেদেনি বলে মনে হচ্ছে না।,pending
02226,কারণ সারাদিন উনি ভীষণ ব্যস্ত থাকবেন।,pending
02227,সোজাসুজি একটা বন্ধ দরজা দেখল।,pending
02228,বাবার সঙ্গে মুখ দেখাদেখি বন্ধ।,pending
02229,সেখানে কোনো কম্প্রোমাইজ করি না আমি।,pending
02230,বন্দনা মনিটরের সামনে দাঁড়িয়েছিল।,pending
02231,বন্দনা হাঁ করে মুখে হাত চাপা দেয়।,pending
02232,আত্রেয়ী খামচে ধরেছে তন্ময়ের পিঠ।,pending
02233,বন্দনা দেখতে দেখতে লজ্জায় লাল হয়ে যাচ্ছে।,pending
02234,গলা শুকিয়ে আসছে বন্দনার।,pending
02235,বেকার আমার জন্য তোমার অশান্তি বাড়বে।,pending
02236,তন্ময়ের ঠোঁটে প্রেমিক-প্রেমিক হাসি।,pending
02237,আর ক্যামেরাম্যানের খাটনিও প্রচুর কমে গেছে।,pending
02238,আত্রেয়ী আমায় সেই সুযোগই দেয়নি।,pending
02239,কিন্তু কোনো-না-কোনো কাজ ঠিক এসে পড়ছিল।,pending
02240,বন্দনা সায়নের দিকে তাকিয়ে মাথা নাড়ল।,pending
02241,সূর্য জায়গা ছেড়ে উঠে বেরিয়ে গেল।,pending
02242,বন্দনার মুখটা শুকিয়ে গেল।,pending
02243,তোমার আত্রেয়ী বাঁচবে কিনা জানি না।,pending
02244,তন্ময় হাঁ করে কাকভেজা বন্দনাকে দেখছে।,pending
02245,কাল থেকে বরং ম্যাডামের সঙ্গে আবার কাজে বেরোব।,pending
02246,আর এক মুহূর্তও দাঁড়াল না।,pending
02247,আমার বাধা দেবার কোনো রাস্তাই ছিল না।,pending
02248,ইনফ্যাক্ট সেখানেই আপনাকে প্রথম দেখলাম।,pending
02249,কথাটা শুনে বন্দনা হকচকিয়ে গেল।,pending
02250,চেয়ারে বসেই বন্দনা ছটফট করতে থাকে।,pending
02251,মা কিছু একটা সন্দেহ তো করেই।,pending
02252,এবার আপনারা একটা প্রশ্ন করলেও আমি আর জবাব দেব না।,pending
02253,আমি আর একটা প্রশ্নেরও উত্তর দেব না।,pending
02254,শরীরে এত ধকল কিন্তু আর সইবে না।,pending
02255,কিন্তু এখন তো কারও কোথাও পালাবার পথ নেই।,pending
02256,নিজেকে যে থামাবে সেটাও সম্ভব হচ্ছে না।,pending
02257,আপনার কিছু হলে নিজেদের ক্ষমা করতে পারতাম না।,pending
02258,নীলাম্বরবাবু তো আমাদের সামনেই ছিলেন।,pending
02259,আত্রেয়ী শুটিঙে বেরিয়ে যাবার পর হয়েছে।,pending
02260,আমরা দুজনেই তাদের চাক্ষুষ দেখেছি।,pending
02261,এখুনি ল্যাবে পাঠাবার ব্যবস্থা করো।,pending
02262,বাবলু হাত-পা নেড়ে জবাব দিতে যাচ্ছিল।,pending
02263,ওই তান্ত্রিকরা যেমন করে।,pending
02264,নুড়ি-পাথর টপকে পান্নাসবুজ জলের চলা।,pending
02265,চোখ বুজে সূর্য কী যেন ভাবল।,pending
02266,মোবাইল স্ক্রিনে লেখা বাবলু।,pending
02267,তারপর কিচ্ছুটি বুঝতে দেয়নি।,pending
02268,ঠোঁট নেড়ে কথা বলার চেষ্টা করছে।,pending
02269,সেটা একমাত্র আত্রেয়ীই বলতে পারবে।,pending
02270,উঠে গিয়ে বন্ধ করে খিল তুলে দেন।,pending
02271,আমি একটু বারান্দা থেকে হেঁটে আসি।,pending
02272,মুহূর্তে সবক-টি মোমবাতি তিরতির করে কাঁপতে থাকে।,pending
02273,নীলাম্বর আসন ছেড়ে উঠতে পারবেন না।,pending
02274,দাদাভাই আর তন্ময়ের রক্তও লাগছে না।,pending
02275,হঠাৎ মোবাইলের রিংটোনের শব্দ।,pending
02276,যত শুনছে ততই সায়নের চোখ ছোটো হয়ে যাচ্ছে।,pending
02277,সবুজ দরজার পাশেই ছোট্ট একটা সুইচ।,pending
02278,মাঝে রাস্তাও খুব ভালো নয়।,pending
02279,সোমদত্তাকে সঙ্গে নিয়ে সায়ন সময়মতো হাজির।,pending
02280,নার্সের এক ডাকেই চোখ মেলে চাইল তন্ময়।,pending
02281,সায়নবাবু আপনাকে জাস্ট দুটো প্রশ্ন করবে।,pending
02282,ইতিমধ্যেই নার্স আর ডক্টর ঢুকে আসেন।,pending
02283,কাল মধ্যরাত থেকে মোরনি থানায় পঙ্কজ।,pending
02284,তাই আমি কখনোই আপনার বন্ধু হতে পারি না।,pending
02285,তাই পালাবার চেষ্টাটা আপনার মাঠে মারা যায়।,pending
02286,ভারমোর থেকে পালিয়ে চাম্বা গেলেন।,pending
02287,কিন্তু পঙ্কজ সাড়া দিল না।,pending
02288,ওখানে কেমন ট্রিটমেন্ট হচ্ছে আমায় জানাও।,pending
02289,অবশ্যই সেটা আত্রেয়ীর নির্দেশে।,pending
02290,তা এইমাত্র এই কেবিনের পর্দায় হয়েছে।,pending
02291,দিকের দেয়াল পর্যন্ত গেছে।,pending
02292,তন্ময়ের কাজের খুব বড়ো ভক্ত।,pending
02293,সায়নকে দেখে একবার চোখ বন্ধ করে আবার খোলে।,pending
02294,ক্ষমতা রাখে সেটা ভেতর থেকে বুঝতে পারি।,pending
02295,তন্ময় অবাক হয়ে জিজ্ঞেস করল।,pending
02296,যদি না শান্তনুর ছবি দেখে কেউ চিনতে পারত।,pending
02297,এই নিয়েও তো মিডিয়ার প্রশ্নের শেষ নেই।,pending
02298,কিন্তু কিচ্ছু দেখতে পায় না।,pending
02299,আওয়াজটা একবার করে হচ্ছে আর থেমে যাচ্ছে।,pending
02300,বলেই এগিয়ে যেতে থাকে আত্রেয়ীর দিকে।,pending
02301,দেখেন আত্রেয়ী ম্যাডাম নীচে পড়ে আছেন।,pending
02302,আর নীলাম্বরবাবু আপনি এখানেই থাকুন।,pending
02303,সবকটা সিসিটিভি একসঙ্গে পজ হয়ে গেল।,pending
02304,ঠিক সেই সময় আত্রেয়ী সেন নড়ে ওঠে।,pending
02305,নীলাম্বর সোহিনীর চেয়ারটায় বসেছিলেন।,pending
02306,কারণ সে তোমার থেকে কিচ্ছু চায় না।,pending
02307,শান্তনু আত্রেয়ী সেনের স্বামী।,pending
02308,কিন্তু সূর্যের দেখা নেই।,pending
02309,উদ্ভিন্নযৌবন তার ফুলে ফুলে উঠছে।,pending
02310,দেওয়া হচ্ছে না সিসিটিভি ফুটেজ।,pending
02311,আরও অনেক কথা বলে যাচ্ছে টিভিটা।,pending
02312,বড়ি বাড়িতে নিয়ে যাওয়ার কোনো প্রশ্নই নেই।,pending
02313,তোমার সঙ্গে আমার শ্মশানেই দেখা হবে।,pending
02314,মিডিয়া আমাদের দেখলেই ছিঁড়ে খাচ্ছে।,pending
02315,বেডের সঙ্গে ঝোলানো ছিল সুইচ।,pending
02316,ঝটিতি দরজা খুলে ঢুকে আসে নার্স।,pending
02317,আত্রেয়ী সেনের ঘরেও তো সিসিটিভি ছিল।,pending
02318,শুধু একটু সুযোগের অপেক্ষায়।,pending
02319,তাই অচেনা হাতের স্পর্শ পেতেই চোখ খুলে তাকাল সে।,pending
02320,শুধু তোমার একটু হেল্প চাই।,pending
02321,কিন্তু একবারও কাউকে দেখতে পেলাম না।,pending
02322,আরে তাঁদের স্কিল দ্যাখো আর নিজেরটা দ্যাখো।,pending
02323,সামনের লোকটির সঙ্গেই কথা বলে চলল।,pending
02324,আত্রেয়ীইইইইইইই চিৎকার করে ওঠে মিহির।,pending
02325,আত্রেয়ী পালটা প্রশ্ন করল।,pending
02326,এসব আমার কিচ্ছু কাজে লাগবে না।,pending
02327,দরজায় লাগানো আইহোলে চোখ রাখল বন্দনা।,pending
02328,মুহূর্তে শুকিয়ে গেল মুখটা।,pending
02329,মুখে এক রাশ বিরক্তি নিয়ে ক্যামেরা থামাল তন্ময়।,pending
02330,এ ভাই কার পাল্লায় পড়েছি আজ।,pending
02331,আলোকপর্ণার তেজ ওর গাম্ভীর্য।,pending
02332,তন্ময়ের মুখটাও দেখতে ইচ্ছে করছে না তার।,pending
02333,কারণ সেটাই স্ক্রিপ্ট ডিমান্ড করছে।,pending
02334,সায়নের প্রশ্নে মিহিরের ঘোর কাটল।,pending
02335,এখানে নিশ্চয়ই কোনো কেস আছে স্যার।,pending
02336,দমটাও কয়েক মুহূর্তের বিরতি পায়।,pending
02337,আমি ওদের বললাম যে রাস্তায় হারিয়ে গেছে।,pending
02338,তারপর সেটার একটা কালার প্রিন্ট নিলেই হয়ে যাবে।,pending
02339,বন্দনা মায়ের জন্য বিচলিত হয়ে ওঠে।,pending
02340,একটা টর্চ নিয়ে পঙ্কজ বেরোল বটে।,pending
02341,কনকনে ঠান্ডার মধ্যেও ঘনঘন ঘাম মুছছে পঙ্কজ।,pending
02342,শুধু দু-তিন বোতল জল ঢালার শব্দ পেল সে।,pending
02343,সারারাত দু-চোখের পাতা এক করতে পারেনি পঙ্কজ।,pending
02344,সায়ন চুপ করে তাকিয়ে রইল বন্দনার দিকে।,pending
02345,সময় নষ্ট না করে ঝটপট বলে ফেলুন।,pending
02346,বন্দনার কথা শুনে শিরদাঁড়া টানটান করে বসল।,pending
02347,বন্দনা মাথা তোলে মায়ের বুকের ওপর থেকে।,pending
02348,ওদের আশ্রমের একটা নিয়ম ছিল।,pending
02349,তাই মায়ের জন্য আমায় আমার প্রাপ্য বুঝে নিতেই হবে।,pending
02350,রাগে ঘেন্নায় আমার সারা শরীর রিরি করতে থাকে।,pending
02351,বন্দনার এ হেন আচরণে সে তো বেশ অবাক।,pending
02352,আমার বহুদিনের একটা ইচ্ছে আছে।,pending
02353,বলেই বন্দনা ঘরের অভিমুখে চলে গেল।,pending
02354,শব্দ করে বন্ধ হয়ে যায় দরজাটা।,pending
02355,বন্দনার মায়ের কোলেও একটি বাচ্চা।,pending
02356,তন্ময় বজ্রাহতের মতো বন্দনার মুখের দিকে তাকায়।,pending
02357,বন্দনাও ঘাড় ঘুরিয়ে তন্ময়ের দিকে তাকায়।,pending
02358,কান্নার আওয়াজটা পেয়ে তারও কৌতূহল হল।,pending
02359,ওর হাতে যেন কিছু একটা আছে মনে হচ্ছে।,pending
02360,দেয়ালের ফাটল প্রকট হচ্ছে।,pending
02361,জানলার পাশে বসেই বন্দনা মোবাইলে কথা বলছে।,pending
02362,ঠোঁটের কোণে তাচ্ছিল্যের হাসি।,pending
02363,চূড়ান্ত অসভ্যতা চলছে হোটেলে।,pending
02364,কিন্তু সেটা কোনোভাবেই হোটেলে নয়।,pending
02365,তন্ময়… আর-একটাও কথা বলবে না আত্রেয়ী।,pending
02366,শান্তনু আত্রেয়ীর দিকে তাকায়।,pending
02367,বেশি অপেক্ষা করতে হয়নি কাউকেই।,pending
02368,আমার জীবন থাকতে তোমার ক্ষতি কেউ করতে পারবে না।,pending
02369,দুর্বলতা তার সাকসেসের ক্ষেত্রে বাধা হতে পারে।,pending
02370,দীর্ঘ দু-বছর আমি মুখ বুজে সহ্য করি।,pending
02371,যা যা হবে ও নাকি সব কিছুর প্রমাণ রাখবে।,pending
02372,সোমদত্তা সপ্রশ্ন চোখে সায়নের দিকে তাকায়।,pending
02373,তার চেয়ে বন্দনার ভোগেই লাগুক।,pending
02374,গাড়িটা বাম্পারে লাফিয়ে উঠল।,pending
02375,সেক্ষেত্রে যে-কোনো মানুষই মরে যাবে।,pending
02376,তার আগে যথেষ্ট কষ্ট দিয়ে মারা হয়েছে।,pending
02377,তাই বন্দনা যে দোষী সেটা বোঝাটা সম্ভব নয়।,pending
02378,তারপরে নির্দিষ্ট চেয়ারে গিয়ে বসল।,pending
02379,একদিন আপনার সঙ্গে দেখা করবেন বলেছেন।,pending
02380,সকলেই স্ক্রিনের দিকে তাকিয়ে বসে।,pending
02381,কোনো নেটওয়ার্কই পাচ্ছে না।,pending
02382,সূর্য আর সোমদত্তাও যেতে চাইছিল।,pending
02383,আমরা তন্ময় হালদারের কেবিনে যাচ্ছি।,pending
02384,ফাঁকা ঘরে সেই শব্দ ফিরে ফিরে বাজতে লাগল।,pending
02385,বেশ ভয় পেয়েছে সূর্য আর সোমদত্তা।,pending
02386,তাহলে গোটা ঘরের বৃত্তটা সম্পূর্ণ হবে।,pending
02387,ঘরের মধ্যে তাপমাত্রা হিমাঙ্কের কাছাকাছি।,pending
02388,ওদিকে সোমদত্তা ছুটে যায় সূর্যের কাছে।,pending
02389,ফ্রিজারের দরজায় ধাক্কা দিচ্ছে ভয় দেখাবার জন্য।,pending
02390,সূর্যের নজর পড়ে সোমদত্তার দিকে।,pending
02391,সোমদত্তার মধ্যে কোনো অভিব্যক্তি নেই।,pending
02392,সূর্য সোমদত্তার কপালে চুমু খায়।,pending
02393,সোমদত্তার প্রাণটা এবার বেরিয়েই যাবে।,pending
02394,শরীরগুলোয় ক্ষতের দাগ হল শুধু।,pending
02395,ওঁর বয়স প্রায় একশো দুই বছর।,pending
02396,সোমদত্তা আবার তাকায় নীলাম্বরের দিকে।,pending
02397,আপনার দ্বিতীয় প্রশ্নের জবাব দিই আগে।,pending
02398,নীলাম্বরের চোখদুটো চকচক করে ওঠে।,pending
02399,লোকটা প্রচণ্ড রেগে আছে।,pending
02400,ধীরে ধীরে মুখটা খ্যাতলানো রক্তাক্ত হয়ে যায়।,pending
02401,নইলে সব ছারখার করে দেবার ক্ষমতা রাখে এই আত্মা।,pending
02402,সেইদিন থেকেই আজকের ঘটনার সূত্রপাত।,pending
02403,প্রতিটা মিডিয়ায় ছড়িয়ে পড়ে সেই খবর।,pending
02404,বাড়িতে বড়ো করে যজ্ঞের আয়োজন হয়।,pending
02405,চারজন পুরোহিত সেই যজ্ঞ করেন।,pending
02406,আপনার সম্পূর্ণ নাম বলুন দয়া করে।,pending
02407,আমরা নিশ্চিত করব যে এটি আবার না হয়।,pending
02408,আপনার সমস্যা প্রথম অগ্রাধিকার।,pending
02409,আপনার সেবায় আমরা সর্বদা প্রস্তুত।,pending
02410,এই পরিস্থিতি অগ্রহণযোগ্য।,pending
02411,আমরা সর্বদা প্রস্তুত সাহায্য করতে।,pending
02412,এই পণ্যের বৈশিষ্ট্য দেখুন।,pending
02413,আপনার অনুরোধ গ্রহণ করা হয়েছে।,pending
02414,আপনার অনুরোধ প্রসেস হচ্ছে।,pending
02415,সন্ধ্যায় আমি দৌড়ানো করব।,pending
02416,আমরা ক্লান্ত চাঁদ লিখব।,pending
02417,নোংরা মন্দির থাকলে দুঃখ হবে।,pending
02418,স্কুল শেষ হলে মন্দির শুরু করব।,pending
02419,অর্জুন মিষ্টি খাচ্ছে।,pending
02420,অফিস ভালো কিন্তু বই আরও ভালো।,pending
02421,"শুনুন, গান সম্পর্কে বলি।",pending
02422,"শুনুন, আকাশ সম্পর্কে বলি।",pending
02423,সন্দেশ স্বাস্থ্যের জন্য ভালো।,pending
02424,পাহাড় শেষ হলে মন্দির শুরু করব।,pending
02425,"শুনুন, টাকা সম্পর্কে বলি।",pending
02426,আমার ক্লান্ত চাঁদ লাগছে।,pending
02427,অর্জুন হাসপাতাল করবে আর আমি সন্তান করব।,pending
02428,সানিয়া চট্টগ্রামে থাকে।,pending
02429,চট্টগ্রামে থেকে আমির এসেছে।,pending
02430,"শুনুন, খাবার সম্পর্কে বলি।",pending
02431,সুন্দর পার্ক থাকলে মা হবে।,pending
02432,দরজা ভালো কিন্তু হাসপাতাল আরও ভালো।,pending
02433,সন্ধ্যায় দৌড়ানো শুরু হবে।,pending
02434,"শুনুন, নদী সম্পর্কে বলি।",pending
02435,জাহির বন্ধু করবে আর আমি মন্দির করব।,pending
02436,"শুনুন, সমাধান সম্পর্কে বলি।",pending
02437,মাছ ভালো কিন্তু চাঁদ আরও ভালো।,pending
02438,গান ভালো কিন্তু সময় আরও ভালো।,pending
02439,জল ভালো কিন্তু পড়াশোনা আরও ভালো।,pending
02440,অপ্রিয় চা থাকলে ঘড়ি হবে।,pending
02441,পার্ক ভালো কিন্তু মা আরও ভালো।,pending
02442,এই কম্পিউটার অনেক সুখী।,pending
02443,চট্টগ্রামে থেকে মিতা এসেছে।,pending
02444,মাঠ ভালো কিন্তু হাসপাতাল আরও ভালো।,pending
02445,আমি ঘড়ি করব এবং তুমি সন্তান করো।,pending
02446,আমি সূর্য করব এবং তুমি সমাধান করো।,pending
02447,"শুনুন, মাঠ সম্পর্কে বলি।",pending
02448,হাসপাতাল ভালো কিন্তু মাংস আরও ভালো।,pending
02449,চট্টগ্রামে থেকে রাকিব এসেছে।,pending
02450,আমরা ক্লান্ত পাখি বলেছি।,pending
02451,মুনির রসগোল্লা খাচ্ছে।,pending
02452,"শুনুন, পাখি সম্পর্কে বলি।",pending
02453,সবাই কম্পিউটার শুনতে চাই।,pending
02454,সন্ধ্যায় আমি পড়াশোনা করব।,pending
02455,গোলাপি কম্পিউটার পছন্দ করি।,pending
02456,রাজশাহীতে থেকে প্রিয়া এসেছে।,pending
02457,টুম্পা মিষ্টি খাচ্ছে।,pending
02458,আগামীকাল মন্দির হবে তারপর জানালা হবে।,pending
02459,আমার দ্রুত পড়াশোনা লাগছে।,pending
02460,"শুনুন, মাংস সম্পর্কে বলি।",pending
02461,"শুনুন, মাটি সম্পর্কে বলি।",pending
02462,বই ভালো কিন্তু চাঁদ আরও ভালো।,pending
02463,"শুনুন, জানালা সম্পর্কে বলি।",pending
02464,বোন ভালো কিন্তু আনন্দ আরও ভালো।,pending
02465,সমাধান ভালো কিন্তু খাবার আরও ভালো।,pending
02466,সন্ধ্যায় বাজার হবে তারপর দুঃখ হবে।,pending
02467,"শুনুন, আশা সম্পর্কে বলি।",pending
02468,আমি সময় করব এবং তুমি প্রশ্ন করো।,pending
02469,সন্ধ্যায় বিকাল হবে তারপর দোকান হবে।,pending
02470,জাহির সমুদ্রের কাছে যাচ্ছে।,pending
02471,চট্টগ্রামে থেকে রবি এসেছে।,pending
02472,এই কম্পিউটার অনেক শীতল।,pending
02473,সুখী মাংস থাকলে মন্দির হবে।,pending
02474,শান্ত নদী থাকলে রাস্তা হবে।,pending
02475,সমস্যা ভালো কিন্তু দরজা আরও ভালো।,pending
02476,"শুনুন, চা সম্পর্কে বলি।",pending
02477,সকালে চাঁদ হবে তারপর কম্পিউটার হবে।,pending
02478,গল্প ভালো কিন্তু রাত আরও ভালো।,pending
02479,গাড়ি ভালো কিন্তু নদী আরও ভালো।,pending
02480,আমরা ক্লান্ত টাকা ভাবতে চাই।,pending
02481,টুম্পা বাড়িতে যাচ্ছে।,pending
02482,"শুনুন, বাজার সম্পর্কে বলি।",pending
02483,ঘড়ি ভালো কিন্তু কলেজ আরও ভালো।,pending
02484,বিখ্যাত গল্প পছন্দ করি।,pending
02485,সবজি ভালো কিন্তু পাখি আরও ভালো।,pending
02486,আনন্দ ভালো কিন্তু আশা আরও ভালো।,pending
02487,সরল নদী থাকলে কম্পিউটার হবে।,pending
02488,কম্পিউটার শেষ হলে হাসপাতাল শুরু করব।,pending
02489,কাপড় ভালো কিন্তু বাস আরও ভালো।,pending
02490,শীতল সূর্য থাকলে মোবাইল হবে।,pending
02491,"শুনুন, উত্তর সম্পর্কে বলি।",pending
02492,রাস্তা ভালো কিন্তু কফি আরও ভালো।,pending
02493,মজবুত পড়াশোনা পছন্দ করি।,pending
02494,কলেজ ভালো কিন্তু হাসপাতাল আরও ভালো।,pending
02495,এই সন্ধ্যা অনেক আনন্দিত।,pending
02496,প্রিয় জানালা থাকলে পার্ক হবে।,pending
02497,পাহাড় ভালো কিন্তু উত্তর আরও ভালো।,pending
02498,"শুনুন, রাত সম্পর্কে বলি।",pending
02499,কামাল চট্টগ্রামে যাচ্ছে।,pending
02500,চট্টগ্রামে থেকে সীতা এসেছে।,pending
02501,টুম্পা পার্কে যাচ্ছে।,pending
02502,গল্প ভালো কিন্তু গান আরও ভালো।,pending
02503,আনন্দ ভালো কিন্তু আকাশ আরও ভালো।,pending
02504,"শুনুন, কাজ সম্পর্কে বলি।",pending
02505,আমি কম্পিউটার করব এবং তুমি বাড়ি করো।,pending
02506,টুম্পা অফিস করবে আর আমি পার্ক করব।,pending
02507,মাংস ভালো কিন্তু হাসপাতাল আরও ভালো।,pending
02508,গীতা চট্টগ্রামে যাচ্ছে।,pending
02509,নোংরা রুটি থাকলে সন্ধ্যা হবে।,pending
02510,মাঠ ভালো কিন্তু দুঃখ আরও ভালো।,pending
02511,"শুনুন, মাছ সম্পর্কে বলি।",pending
02512,বাস ভালো কিন্তু গাড়ি আরও ভালো।,pending
02513,উষ্ণ দিন থাকলে সমুদ্র হবে।,pending
02514,যদি বন্ধু হয় তাহলে কাপড় হবে।,pending
02515,সন্ধ্যায় অফিস হবে তারপর পাহাড় হবে।,pending
02516,কৃষ্ণ কম্পিউটার দিচ্ছি।,pending
02517,আমি গাড়ি করব এবং তুমি মন্দির করো।,pending
02518,হাসপাতাল ভালো কিন্তু নদী আরও ভালো।,pending
02519,সরল সমুদ্র থাকলে আনন্দ হবে।,pending
02520,সন্ধ্যায় মোবাইল হবে তারপর ভাই হবে।,pending
02521,করিম পড়াশোনা করবে আর আমি সন্ধ্যা করব।,pending
02522,সন্ধ্যায় টিভি দেখা শুরু হবে।,pending
02523,দুর্বল কম্পিউটার পছন্দ করি।,pending
02524,আমরা ক্লান্ত হাসপাতাল পেরেছি।,pending
02525,ক্লান্ত দরজা পছন্দ করি।,pending
02526,রহিম চট্টগ্রামে যাচ্ছে।,pending
02527,স্কুল ভালো কিন্তু ভাই আরও ভালো।,pending
02528,অসুস্থ খাবার পছন্দ করি।,pending
02529,বন ভালো কিন্তু রাস্তা আরও ভালো।,pending
02530,সুমি সন্ধ্যা করবে আর আমি হাসপাতাল করব।,pending
02531,"শুনুন, সময় সম্পর্কে বলি।",pending
02532,পড়াশোনা ভালো কিন্তু পাহাড় আরও ভালো।,pending
02533,পার্ক ভালো কিন্তু জুতা আরও ভালো।,pending
02534,শফিক রসগোল্লা খাচ্ছে।,pending
02535,আমি বন্ধু করব এবং তুমি চাঁদ করো।,pending
02536,অসুস্থ জুতা পছন্দ করি।,pending
02537,গল্প ভালো কিন্তু ভাত আরও ভালো।,pending
02538,আমার দ্রুত সূর্য লাগছে।,pending
02539,আমি কফি করব এবং তুমি সন্ধ্যা করো।,pending
02540,আমি সন্ধ্যা করব এবং তুমি ভাত করো।,pending
02541,মাংস ভালো কিন্তু খাবার আরও ভালো।,pending
02542,বাগান ভালো কিন্তু হাসপাতাল আরও ভালো।,pending
02543,আমি সূর্য করব এবং তুমি কলেজ করো।,pending
02544,যদি রাস্তা হয় তাহলে আনন্দ হবে।,pending
02545,ক্লান্ত পাখি থাকলে মাছ হবে।,pending
02546,"শুনুন, অফিস সম্পর্কে বলি।",pending
02547,সকালে সন্ধ্যা হবে তারপর দুঃখ হবে।,pending
02548,যদি অফিস হয় তাহলে প্রশ্ন হবে।,pending
02549,আমি জুতা করব এবং তুমি সন্ধ্যা করো।,pending
02550,আমির চট্টগ্রামে যাচ্ছে।,pending
02551,পার্ক শেষ হলে সূর্য শুরু করব।,pending
02552,রাস্তা ভালো কিন্তু জুতা আরও ভালো।,pending
02553,উজ্জ্বল সূর্য পছন্দ করি।,pending
02554,আনন্দ ভালো কিন্তু বন আরও ভালো।,pending
02555,পাহাড় শেষ হলে কম্পিউটার শুরু করব।,pending
02556,মাংস ভালো কিন্তু পাখি আরও ভালো।,pending
02557,বিখ্যাত চাঁদ থাকলে মন্দির হবে।,pending
02558,সবাই কম্পিউটার যাচ্ছি।,pending
02559,আমার আনন্দিত পড়াশোনা লাগছে।,pending
02560,আমি সূর্য করব এবং তুমি দোকান করো।,pending
02561,প্রিয়া রাজশাহীতে যাচ্ছে।,pending
02562,সমাধান ভালো কিন্তু দরজা আরও ভালো।,pending
02563,নিতা সমুদ্রের কাছে যাচ্ছে।,pending
02564,চিন্তিত রাস্তা পছন্দ করি।,pending
02565,আমার শান্ত সমুদ্র লাগছে।,pending
02566,"শুনুন, সমস্যা সম্পর্কে বলি।",pending
02567,কাজ ভালো কিন্তু পার্ক আরও ভালো।,pending
02568,চট্টগ্রামে থেকে রিতা এসেছে।,pending
02569,চট্টগ্রামে থেকে সুমি এসেছে।,pending
02570,দ্রুত সন্তান পছন্দ করি।,pending
02571,বন্ধু ভালো কিন্তু বিকাল আরও ভালো।,pending
02572,এই সন্ধ্যা অনেক প্রিয়।,pending
02573,বশির সমুদ্রের কাছে যাচ্ছে।,pending
02574,সকালে আনন্দ হবে তারপর গল্প হবে।,pending
02575,পুরনো সন্ধ্যা থাকলে সময় হবে।,pending
02576,আমি দুঃখ করব এবং তুমি প্রশ্ন করো।,pending
02577,চিন্তিত গল্প পছন্দ করি।,pending
02578,যদি প্রশ্ন হয় তাহলে পড়াশোনা হবে।,pending
02579,দিন ভালো কিন্তু পড়াশোনা আরও ভালো।,pending
02580,নদী ভালো কিন্তু সমাধান আরও ভালো।,pending
02581,সূর্য শেষ হলে গল্প শুরু করব।,pending
02582,মিষ্টি সুখ থাকলে নদী হবে।,pending
02583,সন্ধ্যায় বই হবে তারপর ঘড়ি হবে।,pending
02584,পাহাড় ভালো কিন্তু ফুল আরও ভালো।,pending
02585,আধ ঘণ্টা অপেক্ষা করুন।,pending
02586,কিন্তু মিহির এমন চাপাচাপি করল যে… হু!,pending
02587,এই থ্রিলিং জীবনে এমন কমেডিও ঘটে!,pending
02588,কিন্তু এখন দেখছি এটা এইরকম!,pending
02589,কেন যে যেচে আগুনের মধ্যে তোকে ঠেলে দিলাম!,pending
02590,আসলে ওই অত দূর থেকে একটা লোককে দেখেছ তো!,pending
02591,এর মধ্যে ও যদি কারও ক্ষতি করে বসে!,pending
02592,আমি যদি কিছু হেল্প করতে পারি!,pending
02593,বেড়ে যাওয়া শক্তির অংশ!,pending
02594,কী অপ্রিয় কম্পিউটার!,pending
02595,পর্দার ওপারে নিশ্চয়ই কেউ আছে নইলে এমন শব্দ কে করবে?,pending
02596,ছুপ চুপ কর মেডাম কা এক্সক্লিউজিভ ফোটো খিচনা হ্যায় না?,pending
02597,এত কড়াকড়ি টপকে এই লোকটা এই পর্যন্ত পৌঁছোল কী করে?,pending
02598,কেনই-বা একটা নির্দিষ্ট সময়ে সিসিটিভি নিষ্ক্রিয় হয়ে গেল?,pending
02599,আত্রেয়ী দেবী আর শান্তনুবাবুর মধ্যে কী নিয়ে ঝগড়া হত?,pending
02600,আমার অসুস্থ মাকে শিখণ্ডী করে আমার মুখ থেকে কথা বের করবেন?,pending
02601,আগে বলো আত্রেয়ীর অল্প বয়সের ছবি তোমার কাছে কী করে এল?,pending
02602,কোন ডাক্তার দেখেছিল?,pending
02603,তুমি বেরোচ্ছিলে কেন?,pending
02604,গাড়ি কী অবস্থায়?,pending
02605,খেলাধুলা পছন্দ করো?,pending
02606,তুমি কি অপ্রিয় আছো?,pending
02607,তোমার বন্ধু কোথায়?,pending
02608,টুম্পা কোথায় গেছে?,pending
02609,কীভাবে রুটি খাচ্ছি?,pending
02610,"আচ্ছা, পার্ক কেমন?",pending
02611,কীভাবে মন্দির শুনি?,pending
02612,কীভাবে প্রশ্ন লিখি?,pending
02613,কেন কম্পিউটার লিখব?,pending
02614,কীভাবে বন্ধু দেখছি?,pending
02615,সমুদ্র কখন শেষ হবে?,pending
02616,কীভাবে সমুদ্র দিই?,pending
02617,তুমি কি অন্ধকার আছো?,pending
02618,"আচ্ছা, সন্তান কেমন?",pending
02619,কীভাবে সমুদ্র করেছি?,pending
02620,কেন কম্পিউটার শুনব?,pending
02621,কীভাবে মাংস যাচ্ছি?,pending
02622,তুমি কি নার্সিংহোমে নাকি?,pending
02623,তুমি আমায় আশ্রয় দিয়েছ?,pending
02624,মানে ঘটনাটা যখন ঘটে আপনি কোথায় ছিলেন?,pending
02625,উনি মিহিরকে এই ঘটনাটা ঘটাতে দেখেছেন?,pending
02626,নাকি কলে-পড়া কোনো জন্তু?,pending
02627,ওই মানুষটাও কি বুঝছে না কেউ এসেছে?,pending
02628,ওকে আয়ার হাতে ছেড়ে এসেছ নাকি?,pending
02629,এতটা ভুল দেখল মৃন্ময়ী?,pending
02630,অচেনা জায়গায় বউদি গেল কোথায়?,pending
02631,আপনার শরীর কী খুব খারাপ করছে মিসেস সরখেল?,pending
02632,এতগুলো ঘর পেরিয়ে এই কোণের ঘরেই কেন এলে?,pending
02633,কিন্তু কার জামিন হবে কাল?,pending
02634,কিন্তু কেন সে এমন কাজ করবে?,pending
02635,জেল ভেঙে একটা লোক পালায়ই-বা কী করে?,pending
02636,কথাটা কি খোঁচা মেরে বলল বুড়োটা?,pending
02637,সারাদিন তোমার ফোন রিসিভ করব বলে বসে আছি?,pending
02638,কে বলতে পারে আমার ফোন ট্যাপ করা নেই?,pending
02639,গতকালের ঘটনাটায় কি তবে তারাও ভয় পেল?,pending
02640,এটা কি তবে জোড়া গ্লাসের একটা?,pending
02641,অথচ নিমেষে উধাও কী করে হল?,pending
02642,বন্দনা দিদি আয়ে থে ইধার?,pending
02643,তাহলে কি টিকটিকিতে এই কাণ্ড ঘটাল?,pending
02644,মিহির জেল থেকে পালাবার পরেই কথা বলেছেন তো?,pending
02645,তন্ময়বাবুর খবর নিতে গিয়েছিলেন তো?,pending
02646,জিজ্ঞেস করে কী হয়েছে স্যার?,pending
02647,কোন শুয়োরের বাচ্চা এ কাজ করলি?,pending
02648,তুমি কোন সাহসে আমার বাড়িতে বসে নোংরামি করো?,pending
02649,গলায় নাগরের দেওয়া হিরের হার ঝুলিয়েছিস না মাগি?,pending
02650,আমার হাত থেকে ফোন কেড়ে নাও তুমি?,pending
02651,উনি কী শোবার জন্য পয়সা নেন নাকি?,pending
02652,ঢোঁড়া সাপ আবার ফণাও তোলে?,pending
02653,নিজের সন্তানকে কী করে মারব আমি?,pending
02654,আর আলো-পাখাই বা বন্ধ কেন?,pending
02655,ইনভার্টারটা খারাপ হয়ে গেছে নাকি?,pending
02656,স্যার আপলোগ ক্যায়া লেঙ্গে?,pending
02657,এই সামান্য কথাটা কেন মাথায় আসেনি তার?,pending
02658,হঠাৎ কোনো কারণ ছাড়া চাকরি ছেড়ে দিলেন কেন?,pending
02659,সূর্যের কাজের কী আপডেট?,pending
02660,এটা কী করে বিশ্বাস করি ধানুয়া?,pending
02661,যে কেবল পালিয়ে বেড়াচ্ছে?,pending
02662,তা কার সঙ্গে অত বকবক করছিলে?,pending
02663,চেয়ে বেওয়ারিশ হয়ে পড়ে থাকত?,pending
02664,আপনাদের মিনিমাম দায়িত্ববোধ নেই?,pending
02665,স্বামীকে খেয়েও আশ মেটেনি?,pending
02666,সেখানে এই তন্ময় হালদার কে?,pending
02667,এ কী ধরনের রেসপন্সিবিলিটি ভাই?,pending
02668,আপনি মাঝখান থেকে কেন কথা বলতে শুরু করলেন?,pending
02669,এটা কী লুকিয়ে রাখার ব্যাপার নাকি?,pending
02670,এই জন্য তুই কাজ ছেড়ে বাড়িতে বসে?,pending
02671,মায়ের সামনে বলব আপনার কেন ফাঁসি হবে?,pending
02672,নাকে কাঁদুনিটা ওর সামনেই কাঁদতে হল?,pending
02673,শুনতে পাচ্ছি না… হন্টেড?,pending
02674,সেটাই করতে হবে… এতে তোমারও সুবিধে তাই তো?,pending
02675,আপ লোগ খানা ক্যায়া লেঙ্গে?,pending
02676,বন্দনার মায়ের কী হয়েছে?,pending
02677,বন্দনা এটা দেখে কাঁদছিল কেন?,pending
02678,আত্রেয়ীকে শেষ করে দেওয়া?,pending
02679,আর তুমি সেটাকে মেঘে ঢেকে দিতে চাইছ?,pending
02680,এইরকম মেমরি নিয়ে পুলিশে কাজ করছ?,pending
02681,দুজনেই পজেসড হয়ে গেল কী করে?,pending
02682,আজ হঠাৎ এমন কেন হচ্ছে?,pending
02683,আপনার সমস্যা বিস্তারিত বলতে পারেন?,pending
02684,এখানে মন্দির পাওয়া যায়?,pending
02685,সন্ধ্যায় কি বাগান করা হবে?,pending
02686,আপনি কি সুন্দর মাটি চান?,pending
02687,কীভাবে জানালা খাচ্ছি?,pending
02688,"আচ্ছা, ভালোবাসা কেমন?",pending
02689,"বলুন, আপনার সন্ধ্যা কী?",pending
02690,"আচ্ছা, পড়াশোনা কেমন?",pending
02691,তুমি কি হাসপাতাল যাচ্ছি?,pending
02692,"বলুন, আপনার সূর্য কী?",pending
02693,"বলুন, আপনার মন্দির কী?",pending
02694,তুমি কি পাহাড় যাচ্ছি?,pending
02695,সন্ধ্যায় কি খেলা হবে?,pending
02696,আপনি কি সবুজ সন্ধ্যা চান?,pending
02697,টুম্পা কি দোকানে যাবে?,pending
02698,আপনি কি অসুস্থ বিকাল চান?,pending
02699,টুম্পা কি বাড়িতে যাবে?,pending
02700,আপনি কি শান্ত সময় চান?,pending
02701,"আচ্ছা, হাসপাতাল কেমন?",pending
02702,শীঘ্রই কি গান গাওয়া হবে?,pending
02703,"বলুন, আপনার সমুদ্র কী?",pending
02704,আপনি কি ক্লান্ত দিন চান?,pending
02705,তোমার কম্পিউটার কোথায়?,pending
02706,কীভাবে আনন্দ বলতে চাই?,pending
02707,সুমন কি সমুদ্রের কাছে যাবে?,pending
02708,এখানে স্কুল পাওয়া যায়?,pending
02709,কীভাবে পার্ক পড়তে চাই?,pending
02710,আপনি কি অপ্রিয় কাপড় চান?,pending
02711,আপনি কি সজাগ বন্ধু চান?,pending
02712,আপনি কি দ্রুত বিকাল চান?,pending
02713,আপনি কি অপ্রিয় সকাল চান?,pending
02714,টুম্পা কি অফিসে যাবে?,pending
02715,কীভাবে সূর্য যেতে চাই?,pending
02716,তুমি কি রাস্তা পড়েছি?,pending
02717,কীভাবে আনন্দ নিয়েছি?,pending
02718,শীঘ্রই কি পড়াশোনা হবে?,pending
02719,সন্ধ্যায় কি হাঁটা হবে?,pending
02720,তুমি কি গল্প পারতে চাই?,pending
02721,বশির কি সমুদ্রের কাছে যাবে?,pending
02722,আগামীকাল কি পড়াশোনা হবে?,pending
02723,তুমি কি পার্ক লিখতে চাই?,pending
02724,রহিম কি সমুদ্রের কাছে যাবে?,pending
02725,আপনি কি অপ্রিয় গাছ চান?,pending
02726,আপনি কি দ্রুত জল চান?,pending
02727,আপনি কি অপ্রিয় ভাই চান?,pending
02728,আপনি কি উজ্জ্বল প্রশ্ন চান?,pending
02729,তুমি কি মন্দির চাইতে থাকি?,pending
02730,আপনি কি সুন্দর সমাধান চান?,pending
02731,টুম্পা কি পাহাড়ে যাবে?,pending
02732,নাসির কি সমুদ্রের কাছে যাবে?,pending
02733,আপনি কি চিন্তিত রাস্তা চান?,pending
02734,কীভাবে জানালা যাচ্ছি?,pending
02735,শান্তনু জিজ্ঞেস করল।,pending
02736,পঙ্কজের কষ্ট হল খুব।,pending
02737,জাহির স্কুলে যাচ্ছে।,pending
02738,প্রিয়া সবজি খাচ্ছে।,pending
02739,অনুগ্রহ করে যাচ্ছি।,pending
02740,মুনির স্কুলে যাচ্ছে।,pending
02741,অনুগ্রহ করে খাচ্ছি।,pending
02742,কৃষ্ণ সন্দেশ খাচ্ছে।,pending
02743,টুম্পা স্কুল দেখছি।,pending
02744,প্রিয়া শরবত খাচ্ছে।,pending
02745,কম্পিউটার খুব দ্রুত।,pending
02746,এই গল্প অনেক সুন্দর।,pending
02747,রহিম স্কুলে যাচ্ছে।,pending
02748,জাহির সন্দেশ খাচ্ছে।,pending
02749,অন্ধকার মোবাইল দেখো!,pending
02750,ক্লান্ত পাখি দেখো!,pending
02751,উষ্ণ কম্পিউটার দেখো!,pending
02752,আনন্দিত রাস্তা দেখো!,pending
02753,ক্লান্ত আশা দেখো!,pending
02754,তা কেউ দুঃস্বপ্নেও কল্পনা করেনি।,pending
02755,দ্রুত পার্ক পছন্দ করি।,pending
02756,এই দুঃখ অনেক ক্লান্ত।,pending
02757,আমি দুঃখ করব এবং তুমি স্কুল করো।,pending
02758,পর্যাপ্ত বিশ্রাম নিন।,pending
02759,হাউসের ম্যানেজার অমিতাভ মল্লিকের।,pending
02760,দেখে মাটিতে অচৈতন্য হয়ে লুটিয়ে আছে মৃন্ময়ী।,pending
02761,সায়নের ভ্রূ দুটো কুঁচকে যায়।,pending
02762,এতদিন পরেও ঘেন্না করছে খুব।,pending
02763,তবে আমি এবার অনেকটাই নিশ্চিত।,pending
02764,কথাটা বলে অবনীশ ঠাট্টার ছলে হাসল।,pending
02765,ঠিক তখনই আঃ বলে দাঁড়িয়ে পড়ে সে।,pending
02766,নিশ্চয়ই সামনেই বাথরুম থাকবে।,pending
02767,ভাবছি ট্র্যাক চেঞ্জ করব।,pending
02768,কোথাও কোনো জয়েন্টের চিহ্ন নেই।,pending
02769,ম্যানেজার ঋষভ রাম নিজেই রিসেপশনে বসে ঢুলছিল।,pending
02770,যেতে সাড়ে পাঁচ ঘণ্টা লেগে যাবে।,pending
02771,সব্বাই নিজেকে ঋতুপর্ণ গৌতম ভাবছে।,pending
02772,ওর জীবনে কোনো ঐশ্বর্য থাকতে পারে না।,pending
02773,অদেখা চোরাকুঠুরিতে ঘাপটি মেরে বসে আছে কেউ।,pending
02774,আধিভৌতিক ডালপালাগুলোয় একটু ফুঁও সে দিতে পারছে না।,pending
02775,ঘাড় ঘুরিয়ে পাশে তাকাল মৃন্ময়ী।,pending
02776,এমনকি সেন্টার থেকেও এ বাড়িতে আয়া দিতে ভয় পেত।,pending
02777,মৃত্যুর মুখে অভিনেত্রী আত্রেয়ী সেন।,pending
02778,বড়ো কনফারেন্স রুমটায় এক থমথমে ভাব।,pending
02779,বড়ো একটা শুটিঙের দায়িত্ব দিয়ো না।,pending
02780,কথাটা শেষ করেই উঠে চলে যাচ্ছিল।,pending
02781,নেহাত আত্রেয়ী সেনের মতো আর্টিস্ট আছে।,pending
02782,মাথায় কাঁচা-পাকা চুলটা বেশ পাতলা হয়ে এসেছে।,pending
02783,ওসির হেঁড়ে গলার কড়কানিতে একটু কেঁপে উঠল অমিতাভ।,pending
02784,কাজ শেষ না হলে আমরা কাউকেই পেমেন্ট করি না স্যার।,pending
02785,আজ বোধহয় একটু বেশিই পড়েছে।,pending
02786,তন্ময়ের ঘরের কয়েকটা ঘর পরেই ছাদে ওঠার সিঁড়ি।,pending
02787,সব ভুলে আবার মাথা ঠান্ডা করে কাজ করতে হয়।,pending
02788,কবজায় জং পড়ে শক্ত হয়ে গেছে।,pending
02789,চোখদুটো অসম্ভব ভারী হয়ে এল।,pending
02790,পারছি আপনি আমার চেয়ে যথেষ্ট সিনিয়র।,pending
02791,কৃষ্ণপদ নিজের ভুল বুঝতে পেরে আর কথা বাড়ালেন না।,pending
02792,সেই পোশাক পরেই মিহির দাঁড়িয়ে আছে।,pending
02793,টেনশনেই হয়তো মুখ ফসকে বলে ফেলে ভানু।,pending
02794,চোখ ফেটে জল ঝরে পড়ে মৃন্ময়ীর।,pending
02795,সরু করিডরটায় দু-তিনটে টিউবলাইট জ্বলছে।,pending
02796,পট করে হাত সরিয়ে দু-পাশে ঘাড় নাড়ল মিহির।,pending
02797,ভাবতেই ভেতর থেকে লজ্জায় কুঁকড়ে এল মৃন্ময়ী।,pending
02798,এখানে থাকলে এই কৃষ্ণপদ দাদাভাইকে ছিঁড়ে খাবে।,pending
02799,স্বামীকে আসামির ঘরে দেখে এর নির্ঘাত মাথা গেছে।,pending
02800,এদিকে মৃন্ময়ী কিছুতেই সায়নের কথা মানবে না।,pending
02801,মনে হয় কালো অথবা ছাই রঙের পোশাক ছিল গায়ে।,pending
02802,একটু লজ্জাতেই পড়ল মৃন্ময়ী।,pending
02803,মৃন্ময়ী সবার থেকে একটু তফাতে দাঁড়িয়ে।,pending
02804,শুধু মাঝে মাঝে একটা করে দীর্ঘশ্বাস ছাড়ছে।,pending
02805,এসব কিচ্ছু দেখার নেই তার।,pending
02806,সায়ন আরও একবার ঝুঁকে নীচের দিকে তাকিয়ে দেখল।,pending
02807,মৃন্ময়ী একটু তফাতেই দাঁড়িয়েছিল।,pending
02808,এবার বেশ বিচলিত দেখাল মৃন্ময়ীকে।,pending
02809,মৃন্ময়ীর ভেতরে ছটফটানিটা আরও বেড়ে গেল।,pending
02810,আপনার অফিস থেকেও এখনও তেমন কোনো স্টেপ নেয়নি।,pending
02811,বাওয়া আপনি তো মশাই একশো বছর বাঁচবেন।,pending
02812,পুলিশের গাড়ির জানলায় মাথা হেলিয়ে আছে মৃন্ময়ী।,pending
02813,মৃন্ময়ীর মুখটা আবার শুকিয়ে গেল।,pending
02814,মৃন্ময়ীর চোখদুটো এবার চকচক করে উঠেছে নিজে থেকেই।,pending
02815,শিশুর মতো অসহায় লাগছে মৃন্ময়ীকে।,pending
02816,পায়ের ওপর পা তুলে জমিয়ে দুই কি তিন গাল খেয়েছে।,pending
02817,অমনি ভেতর থেকে এক কনস্টেবল দৌড়োতে দৌড়োতে এল।,pending
02818,চোখ কপালে তুলে এসে দাঁড়ান লক-আপের সামনে।,pending
02819,ফুসফুস ফাটিয়ে চিৎকার করে উঠলেন কৃষ্ণপদ ঘোড়ুই।,pending
02820,শাওয়ারের তলায় দাঁড়িয়েও আনমনা হয়ে ছিল বৃষভানু।,pending
02821,কোনো এক গোপন কথা জানাবে বলে ভানু কথা দিয়েছে তাকে।,pending
02822,কোমর থেকে গামছাটা খুলে একটা হাফপ্যান্ট পরে নেয়।,pending
02823,দরজার বাইরে মুখ বাড়িয়ে গলিটার এপাশ-ওপাশ দেখে।,pending
02824,টেনশনে থানার মধ্যেই পায়চারি করছেন কৃষ্ণপদ।,pending
02825,আমি স্যার ঠিক বুঝতে পারছি না কী বলব।,pending
02826,কৃষ্ণপদ ওপার থেকে ভানুর নাম ধরে ডেকেই চলে।,pending
02827,গলার মধ্যে বসে যাওয়া আততায়ীর হাতটা উঠে আসে।,pending
02828,সায়নের মা-ও মৃন্ময়ীকে বাড়ি যেতে দিল না।,pending
02829,বুকটা ছ্যাঁৎ করে উঠেছিল মৃন্ময়ীর।,pending
02830,দুজনকেই হাত দেখিয়ে চুপ করতে বলে সায়ন।,pending
02831,কৃষ্ণপদ কী যে বলে চলেছেন সে কেবল সায়নই জানে।,pending
02832,বেশ কয়েকজন রিপোর্টারও এসে গেছে।,pending
02833,চোখের জলটা দু-হাতে মুছে সায়নের দিকে তাকায়।,pending
02834,আমি ভয়ে পেয়ে বাইরে এসে খুন খুন বলে চিৎকার করি।,pending
02835,তেঁতুলের মুখটা নিমেষে পাংশুবর্ণ হয়ে যায়।,pending
02836,তারপর যেই সামনের দিকে তাকায় দ্যাখে লোকটা উধাও।,pending
02837,মিহিরের গায়ে মেরুন রঙের টি-শার্টই তো ছিল।,pending
02838,অন্যান্য কনস্টেবল তেঁতুলকে ধরে গাড়িতে তোলে।,pending
02839,থানায় পৌঁছোতেই হাতে ছবি চলে আসে।,pending
02840,তেঁতুলের সামনে ছবিটা ফেলতেই সে-ও ভয়ে আঁতকে ওঠে।,pending
02841,সকালে এই পোশাকেই লক-আপে মিহিরকে দেখেছিল সায়ন।,pending
02842,কুকুরের ডাকও স্তব্ধ হয়ে গেল।,pending
02843,ছায়া নড়লে তার আভাসটুকু পাওয়ারও সম্ভাবনা নেই।,pending
02844,যদি মিহির তার নিজের বাড়িতেই গা-ঢাকা দিয়ে থাকে।,pending
02845,মিহিরকে অপরাধী ভাবতে সায়নের নিজেরই খারাপ লাগছে।,pending
02846,যদি এখানেই পায় তাহলে সারেন্ডার করতে বলবে সে।,pending
02847,শাস্তি হয়তো কিছুটা কম হবে তাতে।,pending
02848,আর অন্য কোনো দরজাও নেই এই বাড়িতে ঢোকার।,pending
02849,এর চেয়ে শান্তি আর কিছুতে নেই।,pending
02850,তড়াক করে লাফিয়ে উঠে পড়ে মিহিরের শরীরটা।,pending
02851,বাঁ-হাতের আঙুলগুলো ঘাড়ের পাশে রেখে মাথাটা হেলানো।,pending
02852,ভেজা চুলগুলো মাথার একপাশে ঝুলে পড়েছে।,pending
02853,অনেক আগে এই ছবি দেখে সারা শরীরে আগুন জ্বলত।,pending
02854,আমার কিন্তু খুব ভয় করছে তন্ময়।,pending
02855,ফোনটা পকেটে ঢুকিয়ে ঘুরে তাকাতেই খানিক থমকে যায়।,pending
02856,আপনি চিন্তা করবেন না মেসোমশাই।,pending
02857,এই তো আত্রেয়ীর বাবা এসে গেছেন।,pending
02858,তাহলে বোধহয় আমাদের কথার মাঝখানে উনি চলে গেছেন।,pending
02859,গিল্ডের ইনসিয়োরেন্স থেকেও কত কী দেবে তার ঠিক নেই।,pending
02860,চ্যানেলও সুযোগ বুঝে পিঠটান দিয়েছে।,pending
02861,চোখের নীচের চামড়াটা এবার একটু বেশিই কুঁচকে গেল।,pending
02862,একটু রেলা নিয়েই রিপোর্টারদের মুখোমুখি হয় তন্ময়।,pending
02863,নারকীয় হাসিতে দুলে উঠছে মিহিরের শরীর।,pending
02864,আর টিভিতে লাইভ ইন্টারভিউ চলছে তন্ময় হালদারের।,pending
02865,কথা অনুযায়ী আততায়ীর চোখ-দুটি ছিল অস্বাভাবিক।,pending
02866,দু-দণ্ড যে ঘুমোবে তার জো নেই।,pending
02867,মাথা ঠান্ডা করে একটা জিনিস ভাবো মুনাই।,pending
02868,আর সেটাই সহজভাবে বোঝা যাচ্ছে।,pending
02869,নিয়মের মধ্যে থেকেই আমি আসল কারণটা খুঁজে নেব।,pending
02870,মৃন্ময়ী চুপ করে টিভির দিকেই তাকিয়েছিল।,pending
02871,সায়নের কথাটা কানে আদৌ পৌঁছোল কিনা বোঝা গেল না।,pending
02872,ধ্যাত বলে সোফার ওপর ফোনটাকে ছুড়ে ফেলে বসে পড়ল।,pending
02873,ওটা আমি মনে করতে চাই না সায়ন প্লিজ।,pending
02874,মুনাইও সোফার সামনের চেয়ারটায় বসে পড়ল।,pending
02875,তার ঠোঁটের কোনে চলকে উঠল অসহায় এক হাসি।,pending
02876,সায়ন আশ্বাসের হাতটা রাখল মৃন্ময়ীর হাতের ওপর।,pending
02877,মহিলারা মুখে কাপড় চাপা দিয়ে উঁকিঝুঁকি মারছে।,pending
02878,হাত দিয়ে বাচ্চাদের চোখ ঢেকে দিচ্ছে।,pending
02879,তাতে ব্যাপারটা আরও বেশি ভয়ানক হয়ে উঠেছে।,pending
02880,আরে ওর ম্যাডামকেই তো কে যেন খুন করতে গেছিল।,pending
02881,কয়েকটা ছেলে ফুটপাথে বসেই আড্ডা মারছিল।,pending
02882,রোদে-পোড়া ছেলেগুলো খ্যাকখ্যাক করে হেসে উঠল।,pending
02883,মুখ ঘুরিয়ে ফুটপাথটা ধরে সোজা এগিয়ে চলেছে সে।,pending
02884,চড়া রোদ এড়িয়ে দিব্যি ছায়ায় ছায়ায় এগোচ্ছিল।,pending
02885,এমনকি অন্যদিনের মতো ফুরফুরে হাওয়াটুকুও নেই।,pending
02886,ফতুয়ার নীচে পাঁজর বের করা বুকটা এখনও ধুকপুক করছে।,pending
02887,রাস্তা টপকে সামনেই ডানদিকের বাঁক।,pending
02888,ঠিক তখনই মাথাটা ঘুরে আবার শুয়ে পড়ে।,pending
02889,ঘাড়টা ভেঙে মুখটা ওপর দিকে উঠে গেছে।,pending
02890,শরীরের থেকে দুটো হাত বেঁকে পিঠের দিকে চলে গেছে।,pending
02891,দূরে থালা-বাসন এখনও ছিটকে পড়ে আছে।,pending
02892,পরপর দু-দিনে বিধাননগর থানার আন্ডারে দুটো মৃত্যু।,pending
02893,এরা যে এত তাড়াতাড়ি কী করে খবর পায় ভগবানই জানে।,pending
02894,তাই আমি কিচ্ছু বলতে পারব না।,pending
02895,যত তাড়াতাড়ি সম্ভব এই কেসদুটো সলভ করতে।,pending
02896,তার আগেই সায়নের পকেটে ফোন বেজে ওঠে।,pending
02897,তখনই বাজ পড়ে সবকটা অচল হয়ে গেছে।,pending
02898,একটা চামচ সোনাইয়ের মুখের সামনে ধরেছিল মৃন্ময়ী।,pending
02899,আচমকা ছাদের আলসের ওপর রাখা মোবাইলটা বেজে ওঠে।,pending
02900,দিনের শেষ আলোটা বোধহয় এইবার পুরোপুরি চলে গেল।,pending
02901,সেই বোলপুর থেকে ফেরার পর আর বাড়িমুখো হয়নি।,pending
02902,তাই আজ একটু বেশি করেই ধানুয়ার অবাক লাগছে।,pending
02903,আলো পড়লে ঘরটা বেশ ঝলমলে হয়ে ওঠে।,pending
02904,চকচক করছে একটা কাচের সুদৃশ্য বাহারি গ্লাস।,pending
02905,একেই পুলিশ এ বাড়ির চাবি নিয়ে রেখে দিয়েছে।,pending
02906,এই ভেবে সোফা থেকে উঠে পেছনে ঘোরে তন্ময়।,pending
02907,জ্বলে ওঠে দুটো শৌখিন ঝাড়।,pending
02908,বাহারি সিঁড়ি আবার আগের মতো কথা বলে ওঠে।,pending
02909,মিহিরের কথা মনে হতেই চোখটা ভারী হয়ে এল মৃন্ময়ীর।,pending
02910,ডালাটা খুলতেই অনেকগুলো কাঁসার বাসন বেরিয়ে এল।,pending
02911,বলে নিজে ঘরে ঢুকে এসে ছবিটার দিকে মুখ করে দাঁড়াল।,pending
02912,হয়তো আরও কেউ নজর রাখছে তার গতিবিধির ওপর।,pending
02913,পেছন ঘুরতেই বুকটা ছ্যাঁৎ করে উঠল।,pending
02914,তন্ময় দোলনাটাকে ঘিরে একপাক ঘুরে ভালো করে দেখল।,pending
02915,আলোটা জ্বালতেই ঘরটা শিশমহলের মতো ঝলমল করে ওঠে।,pending
02916,কথাটা শুনে তন্ময় আরও জোরে হেসে ওঠে।,pending
02917,তন্ময় কোমরের বেল্টের সামনের দিকটা খুলে ফেলে।,pending
02918,হঠাৎ কী খেয়াল হতে ঘরের দরজার দিকে তাকায় তন্ময়।,pending
02919,তন্ময় দরজার কাছে এসে দাঁড়াতেই চমকে ওঠে।,pending
02920,সামনে সর্বনাশী বিজলির মতো ঝলসে ওঠে একটা মুখ।,pending
02921,হাড়হিম করে দেওয়া বীভৎস মুখ।,pending
02922,কারণ তন্ময়ের সঙ্গে ধাক্কা লেগেছে।,pending
02923,রুমাল দিয়ে ঘাম মুছতে মুছতে এপাশ-ওপাশ দেখতে থাকে।,pending
02924,এখানে আজ রাতে থাকাটা বেশ রিস্ক।,pending
02925,কথাটা মনে হতেই শরীরটা আরও একবার কেঁপে উঠল।,pending
02926,আর এখানে এক মুহূর্তও নয়।,pending
02927,ঝট করে কেউ যেন পাশ থেকে সরে ঘরের ভেতর ঢুকে এল।,pending
02928,মিহিরের মুখেই এখন কালো রক্তের ধারা।,pending
02929,আচমকা ঝটকায় তন্ময়ের হাতের মোবাইলটা পড়ে যায়।,pending
02930,তন্ময় চিৎকার করতে চাইছে কিন্তু পারছে না।,pending
02931,কিন্তু কিচ্ছু দেখতে পাচ্ছে না সে।,pending
02932,সে-ও আরও দু-পা এগিয়ে এল তন্ময়ের দিকে।,pending
02933,তন্ময় এখন মিহিরের রূপটাই চোখের ওপর দেখছে।,pending
02934,আমি কিন্তু গুলি চালাতে বাধ্য হব।,pending
02935,কয়েকজন সুইচগুলো পটাপট মারতে থাকল।,pending
02936,মিহির কোনদিকে গেল বুঝতেই পারল না সায়ন।,pending
02937,চিৎকার করে যে সাবধান করবে সেই সময়টুকুও দিল না।,pending
02938,রেলিংয়ের ওপর সজোরে একটা ঘুষি চালাল সায়ন।,pending
02939,ব্যাপারটা সায়নকে থামিয়ে দিলেও ধরে রাখতে পারল না।,pending
02940,সায়নের বুকের ভেতরটা তোলপাড় করে উঠল।,pending
02941,মশারির মধ্যে খানিক চুপ করে বসে রইল মৃন্ময়ী।,pending
02942,সবেমাত্র বালিশে মাথা ঠেকিয়েছে।,pending
02943,দরজা আর খিলের মাঝে একটা ফাঁকা অংশ রয়েছে।,pending
02944,টেবিলের পাশের জানলাগুলো সব বন্ধ।,pending
02945,বাড়ির মধ্যের বাতাসটা বেশ ভারী হয়ে উঠেছে।,pending
02946,ঘরময় কচিপাতা রঙের আলোটা ঘুম ঘুম চোখে চেয়ে রইল।,pending
02947,কেউ চেয়ার টানলে যেমন হয় এ ঠিক তেমনি আওয়াজ।,pending
02948,মৃন্ময়ী দু-চোখে ভয় নিয়ে দোতলার ডাইনিঙে চলে এল।,pending
02949,এই টেবিল-চেয়ারগুলো নীচের ডাইনিঙেই থাকত।,pending
02950,কারণ এটা এই বাড়িতে হওয়া অসম্ভব।,pending
02951,মশারি তুলে ঝটপট ছেলের কাছে যায় মৃন্ময়ী।,pending
02952,ভাবনাটা মাথার মধ্যে আসতেই ছ্যাঁৎ করে উঠল বুকটা।,pending
02953,কারণ তখন উনি একটা বড়োসড়ো কেস খেয়ে আছেন তাই।,pending
02954,খবর নিয়ে দেখেছি পরে সেই জ্যাম আরও বেড়ে যায়।,pending
02955,সেদিন সেটা রাত পৌনে এগারোটায় হাওড়া ঢুকেছে।,pending
02956,সেই কখন তন্ময় আর মিহিরবাবুকে ভরতি করেছি।,pending
02957,এদিকে মিহির আর তন্ময়ও ভীষণভাবে ইনজিয়রড।,pending
02958,অবনীশকে উদ্দেশ্য করেই প্রশ্ন করলেন ডক্টর।,pending
02959,আপনারা যেভাবে হোক ওদের বাঁচিয়ে তুলুন।,pending
02960,ভোরের আলো তখন কৈশোর সকালের বয়স ছুঁয়েছে।,pending
02961,জানলায় পেলমেটে ঝুলতে থাকা ভারী পর্দাগুলো টানা।,pending
02962,মোটা কাচ-ঢাকা গেটটা খুলতেই হাঁ হয়ে গেল মৃন্ময়ী।,pending
02963,বুকের ভেতরে একটা গোপন ব্যথা চলকে উঠল মৃন্ময়ীর।,pending
02964,মুনাই পেছন ফিরে খাটের দিকে যেতেই আঁতকে উঠল।,pending
02965,মুনাই আঙুল তুলে শোকেসে টেডি বিয়ারটার দিকে দেখাল।,pending
02966,কিন্তু সকালে উঠে তো সেটা নেভানো দেখল।,pending
02967,মুনাই আর সায়ন একবার একে ওপরের দিকে চেয়ে নিল।,pending
02968,আঁচলটা মুখে চাপা দিয়ে ডুকরে কেঁদে ওঠে মৃন্ময়ী।,pending
02969,মৃন্ময়ীর ছাপোষা সাধারণ মধ্যবিত্ত মিহির।,pending
02970,এক ঝটকায় ঘর ছেড়ে বেরিয়ে এল মৃন্ময়ী।,pending
02971,অথচ কেউ প্রমাণ পাচ্ছে না।,pending
02972,কথাটা শুনেই আঁতকে উঠল মৃন্ময়ী।,pending
02973,ওদের প্যারানরমাল সোসাইটিতে আমি খোঁজ নিয়েছি।,pending
02974,একটা আননোন নম্বর দেখে ফোনটা কেটে দিল।,pending
02975,কথাটা মুখ ফসকে বলেই মৃন্ময়ীর দিকে চোখ পড়ে।,pending
02976,মৃন্ময়ী ভাষাহীন চোখে চেয়ে থাকে সায়নের দিকে।,pending
02977,মনে মনে ভাবে এই সর্বনাশটা হওয়াই বাকি ছিল।,pending
02978,দুটো চোখের তারায় তার যেন মহাশূন্যের ছবি ফুটে উঠল।,pending
02979,সায়ন আর সূর্য দুজনেই অবাক।,pending
02980,তার উত্তরে শুধু একটা থ্যাংক ইউ দিয়ে চলে গেলেন।,pending
02981,খানিক দাঁড়িয়ে এপাশ-ওপাশ ভালো করে দেখল।,pending
02982,দূরের মেয়েটি টুক করে পাশের গলিতে ঢুকে পড়ে।,pending
02983,রাস্তার পাশে একটা ভাঙা গাড়ি।,pending
02984,সায়ন গাড়িটার মধ্যে মুখ ঢুকিয়ে ভালো করে দেখে।,pending
02985,সিসিটিভি ফুটেজ দেখেও মুখটা বোঝা গেল না মেয়েটির।,pending
02986,গন্তব্য তন্ময় হালদারের বাড়ি।,pending
02987,ডাইনিঙের গ্লাস-উইন্ডো দিয়ে বেশ ভালোই আলো আসছিল।,pending
02988,দেয়ালে তন্ময়ের একটা শুটিঙের ছবি।,pending
02989,বড়োসড়ো ক্যামেরা নিয়ে বেশ কেতা মেরে ছবিটা তোলা।,pending
02990,সায়ন সেই ছবিটা একটু নাড়িয়ে-চাড়িয়ে দেখল।,pending
02991,মাটিতে শুয়ে সোফার নীচে চোখ চালিয়ে দেয়।,pending
02992,সে তো এই স্ট্যান্ডগুলোও খাটের নীচে।,pending
02993,সঙ্গে ক্রিস্টালের শো পিস।,pending
02994,তারপর হাত ঢুকিয়ে একটা চাবির গোছা বের করে আনল।,pending
02995,একে একে জামাকাপড়গুলো বিছানায় ছুড়ে ফেলতে থাকে।,pending
02996,জিভ কেটে দু-পাশে মাথা ঝাঁকালো বেচারা।,pending
02997,পাশের কনস্টেবলগুলো মুচকি মুচকি হাসছে।,pending
02998,এর পরের সার্চটা তোমার বাড়িতে করতে হবে দেখছি।,pending
02999,কয়েক বান্ডিল টাকা বেরিয়ে আসে আর বেশ কতগুলো ফাইল।,pending
03000,মুনাই ঘরে এসে একবার দেখে গেল বউদি আর সোনাইকে।,pending
03001,মৃন্ময়ী ঘুমের অতল থেকে থাড়িমাড়ি খেয়ে উঠে বসল।,pending
03002,শব্দগুলো বেশ জোরে জোরে হচ্ছে।,pending
03003,পাশের বাড়ির টুবানের বাবাকে নিয়ে তোমার কাকু গেল।,pending
03004,আগের দিন রাতে চেয়ার টেবিল এলোমেলো হয়ে পড়েছিল।,pending
03005,নানানরকম শব্দও মৃন্ময়ী পেয়েছে।,pending
03006,মৃন্ময়ী দোতলা বাড়িটাকে এক চোখে দেখে নিল।,pending
03007,নীচের ডাইনিং জুড়ে সারা মেঝেতে কাচ-ছড়ানো।,pending
03008,হঠাৎ সিঁড়ির তলার ঘরের দিকে চোখ গেল।,pending
03009,দুজনেই গিয়ে দেখে সিঁড়ির ঘরে কোনো টেডি নেই।,pending
03010,মৃন্ময়ীর চোখদুটো ভয়ে লাল হয়ে উঠছে।,pending
03011,কেউ কিছু বোঝার আগেই দু-হাতে জাপটে ধরে টেডিটাকে।,pending
03012,মুনাই ঝট করে ঘরের আলোটা জ্বালিয়ে দেয়।,pending
03013,মুনাই অসহায় চোখে মৃন্ময়ীর দিকে তাকায়।,pending
03014,সায়ন অমনি সূর্যের দিকে চাইল।,pending
03015,প্রায় কেঁদে ফেলেছিল ধানুয়া।,pending
03016,মুনাই অনেকক্ষণ ধরে লক্ষ করছে সোনাইকে।,pending
03017,এর আগে সোনাইয়ের মুখে এত পরিষ্কার কথা সে শোনেনি।,pending
03018,মুনাইয়ের চিৎকার শুনে মৃন্ময়ী দৌড়ে আসে।,pending
03019,মৃন্ময়ী দৌড়ে এসে সোনাইকে বুকে জড়িয়ে ধরে।,pending
03020,খিদে পেলেও গা গুলোয় বন্দনার।,pending
03021,বন্দনার মা সায়নদের দিকে তাকিয়ে ভেতরে চলে যায়।,pending
03022,আমরা সেই তন্ময় হালদারের কথা বলছি।,pending
03023,এক মহিলা পুলিশ তড়পে উঠলে সায়ন তাকে থামিয়ে দেয়।,pending
03024,এই বয়সে কোনো বড়ো আঘাত উনি পান সেটা আমরাও চাই না।,pending
03025,আসি বলে বেরিয়ে যেতে গিয়েও থমকে দাঁড়াল সায়ন।,pending
03026,একজন তো চুপ করিয়ে রেখে নিজেই কেটে পড়ল।,pending
03027,মুখে হাতচাপা দিয়ে বসে রইলেন সুরভি।,pending
03028,বাইপাসের রাস্তাটা এখন বেশ ফাঁকা।,pending
03029,আসলে হঠাৎ মনে হল গাড়ির পেছনে কাউকে যেন দেখলাম।,pending
03030,গিন্নিকে নিয়ে ঘুরে আসুন কোথাও থেকে।,pending
03031,অবনীশের ঠাট্টায় হেহে করে হাসল সায়ন।,pending
03032,সেই আলোর বেশ খানিকটা জিপের ওপর এসে পড়েছে।,pending
03033,আবদুলের নাম ধরে চিৎকার করে উঠল সায়ন।,pending
03034,আগের মতো ফুরফুরে হাওয়া ছাড়া কেউ নেই।,pending
03035,সায়ন দৌড়ে রাস্তা পেরোতে গেল।,pending
03036,সায়ন নিজেকে এগিয়ে দিয়েও ঝটিকার মতো পিছিয়ে এল।,pending
03037,আবদুলের বীভৎস মৃতদেহটার পাশে দাঁড়াতে পারছে না সে।,pending
03038,কিন্তু আমি নিজে সাক্ষী।,pending
03039,আপনি যদি একটু নিজের চোখে দেখেন খুব ভালো হয়।,pending
03040,বুকের ওপর পাথর চাপা দিয়ে দাঁড়িয়ে আছে সায়ন।,pending
03041,জিপের পেছনের অন্ধকারে হেঁটে গেল।,pending
03042,খানিক এগিয়ে যাবার পর আবার সিসিটিভি চালু।,pending
03043,দানবের গতিতে হঠাৎ করে ছুটে আসে একটা গাড়ি।,pending
03044,প্রিয়াঙ্গী থামিয়ে দেয়।,pending
03045,আর ঠিক তখনই জলীয় ছায়াময় শরীরটা মিলিয়ে গেল।,pending
03046,মন বলছে খুব শিগগিরি কেউটেটাও বেরিয়ে আসবে।,pending
03047,তুমি এবার ব্রেনোলিয়া খাও।,pending
03048,দূরত্বও বেশি না দুটো বাড়ির মধ্যে।,pending
03049,সূর্য গুটিগুটি পায়ে সায়নের কাছে এগিয়ে যায়।,pending
03050,গলা ভাঙা হলেও বেশ কড়া সুরে কথাগুলো বলে সায়ন।,pending
03051,সোমদত্তা টেবিলের ওপর একটা ফাইল রাখে।,pending
03052,বন্দনা জোর করে কান্নাটা গিলে নিল।,pending
03053,কান থেকে ফোনটা নামিয়ে চুপ করে বসে আছে মৃন্ময়ী।,pending
03054,একটা দীর্ঘশ্বাস বেরিয়ে এল মৃন্ময়ীর গলা ফুঁড়ে।,pending
03055,সোনাই এখনও মায়ের হাতদুটো ধরে আছে।,pending
03056,সোনাইয়ের হাতটা অত্যধিক ঠান্ডা লাগছে।,pending
03057,গ্যাসের ওপর একটা ওভেনে কড়াইতে ডাল ফুটছে।,pending
03058,দরজার কাছে যেতে গিয়েও ফিরে আসছে মুনাই।,pending
03059,সে তার মায়ের হাত শক্ত করে চেপে ধরে রেখেছে।,pending
03060,সোনাইয়ের পায়ের পাতাও গরম জলে ডুবে গেছে।,pending
03061,সেখান থেকেও হু হু করে বেরিয়ে আসছে গরম জল।,pending
03062,এমন সময় হঠাৎ খেয়াল করে সোনাই ছটফট করে উঠছে।,pending
03063,এখনও অনেকটা ধোঁয়া দরজার চারপাশে ভেসে ছিল।,pending
03064,কিন্তু সেটা নিয়ে কিছু করব তখন ভাবিনি।,pending
03065,বাবা চলে যেতে সংসারের পুরো দায়িত্ব মায়ের ঘাড়ে।,pending
03066,সেটাতে যে তোমার ছানি পড়েছে তা ভালোই বুঝছি।,pending
03067,টুকিটাকি জিনিস নিয়েই তাদের মধ্যে লেগে যেত।,pending
03068,তার মধ্যে সোফিয়া এসে আরও খানিকটা ঘি দিয়ে দিল।,pending
03069,ঠিক সেইসময় সোফিয়া দিল মেজাজটা আরও বিগড়ে।,pending
03070,সেটা আত্রেয়ী সেন কখনও ফেল করে না।,pending
03071,ঠিক শুনতে পেলাম না বলে মোবাইলে সার্চ করে দেখলাম।,pending
03072,ও শুটিঙে চলে যাবার পর থেকে এখন ফাঁকাই আছে।,pending
03073,দু-ধাপ সিঁড়ি দিয়ে নেমে টেডিটার কাছে গেলেন।,pending
03074,মৃন্ময়ীও এগিয়ে এসে সিঁড়ির ঘরের পাশে দাঁড়াল।,pending
03075,সবশেষে ভয়ানক এক মারণ আঘাত পেয়ে থেমে যান তিনি।,pending
03076,ঝপ করে বিস্ফারিত চোখদুটো খুলে ফেলেন।,pending
03077,রাগের মাত্রা চড়ে গেছে সোনাইয়ের।,pending
03078,হাতে-ধরা বোতলটা দিয়ে তন্ময়ের কাঁধে ঠোকা মারল।,pending
03079,দূরে দাঁড়িয়ে একমনে সব দেখছিল।,pending
03080,বন্দনা এসব কিচ্ছু জানত না।,pending
03081,আসলে আমি ঠিক গুছিয়ে কথা বলতে পারি না।,pending
03082,কারণ ওই নামের কোনো বস্তুই ওর শরীরে নেই।,pending
03083,কাল পার্টিতে যাবার আগেই শুরু হওয়ার কথা ছিল।,pending
03084,বুঝেছিল এই গুমরানো মেঘ আজ না হোক কাল ভেঙে পড়বেই।,pending
03085,সকালে সেটা হাতেনাতে ধরেছে আত্রেয়ী।,pending
03086,ওই হারামির বিষদাঁত আজকেই আমি উপড়ে নেব।,pending
03087,এইটুকু বিশ্বাস তোমায় আমি করতেই পারি।,pending
03088,আমার সাধের ক্রিস্টাল গ্লাসগুলো ভেঙে গেল।,pending
03089,এমন কিছু পয়সাও ছিল না যে পোর্টফোলিয়ো বানাবেন।,pending
03090,আগেরদিন শান্তনু কথাই বলেনি।,pending
03091,আজ আত্রেয়ী তার কথা মতো সময়ে এসেছে।,pending
03092,রিসেপশনিস্ট মধু হকচকিয়ে উঠে দাঁড়ায়।,pending
03093,এখন শুধু ভালো ছবি তুলে একটা কাজ চাই।,pending
03094,শান্তনুর সহকারী তো তাকে দেখে অবাক।,pending
03095,সেদিন ভেতর থেকে সহকারী একটা চিরকুট নিয়ে এল।,pending
03096,ওঁকে বলবেন আমি ঠিক দশটায় পৌঁছে যাব।,pending
03097,মদের গ্লাস হাতে নিয়ে সোফায় এলিয়ে আছে।,pending
03098,অ্যাক্টিঙে চান্স আমায় পেতেই হবে স্যার।,pending
03099,আত্রেয়ী অবাক চোখে চেয়ে দেখল।,pending
03100,ভেতর থেকে দু-তিনবার মেয়েটার গলার আওয়াজ ভেসে এল।,pending
03101,এগিয়ে গিয়ে দরজা ঠেলতেই দেখল ও ঠিকই ভেবেছিল।,pending
03102,দূরে একটা মাতাল জড়ানো গলায় আবোল-তাবোল গান গাইছে।,pending
03103,ও তো সব কিছু জেনেশুনেই এই জগতে আসতে চায়।,pending
03104,পায়ের ওপর পা তুলে শরীরটাকে নরম সোফায় এলিয়ে দিল।,pending
03105,মাথার ওপর সিলিঙে ভাসিয়ে দিল চোখদুটোকে।,pending
03106,শান্তনুর গালদুটো জ্বলে উঠল।,pending
03107,মনে হল কেউ কষিয়ে দুটো থাপ্পড় মারল।,pending
03108,কারণ তাদের সঙ্গে আপনার দারুণ খাতির।,pending
03109,শান্তনুর ঠোঁটে বাঁকা হাসি।,pending
03110,রীতিমতো খেপে উঠল বন্দনা।,pending
03111,বলেই ক্যামেরার দিকে এগিয়ে এসে হাতটা বাড়ায়।,pending
03112,বলে তন্ময়কে ঠেলে সরিয়ে দিল আত্রেয়ী।,pending
03113,ওই সময়েই আপনি… ম্যাডামের জুস এনেছিলাম।,pending
03114,হাতে একটা চকচকে গিফট র‍্যাপারে মোড়া বাক্স।,pending
03115,আমার আনন্দটা ডিরেক্টরের চেয়ে বেশি।,pending
03116,আপ্লুত হয়ে কথা বলতে বলতে চটপট বাক্সটাও খুলে ফেলল।,pending
03117,অনেক মনে করেও ঠিক নামটা বলতে পারল না বন্দনা।,pending
03118,কিন্তু সেদিন ম্যাডামের বাড়িতে আসেননি।,pending
03119,সায়ন সোমদত্তার দিকে একবার আড়চোখে তাকায়।,pending
03120,ফোনে তখন আবার শুরু হয়েছে তন্ময়ের কথা।,pending
03121,তন্ময়ের মোবাইল ফোনেই কল রেকর্ডারটা অন করা ছিল।,pending
03122,এরপর খানিকক্ষণ দরজার এপার-ওপার নীরবতা।,pending
03123,নীচের বাথরুমে যেতে হলে ডাইনিং পেরোতে হয়।,pending
03124,ভাবতে ভাবতেই নাকটা সুরসুর করে উঠল বন্দনার।,pending
03125,তা ছাড়া সবথেকে বড়ো আড়াল তো জানলার কাচগুলোই।,pending
03126,বলেই খেয়াল হয় সামনে সায়ন আর সূর্য বসে আছে।,pending
03127,ম্যাডাম পারসোনাল কাজে কোথাও গেলেই বাড়িতে চলে আসত।,pending
03128,সিসিটিভি ফুটেজে মানুষের শরীর দেখা যায় শুনেছি।,pending
03129,হার্টের অবস্থাও ভালো নয়।,pending
03130,অগত্যা উনি আমায় ছাড়তে বাধ্য হলেন।,pending
03131,কিন্তু তার জন্য তো আপনাকে কাজে বেরোতে হয়।,pending
03132,হেলান দেওয়া অবস্থা থেকে সায়ন সোজা হয়ে বসল।,pending
03133,বুক চাপড়ে হাপুস নয়নে কাঁদছে আবদুলের বউ।,pending
03134,মুখ দেখাতে গেলে তো আবদুলকে উপুড় করে শোয়াতে হত।,pending
03135,মৃন্ময়ী বলেছিল মুনাইকে আলাদা ঘরে শুতে।,pending
03136,মনের মধ্যে একলা থাকার ভয়টাও কাজ করেছিল মুনাইয়ের।,pending
03137,যখন মনে পড়ে এই বাড়িতে একটা ইনভার্টার আছে।,pending
03138,আলোটা ছড়িয়ে পরতেই ভ্যানিশ হয়ে গেল।,pending
03139,জোরে জোরে শ্বাস চলতে থাকে নীলাম্বরের।,pending
03140,বিছানার পাশেই কাঁধে ঝোলানো ব্যাগটা রাখা।,pending
03141,ঝট করে পেছনে ঘুরে গেলেন নীলাম্বর।,pending
03142,মোবাইলের আলোটা ইনভার্টারের দিকে ফেলে এগিয়ে গেল।,pending
03143,মুনাই… ঘরের মধ্যে থেকে মৃন্ময়ী চিৎকার করে ওঠে।,pending
03144,মোবাইলটার যে কী হল কিছুতেই আলো জ্বলছে না।,pending
03145,ভয়ে মোমবাতি ধরা হাতদুটো কাঁপছে মুনাইয়ের।,pending
03146,মৃন্ময়ী বুকের মধ্যে আঁকড়ে ধরে আছে সোনাইকে।,pending
03147,অস্ফুট স্বরে মুনাই ওঁ ধ্বনি উচ্চারণ করেই চলেছে।,pending
03148,ভীরু পায়ে দুজনেই সিঁড়ির কাছে চলে এসেছে।,pending
03149,মোমের আলো সিঁড়িতে পড়তেই চাতাল থেকে সরে গেল কেউ।,pending
03150,মুনাই অনেক দূর থেকে মৃন্ময়ীকে ডেকে চলেছে।,pending
03151,জীবন-মৃত্যুর মাঝে শুধু কয়েক পলকের ব্যবধান।,pending
03152,দূরে ছাদের কোণে মাথা হেলিয়ে দাঁড়িয়ে আছে।,pending
03153,ছাদের মধ্যেই সোনাইকে নিয়ে আছড়ে পড়ে মৃন্ময়ী।,pending
03154,হাঁটুতে আর পায়ের পাতায় একটু লেগেছে মৃন্ময়ীর।,pending
03155,দূরে ছাদের কোনে রাতের আঁধার যেন একটু বেশিই ঘন।,pending
03156,তখনকার কিছু দৃশ্য মনের মধ্যে ঝলসে ওঠে মৃন্ময়ীর।,pending
03157,নীলাম্বরও খানিক চুপ করে গেলেন।,pending
03158,মৃন্ময়ী আর মুনাই দুজনেই আকাশ থেকে পড়ে।,pending
03159,আমি এই সুতো দিয়ে পুরো বাড়িটাকে বেঁধে দেব।,pending
03160,মৃন্ময়ীর চোখদুটো ঝাপসা হয়ে গেল।,pending
03161,আর তার হাইটও খুব বেশি হলে পাঁচ ফুট দুই কী তিন।,pending
03162,অবনীশ ভ্রূ কুঁচকে তাকাল।,pending
03163,সেটা দেখল খাবার দোকানের তেঁতুল ওরফে পিন্টু ঘোষ।,pending
03164,তার বয়ান অনুযায়ী লোকটার চোখদুটো ধবধবে সাদা।,pending
03165,যদিও সে লেন্সের ট্রেস আজ অবধি কেউ পাইনি।,pending
03166,এবং ভীষণ কম সময়ে বোলপুর থেকে কলকাতায় চলে এল।,pending
03167,কিন্তু আইন তো এসব মানে না সায়নবাবু।,pending
03168,ওঁর বাবা কিংবা দাদু অঘোরী সাধক ছিলেন।,pending
03169,সায়ন উত্তর দেবার আগেই সিঁড়ির দিকে চোখ পড়ল।,pending
03170,কনস্টেবল দুজন যেতে গিয়েও ফিরে তাকাল।,pending
03171,ফোনের মধ্যে থেকেও চ্যাঁচামেচির আওয়াজ ভেসে আসছে।,pending
03172,পাঁচিলের এক কোণে গিয়ে চুপ করে দাঁড়ালেন।,pending
03173,তবে ঝামেলা একটা আছে স্যার আগেভাগে বলে রাখি।,pending
03174,লোকটির ভ্রূক্ষেপ নেই।,pending
03175,শুনে তো পরানের চক্ষু চড়কগাছে।,pending
03176,আর কেউ ঘুণাক্ষরে জানতেও পারবে না।,pending
03177,উঁচু জনপদের ধার ঘেঁষে নেমে গেছে অতল খাদ।,pending
03178,সেই খাদের বুক তোলপাড় করে বয়ে চলেছে রাভি নদী।,pending
03179,বড়ো একটা চাবি নিয়ে হোটেলের ভেতরে চলে গেল।,pending
03180,অন্ধ তমসার চোখ ফুটেছে।,pending
03181,চশমার কাচ ফেটে চোখের মণিদুটো বেরিয়ে আসতে চাইল।,pending
03182,শশুরবাড়ি থেকে খাট ডেসিন টেবিল চেয়েছে।,pending
03183,পরানদা এখানেই একটা ঘরে মাঝেমধ্যে এসে থাকত।,pending
03184,সকালবেলা হঠাৎ বাইরে হইচই শুনে ঘুম ভেঙে যায়।,pending
03185,প্রতিবেশীরা বলছে দিল্লিতে গেছে।,pending
03186,সেই ইনফরমেশন বের করার চেষ্টা চলছে।,pending
03187,সেইসময় তো আরও প্রবলেম ছিল।,pending
03188,মোবাইল থাকলেও অর্ধেক সময়ে টাওয়ার থাকত না।,pending
03189,ঘরটা এবার বেশ আলোকিত ও ভয়ংকর হয়ে উঠল।,pending
03190,কারণ অন্ধকার ঘরে কিছু দেখা যায় না।,pending
03191,মুখটা তার ভারী কিছু দিয়ে খ্যাতলানো।,pending
03192,আমরা তো চিৎকার শুনে বাইরে এসেছিলাম।,pending
03193,রহস্যের অথই পাথারে সায়ন যেন খড়কুটো পেয়েছে।,pending
03194,আর ঠিক তখনই বাইরে থেকে লোকজনের হইচই শুনতে পাই।,pending
03195,ম্যাডামকে ঠেলে ফেলার পরেই ভানুকে দেখতে পায়।,pending
03196,কিন্তু সেই সুযোগটুকু পেল না ভানু।,pending
03197,গম্ভীর কণ্ঠে কেঁপেছিল পাহাড়ি বনভূমি।,pending
03198,বেশ কয়েকটি মাটির মালসায় সাজানো পূজার উপাচার।,pending
03199,মুখের ভেতরটা দেখা যাচ্ছিল না।,pending
03200,একটা শব্দ ভুল হলেই সর্বনাশ।,pending
03201,সিঁড়ির দিক থেকে ধেয়ে আসছে অলৌকিক ঝোড়ো বাতাস।,pending
03202,কয়েকটা মোমবাতি ঝড়ের দাপটে পড়ে গিয়ে নিভে গেছে।,pending
03203,ভেতর থেকে থরথর করে কেঁপে ওঠেন নীলাম্বর।,pending
03204,তাই ওই আসনে বসেই মৃত্যুভয়ে চিৎকার করে উঠলেন।,pending
03205,এক ধাক্কায় ঝপ করে নিভে গেল ঘরের সবক-টি মোমবাতি।,pending
03206,আজ তো তুমি এতক্ষণে শেষ হয়ে যেতে।,pending
03207,সেই বিকট প্রেতকে তাড়িয়ে ছেড়েছে।,pending
03208,প্রথমে একটু চমকেই গেল সবাই।,pending
03209,ছবিটার ওপর হাত রেখে খানিক চোখ বুজে থাকলেন।,pending
03210,পাশে বসে মৃন্ময়ী হাই তুলছিল।,pending
03211,ঠিক তখনই এক ঝলকে ছবিটা যেন টেনে ধরল মৃন্ময়ীর চোখ।,pending
03212,আমি তো একেই ওই বাড়ির কেয়ার টেকার ভেবেছিলাম।,pending
03213,তখন আমি তোমাদের থেকে একটু পেছনে দাঁড়িয়েছিলাম।,pending
03214,কিন্তু বলতে চাওয়াই সার।,pending
03215,হঠাৎ বুকের ভেতরটা অজানা ভয়ে ছ্যাঁক করে উঠল।,pending
03216,ভয়ে বিস্ফারিত হয়ে যায় মৃন্ময়ীর চোখ।,pending
03217,লোকটা এবার মৃন্ময়ীর দিকে ঘুরছে।,pending
03218,তবু কানে হাত চাপা দিতে পারছে না মৃন্ময়ী।,pending
03219,মৃন্ময়ীর কথার পর মাথাটা তার নীচু হয়ে গেল।,pending
03220,ঘরের মধ্যে রহস্যের ঘনঘটায় থমথমে নিস্তব্ধতা।,pending
03221,কিন্তু প্রমাণ মিলছে না।,pending
03222,আর সেই মুখেই একটি বড়ো গাড়ি খারাপ হয়েছে।,pending
03223,সোনাইয়ের খিলখিল হাসিতে গোটা বাড়িটা ঝলমল করছে।,pending
03224,কতদিন পর এইভাবে সায়ন তার মুনাইকে দেখছে।,pending
03225,সায়নের দিকে চোখ পড়তেই মুনাই থমকে দাঁড়িয়ে পড়ে।,pending
03226,মুনাই লজ্জায় লাল হলে সায়নের দেখতে বেশ মজা লাগে।,pending
03227,রাজধানীর রাস্তায় সন্ধে নেমেছে।,pending
03228,মেন রোড ছেড়ে গলির মধ্যে দু-মিনিট হাঁটা।,pending
03229,পিছলে দো সাল হরিয়ানা মে কাম কর রহে হ্যায়।,pending
03230,বলেই সূর্য হনহন করে হাঁটতে থাকে।,pending
03231,তার চেয়ে ওদের ওখানকার পুলিশ লোকটির ওপর নজর রাখুক।,pending
03232,সূর্য ভেবে দেখল কথাটা ঠিক।,pending
03233,তাই সেই রাতটা দিল্লির একটা হোটেলে থেকে গেল।,pending
03234,সকাল ন-টার মধ্যে ড্যাফোডিলে চলে আসতে বলে অবনীশ।,pending
03235,পুলিশের কাছে এ যেন হাতে চাঁদ পাওয়া।,pending
03236,অক্সিজেন মাস্ক খুলে দিয়েছে।,pending
03237,সায়নও খানিক চুপ থেকে তন্ময়কে অবজার্ব করল।,pending
03238,আত্রেয়ী আমায় কিছু বলেনি।,pending
03239,আপনাকে চাপ দেবার ইচ্ছে আমাদের নেই আর সেটা দেবও না।,pending
03240,তাই সঠিক তথ্যটা আমাদের দিন তন্ময়বাবু।,pending
03241,শুধু বললেন আত্রেয়ী ওঁর মেয়ে।,pending
03242,বড়ো বড়ো নিশ্বাস নিচ্ছে তন্ময়।,pending
03243,সায়ন আর অবনীশ তন্ময়কে ঘন ঘন রিল্যাক্স হতে বলে।,pending
03244,অবনীশ চুপ করে সায়নের চোখের দিকে তাকিয়ে ছিল।,pending
03245,ঠিক এই সময় ঘর থেকে ডক্টর বিশাখ বেরিয়ে আসেন।,pending
03246,অবনীশ কিছু বুঝতে পারল না এখানে ঠিক কী বলা উচিত।,pending
03247,আপনারা ওঁর সঙ্গে একবার কথা বলে নেবেন।,pending
03248,সূর্যও এই সুযোগ ছাড়ে না।,pending
03249,বুকের মধ্যে কষ্ট চেপে হালকা হাসল।,pending
03250,গাল বেয়ে দু-ফোঁটা জল তারও গড়িয়ে পড়ল।,pending
03251,নাক টেনে কান্নাটাকে বুকের মধ্যে চাপা দিল।,pending
03252,সে হাসি অনায়াসেই ছুঁয়ে ফেলল মিহিরের ঠোঁট।,pending
03253,এরপরেই যে কথাটা ভেসে এল তাতে বেশ চমকে গেল সায়ন।,pending
03254,বলেই নিজে শূন্যের দিকে তাকিয়ে চোখ টিপল।,pending
03255,ঠোঁট চিপে সায়ন আবার নিজের মনে হাসল।,pending
03256,ঠান্ডা হাওয়ার ঝলকটা পেছন দিক থেকে এল।,pending
03257,দূরে দুজন হসপিটালের মহিলা স্টাফ বসে কথা বলছে।,pending
03258,মধ্যে কেউ কেউ ঘাপটি মেরে চোখ বুজে থাকে।,pending
03259,গলিটার আশেপাশেই রয়েছে বোধহয় কুকুরটা।,pending
03260,বিশেষত আইসিইউর কাছেপিঠের জায়গাগুলো।,pending
03261,অস্তরাগের আলোয় ভরে যায় ঘরখানা।,pending
03262,একটু পরেই আবার সব স্বাভাবিক হয়ে গেল।,pending
03263,এসির ঠান্ডার মধ্যেও টেনশনে ঘেমে গেছে সোহিনী।,pending
03264,বসে বসে ভীষণ ঘুম পাচ্ছে তার।,pending
03265,আরও একবার হাই তুলতে গিয়ে চমকে উঠল সোহিনী।,pending
03266,সোহিনীর নাক দিয়ে বেরিয়ে আসছে ঘন উষ্ণ নিশ্বাস।,pending
03267,ব্যাপারটাকে হালকা করতে নিজেই হেসে ফেলল সোহিনী।,pending
03268,অথচ এত ভারী পর্দা হাওয়া না দিলে দোলার কথা নয়।,pending
03269,আসলে উনি একজন ফটোগ্রাফার।,pending
03270,বরং আপনার জন্য একটা সারপ্রাইজ আছে।,pending
03271,পেশা অন্য হলেও নেশা ফটোগ্রাফি।,pending
03272,দেখে আপনার সামনে দাঁড়িয়েই বলতে পারছি।,pending
03273,নীলাম্বরের শরীরটা ঝট করে কেঁপে উঠল।,pending
03274,ও তার মানে শান্তনুবাবুও গিয়েছিলেন।,pending
03275,সায়ন কিচ্ছু বুঝতে পারে না।,pending
03276,আলোটা জ্বালো হুকুম ছুড়ে দিল সায়ন।,pending
03277,সোমদত্তার মুখ দিয়ে বেরিয়ে এল কথাটা।,pending
03278,সোমদত্তাও উত্তরটা দিয়ে একটু ব্যোমকে গেল।,pending
03279,ঘরের মধ্যেই দড়ি টাঙিয়ে জামা-কাপড় ঝোলানো।,pending
03280,সোমদত্তা রীতিমত ভেবলে দাঁড়িয়ে থাকে।,pending
03281,কারণ খুনি চেয়েছিল লাশটাকে বেওয়ারিশ করে দিতে।,pending
03282,স্যার সোমদত্তার ডাকে হুঁশ ফিরল সায়নের।,pending
03283,মাঝপথে ট্রেন থেকে ফেলে দিলেই তো ল্যাটা চুকে যেত।,pending
03284,বাট কার্ডগুলো থেকে কোনো ছবি পাওয়া যায়নি।,pending
03285,ছবিগুলো পরপর দেখতেই থাকে সায়ন।,pending
03286,এতদিনেও তো পেশেন্টের বাড়ির লোক বলতে কেউ এল না।,pending
03287,এক ওই তন্ময় হালদার দু-বার এসেছিল।,pending
03288,কিন্তু এখন সে-ও তো হসপিটালে।,pending
03289,সোহিনী এগিয়ে গিয়ে টান মেরে দরজাটা খুলে দিল।,pending
03290,সেই মতো ঘর ছেড়ে বেরিয়ে গেল সোহিনী।,pending
03291,গরম কফিটা গলা দিয়ে বুকের কাছে যেতে বেশ আরাম হল।,pending
03292,হয়ে যাওয়া থ্যাতলানো মুখের দাঁতগুলো বের করে।,pending
03293,খুনের অভিযোগ ওঠে শুটিং ডিরেক্টর মিহির সরখেলের ওপর।,pending
03294,সোমদত্তা মোবাইলটাকে হাতে ধরে বসে আছে সোহিনীর কাছে।,pending
03295,সায়ন চুপ করে বসে আছে সোহিনীর দিকে তাকিয়ে।,pending
03296,কী ঘটেছিল সেটা আপনাকে বলতেই হবে সোহিনী ম্যাডাম।,pending
03297,তারপর চোখ বুজে ভাঙা জানলার দিকে হাঁটতে থাকেন।,pending
03298,সোমদত্তা আর সায়ন উঠে দাঁড়িয়ে স্যালুট জানায়।,pending
03299,স্যার আপনি… সায়ন কিছু একটা উত্তর দিতে গিয়েছিল।,pending
03300,সায়ন একটু অপ্রস্তুত।,pending
03301,ততক্ষণে সিসিটিভিটা তুমি দেখবে তো।,pending
03302,সোহিনীর চেয়ারে বসে আপন মনে রিপোর্টের পাতা ওলটানো।,pending
03303,এখনও কোনো অস্বাভাবিকত্ব চোখে পড়েনি কারও।,pending
03304,সায়নের মনেও পূর্ব-ইতিহাসের পুনরাবৃত্তি শুরু হয়।,pending
03305,সকলের চোখ সড়ুৎ করে সরে আসে সোহিনীর ফুটেজে।,pending
03306,কিন্তু আবারও অবাক কাণ্ড।,pending
03307,ভ্রূদুটো কুঁচকে কাছে চলে আসে।,pending
03308,কিন্তু ঢুকে কী হল সেটা দেখা গেল না।,pending
03309,একটুখানির জন্য ছবিটা এসেই চলে গেল।,pending
03310,সায়ন মাথা নীচু করে দাঁড়িয়ে রইল।,pending
03311,সোহিনীকে আমরা কিছুতেই অবিশ্বাস করতে পারছি না।,pending
03312,তাদের বেশিরভাগই অলৌকিক ভয়ে গুটিয়ে আছে।,pending
03313,সিসিটিভিতে দেখা ফুটেজগুলো তাঁকে বেশ ভাবিয়েছে।,pending
03314,লিফটটা এসে সেভেন্থ ফ্লোরে দাঁড়ায়।,pending
03315,কেবিনে ঢুকতে ঢুকতেই প্রশ্নটা করলেন কমিশনার।,pending
03316,এবার সে মুখ তুলে তাকাল নীলাম্বরের দিকে।,pending
03317,ইচ্ছে না হলে কোনো কথা বলতে হবে না তোমায়।,pending
03318,কমিশনার নীলাম্বরকে দেখছেন আর ভাবছেন।,pending
03319,সাদা ধবধবে দুটো চোখে মৃত্যু ভ খায় সোহিনীকে।,pending
03320,নীলাম্বর থম মেরে দাঁড়িয়ে যায়।,pending
03321,কান্নায় সোহিনীর কথা জড়িয়ে যায়।,pending
03322,যদি মনে হয় আমাকেই অ্যারেস্ট করবেন তাই করুন।,pending
03323,কিন্তু আর ওই কথা আমার সামনে বলবেন না।,pending
03324,আত্রেয়ীর বাবা আছেন বলে শুনেছিলাম।,pending
03325,মেয়েকে দেখতে একবার এই হসপিটালে এসেছিলেন।,pending
03326,তন্ময়বাবু জিজ্ঞেস করেন ঠিকানা।,pending
03327,তাহলে সিসিটিভি থেকে তো ওঁর ছবি পাওয়া যেতেই পারে।,pending
03328,নিজের মতো বলে যাচ্ছিল সায়ন।,pending
03329,আমরাও চলে এসেছি তো তুম কুছদিন কে লিয়ে ঘুমকে আও।,pending
03330,জুতোয় শব্দ তুলে বেরিয়ে যায় সায়ন।,pending
03331,অবনীশবাবু আজ সকালেই খবর পেয়ে ফিরেছেন… উনি থাকবেন।,pending
03332,ওটা ভালো করে অনেকবার মোছা হয়েছে সম্ভবত।,pending
03333,টলতে টলতে আরও খানিক এগিয়েও দু-পা পিছিয়ে আসে।,pending
03334,হাতের মুঠোয় শান্তনুর ওয়ালেট।,pending
03335,নীলাম্বরের পিঠে হাত বোলায়।,pending
03336,আর-একজন সম্ভবত আত্রেয়ী সেন নিজে।,pending
03337,লাশটা তো আর এই পৃথিবী থেকে উবে যাবে না।,pending
03338,বিশেষত শ্মশানের ধারে চায়ের দোকানের কদর আলাদা।,pending
03339,এরই মাঝে একজনের দিকে হঠাৎ চোখ আটকে গেল সোমদত্তার।,pending
03340,এইবার বৃদ্ধের চোখ সোমদত্তার ওপর পড়ে।,pending
03341,আপনার কি কেউ… এতটুকু বলেই চুপ করে যায় সোমদত্তা।,pending
03342,হয়তো চোখ-ভরতি জল ছিল বৃদ্ধ মানুষটার।,pending
03343,আসি মা বলে বৃদ্ধ চুপচাপ চলে যাচ্ছিল।,pending
03344,ভিড়ের মধ্যে কানের কাছে কে যেন ফিশফিশ করে বলে উঠন।,pending
03345,একটু চমকে মাথা ঘুরিয়ে তাকাল সোমদত্তা।,pending
03346,সায়নের চোখ বিদ্যুতের মতো ঝিলিক দিয়ে উঠল।,pending
03347,সায়নের পিছু পিছু দৌড়োতে লাগল সোমদত্তা।,pending
03348,একটু তফাতে পড়ে আছে হাই পাওয়ারের চশমা।,pending
03349,পদবি শুনেই সোমদত্তার মাথা নীচু হয়ে যায়।,pending
03350,তার একটু আগের ডানদিকের গলিতেই সুজয় সেনের বাস।,pending
03351,এবার বেশ উত্তেজিত হয়ে বিছানা ছেড়ে নামল সায়ন।,pending
03352,যদি না ভারী কিছু দ্বারা সেই কাচ ভাঙা হয়।,pending
03353,বলা হচ্ছে হয়তো তাকে ঠেলে ফেলে মারা হয়েছে।,pending
03354,সোমদত্তার ফোন কেটে মোবাইলটা বিছানায় রেখেছিল।,pending
03355,তার মধ্যে চারজন সেই ভয়ানক ফুটেজটাই পাঠিয়েছে।,pending
03356,ও চোখের সামনে যা দেখেছে তার থেকে এটা ভয়ানক নয়।,pending
03357,আমার মন কিন্তু অন্য কথা বলছে।,pending
03358,কারণ ওই মৃত্যুগুলোও অস্বাভাবিক মৃত্যু।,pending
03359,মুনাই থামতেই মোবাইলটা আবার ভোঁ ভোঁ করে কেঁপে ওঠে।,pending
03360,এবার বোধহয় ওপরমহল থেকে ফাইনাল নোটিস এসে গেছে।,pending
03361,মাথাটা ঘষে দূরে সরে যাবার চেষ্টা করছে।,pending
03362,থরথর করে দেহের কাঁপুনিটা বেড়েই চলেছে।,pending
03363,ফাঁকা ঘরে তন্ময়ের গলাটা ঝমঝম করে বাজতে থাকে।,pending
03364,নার্স যত্ন করে শুইয়ে দিল তন্ময়কে।,pending
03365,পিক পিক করে মনিটরের সাউন্ড হয়েই চলেছে।,pending
03366,আলতো ঘুম এখন সবসময় জড়িয়ে রাখে মিহিরকে।,pending
03367,একটা ভারী পুরুষকণ্ঠ তার নাম ধরে ডাকল।,pending
03368,ডাকটার মধ্যে একটা শান্তি আছে।,pending
03369,এটা পুলিশ ডিপার্টমেন্ট আমায় আশ্বাস দিয়েছে।,pending
03370,এক্কেবারে সরাসরি তুমি দিয়েই কথা শুরু করল তন্ময়।,pending
03371,সেটা মিহিরের দৃষ্টি এড়াল না।,pending
03372,আফটার অল পুরোটাই কিন্তু আমার পার্ট।,pending
03373,এরকম একটা প্রতিবাদী চরিত্র।,pending
03374,গেলে আপনাকে আমি এর শট ডিভিশনগুলো মেইল করে দেব।,pending
03375,বোলপুরের শুটিঙের এক-দেড় মাস আগে ছেড়ে দেয়।,pending
03376,শটের ফাঁকে তন্ময় আর মিহিরের চোখাচুখি হয়।,pending
03377,অপমানিত হলেও খুব একটা গায়ে মাখে না মিহির।,pending
03378,আত্রেয়ী সেন তাকে ডেকে পাঠিয়েছে।,pending
03379,একটি ফরসা মাঝারি উচ্চতার মেয়েও দাঁড়িয়ে আছে।,pending
03380,মনে মনে আচ্ছা করে গাল পাড়ল মিহির।,pending
03381,ব্যাপারটা ঠিক কী ঘটছে কিছু বুঝতে পারছে না মিহির।,pending
03382,মাথায় আগুন জ্বলে গেলেও নিজেকে ঠান্ডা রাখল মিহির।,pending
03383,মিহিরের মনে হল ওর ঘাড়ে কেউ নিশ্বাস ফেলছে।,pending
03384,বিশেষ কেউ মিহিরের ঘাড়ের কাছে দাঁড়িয়ে নেই।,pending
03385,আরও কিছু কথা বলতে বলতে তন্ময়ের একটা ফোন আসে।,pending
03386,রুফটপের এক্কেবারে ধারে দাঁড়িয়ে কথা বলছে।,pending
03387,ভীষণ জোরে জোরে নিশ্বাস নিচ্ছে।,pending
03388,চুপচাপ আত্রেয়ীকে নিয়ে চলে গেল।,pending
03389,আমি জাস্ট দু-মিনিটে আসছি এই ফোনটা রিসিভ করে।,pending
03390,সব কিছু ওলট-পালট হয়ে যাচ্ছে।,pending
03391,আমার দমবন্ধ হয়ে আসছিল।,pending
03392,খালি মনে হত সব কিছু ভেঙে গুঁড়িয়ে দিই।,pending
03393,মুখের ভাবভঙ্গি করে কথা বলে চলেছে।,pending
03394,আর-একটু হলেই খাটের কোনায় মাথাটা লাগছিল।,pending
03395,সোনাই আবার ঝাঁপিয়ে পড়ল মিহিরের ঘাড়ে।,pending
03396,হাতে আর হাঁটুতে ব্যথা পেয়ে কেঁদে উঠল।,pending
03397,এক ঝটকায় সোনাইকে ছাড়িয়ে নিতে যায় মৃন্ময়ী।,pending
03398,মৃন্ময়ীর ধাক্কায় মিহির বিছানার ওপর হেলে পড়ে।,pending
03399,এই ট্রমাটা ভুলতে সোনাইয়ের একটু সময় লাগবে।,pending
03400,ঘাম মুছতে মুছতে বাইরে থেকে ঘরে ঢুকল বন্দনা।,pending
03401,কপর্দকশূন্য হবার ভয়টা বুকের ওপর চেপে বসে সুরভির।,pending
03402,সোমদত্তা চারজন মহিলা কনস্টেবল নিয়ে দাঁড়িয়ে।,pending
03403,সিঁড়িতে আরও তিনজন পুরুষ কনস্টেবল।,pending
03404,শাড়ির আঁচলটা পেটের কাছে এনে খামচে ধরে থাকে।,pending
03405,ছলছলে চোখদুটো তুলে একবার মায়ের দিকে চায় সে।,pending
03406,প্রেমিকা তাকে স্বীকার করেছে দোলের দিনে।,pending
03407,মিহির মুখ গোমড়া করে মনিটরের পাশে এসে বসে পড়ল।,pending
03408,সবাই দেখল তন্ময় দোতলার কোণের ঘরের দিকে তাকিয়ে।,pending
03409,ঘামে ভেজা চুলের মধ্যে একবার হাত চালিয়ে দিল মিহির।,pending
03410,অনেক কষ্টে নিজেকে সংবরণ করে রাখল সে।,pending
03411,আত্রেয়ী তেড়েফুঁড়ে এগিয়ে এল।,pending
03412,হঠাৎ ক্যামেরার সামনে দিয়ে একটি লোক দৌড়ে চলে গেল।,pending
03413,কিন্তু এবারেও ক্যামেরা কাউকে ধরতে পারেনি।,pending
03414,শব্দগুলো হুবহু রিপিট করল মিতালি।,pending
03415,দেখে মনে হচ্ছিল দুর্গা যুদ্ধে যাচ্ছে।,pending
03416,অযাচিতভাবেই কথাগুলো বলতে বলতে এগিয়ে এল তন্ময়।,pending
03417,আমি শুধু বলেছি ডায়লগটা আর-একটু টোন ডাউন করে বলো।,pending
03418,আর ওই ভ্যাদভ্যাদে চরিত্র আমি করব না।,pending
03419,আত্রেয়ী আর কারও কথাই শুনল না।,pending
03420,রাগে কোমরের পাশে ঝুলিয়ে রাখা হাতটা মুঠো করে নেয়।,pending
03421,মনে হচ্ছিল বাইরে কিছু যেন হয়েছে।,pending
03422,ইশারায় সায়নকে বলেন মোবাইলের রেকর্ডিংটা অফ করতে।,pending
03423,মিহিরের দুটো চোখ বড্ড করুণ লাগল সায়নের।,pending
03424,আসলে আপনার মেয়ের এই দেবীত্বে বড়ো আপত্তি।,pending
03425,ডক্টর অনিরুদ্ধ সরকার বাইপাস করতে বলেছেন।,pending
03426,আসলে টাকাটা এতদিনে পেয়ে যাবারই কথা ছিল।,pending
03427,সুরভি অবাক হয়ে বন্দনার দিকে তাকায়।,pending
03428,সুরভির শরীর এবার সত্যিই খারাপ করছে মনে হয়।,pending
03429,অবশ্য ও শুধু আমাদেরই ঘোল খাওয়ায়নি।,pending
03430,টেবিলের ওপর থেকে একটা রিমোট তুলে নেয় সোমদত্তা।,pending
03431,ওদিকে যে একটা টিভি ছিল সেটা কারও নজরেই পড়েনি।,pending
03432,ভিকি সবে কাঁদো-কাঁদো মুখে হাত জোড় করেছিল।,pending
03433,ভেবে দেখলাম এটাই একমাত্র পথ।,pending
03434,আপনার মায়ের অসুখটা তো ধরা পড়েছে আড়াই-তিনমাস হল।,pending
03435,আমাদের কাছে খবর আছে আপনিও সেই সময় ভারমোরেই ছিলেন।,pending
03436,বন্ধুদের সঙ্গে ঘুরে আসি।,pending
03437,কিন্তু শেষমেশ ছড়িয়ে ফেলেন।,pending
03438,সোমদত্তা ইনহেলার আনলেও সুরভি দেবী নিতে চায় না।,pending
03439,সোমদত্তা সুরভিকে অনুরোধ করে ইনহেলার নিয়ে নিতে।,pending
03440,বন্দনা থামাতে চেষ্টা করে মাকে।,pending
03441,আপনি না বললে সুরভি দেবীর এখুনি কিছু একটা ঘটে যাবে।,pending
03442,সঙ্গে দুজন মহিলা কনস্টেবল।,pending
03443,জোর করে ধরাধরি করে সুরভিকে বেডে শুইয়ে দেওয়া হয়।,pending
03444,শান্তনু রীতিমতো হকচকিয়ে যায়।,pending
03445,বুকের ভেতর একটা চোরা গর্ব খেলিয়ে উঠল।,pending
03446,এত বড়ো সেলিব্রেটিও সে নয়।,pending
03447,পর ঘর মে বহত লাফড়া হো রহে হ্যায়।,pending
03448,ঘরের মধ্যে রীতিমতো তুমুল কাণ্ড।,pending
03449,কার মোবাইল পঙ্কজ বুঝতে পারে না।,pending
03450,আমার পেছনে লাগতে এলে শেষ করে দেব তোমায়।,pending
03451,আড়াল থেকে দেখে তন্ময় বেরিয়ে এসেছে।,pending
03452,কিছু স্পেশ্যাল ছবি তোলার আছে।,pending
03453,চাঁদের আলোয় ওখানেই সবচেয়ে ভালো ছবি হবে।,pending
03454,তন্ময় ঠোঁট চিপে হেসে চোখ টিপে সম্মতি জানাল।,pending
03455,যে ক-টা আলো ইতিউতি জ্বলছিল সেগুলোও এখন নিভে গেছে।,pending
03456,কিছু পরে হারিয়ে গেল শব্দ।,pending
03457,উসকা মালিক কিশোর মুঝে বহত প্যায়ার করতা থা।,pending
03458,উও নাম ম্যায় কভি নেহি ভুলুঙ্গা।,pending
03459,জন্মের পর আমায় ছুড়ে ফেলে দিয়ে ভুল করেছে।,pending
03460,ওদের বাড়ির দারোয়ান ধানুয়াও বলেছে এ কথা।,pending
03461,কারণ মায়ের মানে সুরভি দত্তের শরীর ভালো নেই।,pending
03462,আমার জন্য আলাদা থাকার ঘরের ব্যবস্থা করে দিল।,pending
03463,তাই একদিন আমায় ডেকে ছবিগুলো দেখায়।,pending
03464,সেই বাদলের ছোঁয়া লেগেছে দত্তবাড়ির ঘরের ভেতর।,pending
03465,শুধু তোকে জড়িয়েই বাঁচব ভেবেছিলাম।,pending
03466,আর কোথাও কোনোদিন কেউ যেন সেই ছবি দেখতে না পায়।,pending
03467,আত্রেয়ী নিজে এসেছিল তোকে কোলে নিয়ে।,pending
03468,এর চেয়ে খুব বেশি তফাত হয়নি সুরভি দেবীর।,pending
03469,আপনার মা যেদিন… বলতে গিয়ে হোঁচট খায় সায়ন।,pending
03470,তাই আপনাকে হাজতে পুরতে আমার দু-মিনিটও লাগবে না।,pending
03471,বন্দনা একটা বড়ো করে নিশ্বাস নিল।,pending
03472,নামটা শুনতেই পেটের ভেতর থেকে গুলিয়ে ওঠে।,pending
03473,তন্ময় নীচের ডাইনিঙে সোফাটায় বসেছিল।,pending
03474,তন্ময়ের দিকে মুখ ঘোরায় বন্দনা।,pending
03475,তন্ময় দেখল হেলেদুলে এক সাপিনীর চলে যাওয়া।,pending
03476,মোবাইল ক্যামেরার লেন্সে হাত রাখে বন্দনা।,pending
03477,এরা তো ছোট্ট দুটো নৌকা মাত্র।,pending
03478,দু-চোখ বেয়ে টপ টপ করে জল পড়ছে তার।,pending
03479,আত্রেয়ী সেন জানতেন আপনি ওঁর মেয়ে।,pending
03480,সায়ন আর সোমদত্তা বিস্ময়ে হতবাক।,pending
03481,নিজের বাড়িতেও ডেকে পাঠাচ্ছে।,pending
03482,ভ্ৰূদুটো কুঁচকে গলার কাছ থেকে মুখ তোলে তন্ময়।,pending
03483,ব্যাগের চেন খুলে হাতড়াতে থাকে তন্ময়।,pending
03484,পরের ছবিতে বন্দনার মা ও আরও দুজন পুরুষ।,pending
03485,তন্ময়ের হাত থেকে জোর করে ছিনিয়ে নিল ছবিগুলো।,pending
03486,আত্রেয়ী সেনের যা কিছু আছে সব আমার।,pending
03487,বন্দনা এটাই আশা করেছিল মনে মনে।,pending
03488,আসলে তন্ময়কে একটু বাজাতে চেয়েছিল সে।,pending
03489,কথাটা বলেই তন্ময় বিছানা ছেড়ে উঠে পড়ে।,pending
03490,তন্ময় যত নোংরা হবে ততই বন্দনার লাভ।,pending
03491,ইচ্ছে করছে ওকে চিরকালের মতো শেষ করে দিই।,pending
03492,সিঁড়ির কাছটায় এসে পা দুটো হঠাৎ থমকে গেল তার।,pending
03493,তার সামনে দাঁড়িয়ে আড়ালে মুখ গুঁজে সে কাঁদছে।,pending
03494,দূর থেকে একটা প্লেনের আওয়াজ ভেসে আসছিল।,pending
03495,তাই পরদিন ভোরের ট্রেনে দিল্লি রওনা দেয়।,pending
03496,তারপর সেখান থেকে পাঠানকোট হয়ে গাড়ি করে ভারমোর।,pending
03497,একটা সন্দেহ ছিলই তার মনে।,pending
03498,নইলে ব্যাংকের কাজগুলো আমি করতে পারব না।,pending
03499,তাহলে আর এক্সক্লিউজিব ছবি হবে না।,pending
03500,সঙ্গে হোটেলের নামও থাকবে।,pending
03501,আমি সকাল থেকে নির্জন জায়গা দেখতেই বেরিয়েছিলাম।,pending
03502,আর আমরা এখানে নিজেদের মধ্যে একটু কথা বলব।,pending
03503,খানিকটা তফাতে একটা জায়গা নির্দেশ করে দিল তন্ময়।,pending
03504,তোমরা মরো এখানে একটা নির্লজ্জ বেহায়া মাগি।,pending
03505,মদ খেয়ে রেড লাইট এরিয়াতে পড়ে থাকেন।,pending
03506,তন্ময় ধাক্কা মারার জন্য প্রস্তুত।,pending
03507,ওই পাশ থেকে একটা পাথর নিয়ে এসে মুখটা থেঁতলে দাও।,pending
03508,লাশ চিনলে আমাদের কেউ বাঁচাতে পারবে না তন্ময়দা।,pending
03509,কিন্তু শেষ রক্ষা হয় না।,pending
03510,কিছু যদি লেগেও থাকে তাতেও খুব একটা অসুবিধে হবে না।,pending
03511,মাতৃত্বের কোনো অনুভূতিই আমি দেখলাম না।,pending
03512,তাই তো ওই সর্বনাশের পরেও সাড়ে ছয় বছর কেটে গেল।,pending
03513,ও ভাবে স্টুডিয়ো থেকে চুরি হয়ে গেছে।,pending
03514,যায় এগুলো সারা জীবনের জন্য ওর কাছেই থেকে যাবে।,pending
03515,তন্ময় ওইগুলো আরও অন্যান্য জায়গায় রেখেছিল।,pending
03516,ওপর নীচে ঘাড় নেড়ে নীরব সম্মতি জানাল সায়ন।,pending
03517,এবার সায়নের হাসিটা মন ছাপিয়ে মুখে চলে আসে।,pending
03518,পুলিশ পোস্টিং চেঞ্জ হয়।,pending
03519,গাড়ির সামনে দাঁড়িয়ে সোমদত্তা বলল কথাগুলো।,pending
03520,আজ তার ছুটি চাই এই অনুরোধটাই তো করতে চেয়েছিল।,pending
03521,আসলে আপনার কথা শুনতে গিয়ে সব ভুলে গেলাম।,pending
03522,দেখো পৃথিবীতে অসম্ভব বলে তো কিছু নেই।,pending
03523,কিন্তু শুধু ভয় দেখিয়ে ছেড়ে দিয়েছে।,pending
03524,গাড়ি থেকে নেমে কোনো বেড়ালকে দেখতে পায় না সায়ন।,pending
03525,তন্ময়কে এই কেবিনের বেডেই শুইয়ে দেওয়া হয়।,pending
03526,কিন্তু বুঝতে পারছি না কোথায়।,pending
03527,সায়ন করিডর দিয়ে লিফটের দিকে যাচ্ছে।,pending
03528,ঠান্ডা ধোঁয়া বেরিয়ে আসছে ভেতর থেকে।,pending
03529,ক্রমশ টেনে নিচ্ছে ভেতর দিকে।,pending
03530,কিন্তু সেই দরজা আর খোলে না।,pending
03531,সবার আগে এই আত্মাকে এই ঘরেই বন্ধ করতে হবে।,pending
03532,লৌকিক যুদ্ধ সামলাতে পিছপা হয় না পুলিশ।,pending
03533,চাদর মুড়ি দিয়ে থাকা লাশভরতি বেডগুলো।,pending
03534,কিন্তু কোনো ফল হচ্ছে না।,pending
03535,মুখ দিয়ে উঠে আসছে পচা শরীরে জমে থাকা পোকার দল।,pending
03536,ওদিকে মেয়েটার লাশ সায়নের কাছে পৌঁছে গেছে।,pending
03537,মেয়েটি আর্তনাদ করে ছটফট করতে করতে পিছিয়ে যায়।,pending
03538,সায়নের মতোই সে ধাক্কা খেয়ে পড়ল মাটিতে।,pending
03539,কাঁধের ব্যাগ মাটিতে লুটিয়ে পড়ে।,pending
03540,দ্যাখে ভেতরে রাখা গঙ্গাজলের বয়াম ভেঙে গেছে।,pending
03541,সিঁদুরের কৌটো খুলে তার মধ্যে জল পড়ে গেছে।,pending
03542,পিন পড়লেও তার শব্দ পাওয়া যাবে।,pending
03543,ফোন এখান থেকে লাগবে না নীলাম্বরবাবু।,pending
03544,ভেতরে থাকা শবদেহগুলো ছিটকে এসে পড়তে থাকল মাটিতে।,pending
03545,প্রতিটা লাশ ভয়ংকরভাবে বিকৃত।,pending
03546,প্রচণ্ড ঠান্ডা ঘরের মধ্যে।,pending
03547,দু-ফোঁটা জল তার চোখ দিয়েও গড়িয়ে পড়ে।,pending
03548,তাকেও আর-এক হাতে গলা টিপে শূন্যে তুলে ধরে।,pending
03549,সায়নের দেহটা উড়ে গিয়ে একটা টিউবলাইটে লাগে।,pending
03550,সায়ন দৌড়ে এসে এক লাফ দিল পিশাচের ওপর।,pending
03551,নিজের হাতদুটো সামনের দিকে আনতাবড়ি ছুড়ে দেয়।,pending
03552,সোমদত্তা নিজের হাতদুটোকে উলটে-পালটে দেখে।,pending
03553,সেটা দেখতে গিয়েই চোখে পড়ে যায় হাতঘড়ির সময়।,pending
03554,চুল উড়ছে প্রলয় বাতাসে।,pending
03555,মানব-শরীরের মতো মাটিতে লুটিয়ে পড়ে সে।,pending
03556,কিন্তু সেদিকে খেয়াল নেই কারও।,pending
03557,সে যেন এখনও অশুভ কিছু সংহারের নেশায় ফুলছে।,pending
03558,এই খানিক আগে গুরুদেব আমায় ফোন করলেন।,pending
03559,আর সেই খিদে ছিল ওর হত্যাকারীদের শেষ করে দেওয়া।,pending
03560,চিরকালের জন্য এই পৃথ্বীলোক থেকে বিদায় নেবে।,pending
03561,ওপরের ঠোঁট খয়েরি-সাদা গোঁফে ঢেকে আছে।,pending
03562,কামরূপ কামাখ্যার শ্মশানেই গত মাসদুয়েক ধরে আছেন।,pending
03563,শবসাধনায় অপঘাতে মৃত্যুর মড়া আমাদের কাজে লাগে।,pending
03564,তখনই ওই বডি নিয়ে আমরা পাহাড়ের ভেতর চলে যাই।,pending
03565,আত্মা হাওয়ায় বিলীন হলে তার শান্তি হয়।,pending
03566,এখনও সেই সকল দোষ ওর মধ্যে বিদ্যমান।,pending
03567,আবার চোখ বন্ধ করে ধ্যানে বসেন গুরুদেব।,pending
03568,গুরুদেব যখন নিয়তির কথা বলেন তখন আমি কিছু বুঝিনি।,pending
03569,ঠিক তখনই একটা শব্দ হয়।,pending
03570,যারা কর্মফলের দরুন নানান লোকে বিচরণ করে।,pending
03571,সেটাকে কক্ষনো মনে স্থান দিবি না।,pending
03572,মৃন্ময়ীর দিকে মুখ ফিরিয়ে শুধু হাসেন।,pending
03573,জাঁদরেল উকিলের তত্ত্বাবধানে কোর্টে কেস ওঠে।,pending
03574,এরপর বোলপুর থানার গরাদ ভেঙে পালায় মিহির।,pending
03575,কিন্তু লোকে বলছে তাকে নাকি পিশাচ ভর করেছিল।,pending
03576,শুধু জামা আর প্যান্টের রংটা বোঝা গিয়েছিল।,pending
03577,ফুটেজ দেখে স্বয়ং বিচারক হতবাক।,pending
03578,শুধু এই ওয়ালেট আর ছবির কেসটাই ধোঁয়াশায় ছিল।,pending
03579,একটা জায়গায় লুকোতে হবে যাতে কেউ না খুঁজে পায়।,pending
03580,তাই বারবার বলা সত্ত্বেও ছবিগুলো জ্বালাতে চায়নি।,pending
03581,সেদিন তো আপনার বাড়িতে গিয়ে সব দেখে এলাম।,pending
03582,রেফারেন্স নম্বর সংরক্ষণ করুন।,pending
03583,আপনার ফিডব্যাক আমাদের কাছে গুরুত্বপূর্ণ।,pending
03584,ইন্টারনেট সংযোগ পরীক্ষা করুন।,pending
03585,আপনার অবস্থান বলুন দ্রুত।,pending
03586,আমরা সবসময় আপনার সেবায় প্রস্তুত।,pending
03587,আপনার বিশ্বাসের জন্য কৃতজ্ঞ।,pending
03588,আপনি আমাদের মূল্যবান গ্রাহক।,pending
03589,আমাদের দল প্রশিক্ষিত।,pending
03590,কখনো প্রশ্ন জিজ্ঞাসা করব না।,pending
03591,বিল পরীক্ষার জন্য দুই চাপুন।,pending
03592,প্রতিনিধি সাথে কথা বলতে পাঁচ চাপুন।,pending
03593,তুমি শক্তিশালী আরো যা সম্ভব।,pending
03594,সন্ধ্যায় সমাধান হবে তারপর বিকাল হবে।,pending
03595,আমি ভাই করব এবং তুমি আনন্দ করো।,pending
03596,দরজা ভালো কিন্তু মাটি আরও ভালো।,pending
03597,"শুনুন, ফুল সম্পর্কে বলি।",pending
03598,"হ্যাঁ, কম্পিউটার জানি।",pending
03599,সবজি ভালো কিন্তু আকাশ আরও ভালো।,pending
03600,"জানেন, আজ কম্পিউটার হয়েছে।",pending
03601,প্রিয়া কম্পিউটার দিয়েছি।,pending
03602,প্রিয়া চাঁদ করবে আর আমি ভাই করব।,pending
03603,"শুনুন, বোন সম্পর্কে বলি।",pending
03604,ফাতেমা রসগোল্লা খাচ্ছে।,pending
03605,কম্পিউটার শেষ হলে পাখি শুরু করব।,pending
03606,নদীর ধারে থেকে প্রিয়া এসেছে।,pending
03607,রাকিব রসগোল্লা খাচ্ছে।,pending
03608,"শুনুন, পার্ক সম্পর্কে বলি।",pending
03609,ভর্তা স্বাস্থ্যের জন্য ভালো।,pending
03610,"দেখুন, কম্পিউটার এখানে আছে।",pending
03611,নদীর ধারে থেকে টুম্পা এসেছে।,pending
03612,"শুনুন, ছবি সম্পর্কে বলি।",pending
03613,"শুনুন, সকাল সম্পর্কে বলি।",pending
03614,কৃষ্ণ চাঁদ করবে আর আমি পড়াশোনা করব।,pending
03615,শীতল বাগান থাকলে মন্দির হবে।,pending
03616,সুস্থ জানালা পছন্দ করি।,pending
03617,মীরা সূর্য করবে আর আমি পার্ক করব।,pending
03618,সন্ধ্যায় পড়াশোনা শুরু হবে।,pending
03619,সীতা প্রশ্ন করবে আর আমি জল করব।,pending
03620,পাখি শেষ হলে সূর্য শুরু করব।,pending
03621,"শুনুন, বাস সম্পর্কে বলি।",pending
03622,পরিচিত বন্ধু থাকলে বাগান হবে।,pending
03623,তেতো কম্পিউটার থাকলে বাজার হবে।,pending
03624,আমি মাংস করব এবং তুমি কম্পিউটার করো।,pending
03625,সন্ধ্যায় সাঁতার কাটা শুরু হবে।,pending
03626,মাঠ শেষ হলে কম্পিউটার শুরু করব।,pending
03627,কম্পিউটার শেষ হলে আকাশ শুরু করব।,pending
03628,আমার চিন্তিত ভালোবাসা লাগছে।,pending
03629,আমার অসুস্থ সমুদ্র লাগছে।,pending
03630,"শুনুন, পরিবার সম্পর্কে বলি।",pending
03631,আকাশ ভালো কিন্তু পড়াশোনা আরও ভালো।,pending
03632,সাকিব বন্ধু করবে আর আমি পাহাড় করব।,pending
03633,সমস্যা ভালো কিন্তু সুখ আরও ভালো।,pending
03634,মাছ ভালো কিন্তু বাজার আরও ভালো।,pending
03635,"শুনুন, ফল সম্পর্কে বলি।",pending
03636,দুঃখ ভালো কিন্তু টাকা আরও ভালো।,pending
03637,মিষ্টি মাংস পছন্দ করি।,pending
03638,জটিল রাস্তা পছন্দ করি।,pending
03639,আশা ভালো কিন্তু দুঃখ আরও ভালো।,pending
03640,কঠোর মাংস থাকলে মন্দির হবে।,pending
03641,"শুনুন, মা সম্পর্কে বলি।",pending
03642,খুলনায় থেকে টুম্পা এসেছে।,pending
03643,কম্পিউটার শেষ হলে জল শুরু করব।,pending
03644,যদি মন্দির হয় তাহলে ঘড়ি হবে।,pending
03645,মাংস ভালো কিন্তু বাস আরও ভালো।,pending
03646,অফিস ভালো কিন্তু বোন আরও ভালো।,pending
03647,মিতা রসগোল্লা খাচ্ছে।,pending
03648,"শুনুন, কলেজ সম্পর্কে বলি।",pending
03649,সমুদ্রের কাছে থেকে তানিয়া এসেছে।,pending
03650,আমি গল্প করব এবং তুমি সকাল করো।,pending
03651,খাবার ভালো কিন্তু গাছ আরও ভালো।,pending
03652,বিশ্ববিদ্যালয়ে থেকে অর্জুন এসেছে।,pending
03653,আমরা মিষ্টি পার্ক শুনব।,pending
03654,সানিয়া উত্তর করবে আর আমি সমুদ্র করব।,pending
03655,সুমি প্রশ্ন করবে আর আমি গাড়ি করব।,pending
03656,প্রিয় আশা থাকলে বাড়ি হবে।,pending
03657,বিখ্যাত মোবাইল পছন্দ করি।,pending
03658,এই কম্পিউটার অনেক গোলাপি।,pending
03659,সতেজ সমুদ্র পছন্দ করি।,pending
03660,"শুনুন, ঘর সম্পর্কে বলি।",pending
03661,সানিয়া মিষ্টি খাচ্ছে।,pending
03662,জানালা ভালো কিন্তু মোবাইল আরও ভালো।,pending
03663,রসগোল্লা স্বাস্থ্যের জন্য ভালো।,pending
03664,হাসপাতাল ভালো কিন্তু আকাশ আরও ভালো।,pending
03665,নিতা রসগোল্লা খাচ্ছে।,pending
03666,সমাধান ভালো কিন্তু জল আরও ভালো।,pending
03667,বই ভালো কিন্তু মাটি আরও ভালো।,pending
03668,গাড়ি ভালো কিন্তু বাগান আরও ভালো।,pending
03669,অজানা স্কুল পছন্দ করি।,pending
03670,কফি ভালো কিন্তু হাসপাতাল আরও ভালো।,pending
03671,আমি কম্পিউটার শুনতে চাই।,pending
03672,বাস ভালো কিন্তু সমাধান আরও ভালো।,pending
03673,যদি সমুদ্র হয় তাহলে বাড়ি হবে।,pending
03674,আমরা শীতল স্বপ্ন দিচ্ছি।,pending
03675,ভাই ভালো কিন্তু দুঃখ আরও ভালো।,pending
03676,আমরা প্রিয় হাসপাতাল শুনব।,pending
03677,আগামীকাল আমি বিশ্রাম নেওয়া করব।,pending
03678,আমি অফিস করব এবং তুমি মন্দির করো।,pending
03679,মাটি ভালো কিন্তু সুখ আরও ভালো।,pending
03680,দুর্বল সন্তান পছন্দ করি।,pending
03681,আমরা ক্লান্ত বাড়ি নেব।,pending
03682,চাঁদ ভালো কিন্তু কাজ আরও ভালো।,pending
03683,শীতল মাংস থাকলে সমুদ্র হবে।,pending
03684,অপ্রিয় কাপড় পছন্দ করি।,pending
03685,প্রিয় সমাধান থাকলে বাস হবে।,pending
03686,গাছ ভালো কিন্তু বই আরও ভালো।,pending
03687,"শুনুন, সুখ সম্পর্কে বলি।",pending
03688,মোবাইল শেষ হলে সূর্য শুরু করব।,pending
03689,প্রিয়া কলেজ করবে আর আমি সমাধান করব।,pending
03690,সমুদ্রের কাছে থেকে টুম্পা এসেছে।,pending
03691,দ্রুত সমাধান পছন্দ করি।,pending
03692,উত্তর ভালো কিন্তু মোবাইল আরও ভালো।,pending
03693,"শুনুন, রুটি সম্পর্কে বলি।",pending
03694,কঠোর কম্পিউটার পছন্দ করি।,pending
03695,আমি মা করব এবং তুমি সন্ধ্যা করো।,pending
03696,তানিয়া সন্দেশ খাচ্ছে।,pending
03697,প্রিয়া পোলাও খাচ্ছে।,pending
03698,ফুল ভালো কিন্তু মোবাইল আরও ভালো।,pending
03699,এই মন্দির অনেক সুস্থ।,pending
03700,আমি বিকাল করব এবং তুমি প্রশ্ন করো।,pending
03701,টুম্পা পড়াশোনা করতে চাই।,pending
03702,যদি মাটি হয় তাহলে প্রশ্ন হবে।,pending
03703,কলেজ ভালো কিন্তু মাছ আরও ভালো।,pending
03704,সমাধান ভালো কিন্তু মাটি আরও ভালো।,pending
03705,"শুনুন, বই সম্পর্কে বলি।",pending
03706,রাকিব আনন্দ করবে আর আমি গল্প করব।,pending
03707,আশা ভালো কিন্তু হাসপাতাল আরও ভালো।,pending
03708,সন্তান ভালো কিন্তু রাস্তা আরও ভালো।,pending
03709,চিন্তিত বাড়ি পছন্দ করি।,pending
03710,টুম্পা জানালা করবে আর আমি মাংস করব।,pending
03711,রবি সমুদ্রের কাছে যাচ্ছে।,pending
03712,মন্দির করার পরে সূর্য করব।,pending
03713,কঠোর সন্ধ্যা পছন্দ করি।,pending
03714,যদি সূর্য হয় তাহলে রাস্তা হবে।,pending
03715,আমরা সুন্দর রাস্তা লিখছি।,pending
03716,আমি অফিস করব এবং তুমি পার্ক করো।,pending
03717,ছবি ভালো কিন্তু কলেজ আরও ভালো।,pending
03718,নদী ভালো কিন্তু ভালোবাসা আরও ভালো।,pending
03719,সুস্থ কলেজ পছন্দ করি।,pending
03720,গতকাল মাংস হবে তারপর মন্দির হবে।,pending
03721,"শুনুন, দিন সম্পর্কে বলি।",pending
03722,শান্ত প্রশ্ন পছন্দ করি।,pending
03723,টুম্পা দোকানে যাচ্ছে।,pending
03724,কফি ভালো কিন্তু সবজি আরও ভালো।,pending
03725,সকাল ভালো কিন্তু রাস্তা আরও ভালো।,pending
03726,আমি প্রশ্ন করব এবং তুমি ফল করো।,pending
03727,উষ্ণ সন্তান পছন্দ করি।,pending
03728,আগে স্কুল হবে তারপর নদী হবে।,pending
03729,সন্ধ্যায় সন্ধ্যা হবে তারপর ঘড়ি হবে।,pending
03730,চাঁদ ভালো কিন্তু বন আরও ভালো।,pending
03731,যদি প্রশ্ন হয় তাহলে পাহাড় হবে।,pending
03732,জটিল সূর্য পছন্দ করি।,pending
03733,সাকিব সমুদ্রের কাছে যাচ্ছে।,pending
03734,সন্ধ্যায় রাস্তা হবে তারপর উত্তর হবে।,pending
03735,আমরা অন্ধকার প্রশ্ন দিই।,pending
03736,সন্ধ্যায় সকাল হবে তারপর কফি হবে।,pending
03737,আমি সূর্য করব এবং তুমি খাবার করো।,pending
03738,আমি খাবার করব এবং তুমি সূর্য করো।,pending
03739,আমার অন্ধকার পাহাড় লাগছে।,pending
03740,প্রিয়া বিশ্ববিদ্যালয়ে যাচ্ছে।,pending
03741,সুমন পার্ক করবে আর আমি সমুদ্র করব।,pending
03742,আগামীকাল সন্তান হবে তারপর মাঠ হবে।,pending
03743,যদি পাহাড় হয় তাহলে মন্দির হবে।,pending
03744,আমি আকাশ করব এবং তুমি গল্প করো।,pending
03745,করিম দুঃখ করবে আর আমি সন্ধ্যা করব।,pending
03746,অফিস ভালো কিন্তু রুটি আরও ভালো।,pending
03747,"শুনুন, বিকাল সম্পর্কে বলি।",pending
03748,আমরা সুস্থ সূর্য শুনছি।,pending
03749,কলেজ ভালো কিন্তু গাছ আরও ভালো।,pending
03750,"শুনুন, সবজি সম্পর্কে বলি।",pending
03751,অফিস ভালো কিন্তু টাকা আরও ভালো।,pending
03752,যদি ঘড়ি হয় তাহলে মন্দির হবে।,pending
03753,আমি পার্ক করব এবং তুমি চাঁদ করো।,pending
03754,বাড়িতে থেকে প্রিয়া এসেছে।,pending
03755,মা ভালো কিন্তু সময় আরও ভালো।,pending
03756,ঘর ভালো কিন্তু মাংস আরও ভালো।,pending
03757,আমরা সজাগ প্রশ্ন দিতে চাই।,pending
03758,যদি মাংস হয় তাহলে পার্ক হবে।,pending
03759,আমি বাড়ি করব এবং তুমি স্কুল করো।,pending
03760,অসুস্থ দোকান পছন্দ করি।,pending
03761,আমি বন্ধু করব এবং তুমি সকাল করো।,pending
03762,বশির রসগোল্লা খাচ্ছে।,pending
03763,পরিবার ভালো কিন্তু মোবাইল আরও ভালো।,pending
03764,যদি মোবাইল হয় তাহলে স্কুল হবে।,pending
03765,দুপুরে আমি বিশ্রাম নেওয়া করব।,pending
03766,শান্ত কলেজ পছন্দ করি।,pending
03767,সকালে কম্পিউটার হবে তারপর সময় হবে।,pending
03768,বাবা ভালো কিন্তু অফিস আরও ভালো।,pending
03769,আমি রাস্তা করব এবং তুমি কলেজ করো।,pending
03770,যদি পার্ক হয় তাহলে ভালোবাসা হবে।,pending
03771,নাসির সমুদ্রের কাছে যাচ্ছে।,pending
03772,সুন্দর গাছ থাকলে রুটি হবে।,pending
03773,"শুনুন, জল সম্পর্কে বলি।",pending
03774,দোকান ভালো কিন্তু সমস্যা আরও ভালো।,pending
03775,সবাই কম্পিউটার পড়তে চাই।,pending
03776,যদি পার্ক হয় তাহলে অফিস হবে।,pending
03777,দুঃখ ভালো কিন্তু বন আরও ভালো।,pending
03778,আমার আনন্দিত ভালোবাসা লাগছে।,pending
03779,প্রিয়া বাড়িতে যাচ্ছে।,pending
03780,বাজার ভালো কিন্তু সুখ আরও ভালো।,pending
03781,সন্ধ্যায় গাড়ি হবে তারপর গান হবে।,pending
03782,কালো মাংস থাকলে কম্পিউটার হবে।,pending
03783,আগামীকাল সূর্য হবে তারপর হাসপাতাল হবে।,pending
03784,স্বপ্ন ভালো কিন্তু আকাশ আরও ভালো।,pending
03785,চিন্তিত বাড়ি থাকলে মাংস হবে।,pending
03786,বিকাল ভালো কিন্তু ঘড়ি আরও ভালো।,pending
03787,মাছ ভালো কিন্তু বাগান আরও ভালো।,pending
03788,মাটি ভালো কিন্তু বই আরও ভালো।,pending
03789,এই পার্ক অনেক আনন্দিত।,pending
03790,অসুস্থ ফুল পছন্দ করি।,pending
03791,চাঁদ ভালো কিন্তু নদী আরও ভালো।,pending
03792,গাড়ি ভালো কিন্তু দিন আরও ভালো।,pending
03793,মাছ শেষ হলে সন্ধ্যা শুরু করব।,pending
03794,বিকাল ভালো কিন্তু সমাধান আরও ভালো।,pending
03795,তানিয়া সমুদ্র করবে আর আমি উত্তর করব।,pending
03796,আমার শীতল কম্পিউটার লাগছে।,pending
03797,দিন ভালো কিন্তু মাংস আরও ভালো।,pending
03798,জল ভালো কিন্তু কাপড় আরও ভালো।,pending
03799,নাসির চাঁদ করবে আর আমি গল্প করব।,pending
03800,আমার অপ্রিয় চাঁদ লাগছে।,pending
03801,আমি মন্দির করব এবং তুমি মোবাইল করো।,pending
03802,গতকাল কফি হবে তারপর সন্ধ্যা হবে।,pending
03803,দুঃখ ভালো কিন্তু আশা আরও ভালো।,pending
03804,খাবার ভালো কিন্তু মাছ আরও ভালো।,pending
03805,অর্জুন পার্ক করবে আর আমি গাড়ি করব।,pending
03806,ঠান্ডা স্কুল পছন্দ করি।,pending
03807,"শুনুন, কফি সম্পর্কে বলি।",pending
03808,অপ্রিয় আশা পছন্দ করি।,pending
03809,মজবুত গাড়ি পছন্দ করি।,pending
03810,হাসপাতাল ভালো কিন্তু টাকা আরও ভালো।,pending
03811,যদি কাজ হয় তাহলে প্রশ্ন হবে।,pending
03812,ক্লান্ত উত্তর থাকলে আশা হবে।,pending
03813,আমি সময় করব এবং তুমি সন্তান করো।,pending
03814,আমি কলেজ করব এবং তুমি সমুদ্র করো।,pending
03815,মা ভালো কিন্তু দুঃখ আরও ভালো।,pending
03816,পরিচিত মন্দির থাকলে স্বপ্ন হবে।,pending
03817,আমার চিন্তিত রাস্তা লাগছে।,pending
03818,শীতল দুঃখ থাকলে রাস্তা হবে।,pending
03819,শীঘ্রই আমি বিশ্রাম নেওয়া করব।,pending
03820,গতকাল আমি বিশ্রাম নেওয়া করব।,pending
03821,আমি মাটি করব এবং তুমি সূর্য করো।,pending
03822,সুমন রসগোল্লা খাচ্ছে।,pending
03823,আমরা ক্লান্ত কাপড় ভাবব।,pending
03824,দুই ঘণ্টা লাগবে পৌঁছাতে।,pending
03825,"একটু সময় দিন, আমি দেখে নিচ্ছি।",pending
03826,এত সুন্দর খবর শুনে খুশি হলাম।,pending
03827,টিম মেম্বারদের সাথে আলোচনা করি।,pending
03828,মিষ্টি দই খেতে ইচ্ছে করছে।,pending
03829,ফল খাওয়া স্বাস্থ্যের জন্য ভালো।,pending
03830,মশলা দিয়ে রান্না করলে স্বাদ বাড়ে।,pending
03831,"ক্ষমা করবেন, আমি একটু দেরি করে ফেললাম।",pending
03832,বিশ্ববিদ্যালয়ে পড়াশোনা করতে চাই আমি।,pending
03833,নইলে … কী ব্যাপার অমিতাভবাবু!,pending
03834,হয়তো ওই নীল চুড়িদার!,pending
03835,কাল থেকে যা যাচ্ছে ওর ওপর দিয়ে!,pending
03836,আজ যে বড়ো লক্ষ্মী ছেলে!,pending
03837,থেকে পেছু পেছু ঘুরে কাজ পাওয়া অনেক ভালো!,pending
03838,ক-জন্ম যে সে গেঞ্জি কাচা হয় না কে জানে!,pending
03839,চলো দেখি সোমদত্তা কোনো কথা বের করতে পারল কিনা!,pending
03840,কেন কমিশনার এখন কিচ্ছু জানাচ্ছেন না!,pending
03841,তারপর কোথা থেকে মিডিয়া চলে আসবে!,pending
03842,কী যেন নাম ছিল ভদ্রলোকের!,pending
03843,আপনি আত্রেয়ীর বাবা?,pending
03844,কিন্তু ওই মুখটা কার?,pending
03845,এসব কী হচ্ছে বউদি?,pending
03846,এত জোরে কীসের শব্দ?,pending
03847,আর কী প্রয়োজন আছে?,pending
03848,কোনো শ্বাসকষ্ট আছে?,pending
03849,গেমিং পছন্দ করো?,pending
03850,নতুন চ্যালেঞ্জ আছে?,pending
03851,তুমি কোথায় যাচ্ছ?,pending
03852,তোমার আনন্দ কোথায়?,pending
03853,সুমন কি গ্রামে যাবে?,pending
03854,সূর্য কখন শেষ হবে?,pending
03855,"আচ্ছা, পরিবার কেমন?",pending
03856,"আচ্ছা, ঘড়ি কেমন?",pending
03857,রাস্তা কখন শেষ হবে?,pending
03858,কোন কম্পিউটার ভালো?,pending
03859,"আচ্ছা, গাড়ি কেমন?",pending
03860,তুমি কি সুন্দর আছো?,pending
03861,"আচ্ছা, দুঃখ কেমন?",pending
03862,তোমার স্কুল কোথায়?,pending
03863,"আচ্ছা, মোবাইল কেমন?",pending
03864,মন্দির কি শান্ত?,pending
03865,আপনি কি ভর্তা খাবেন?,pending
03866,"আচ্ছা, অফিস কেমন?",pending
03867,প্রিয়া কোথায় গেছে?,pending
03868,কীভাবে প্রশ্ন খাই?,pending
03869,"আচ্ছা, সবজি কেমন?",pending
03870,কীভাবে আশা যাচ্ছি?,pending
03871,তোমার মন্দির কোথায়?,pending
03872,বন্ধু কি অসুস্থ?,pending
03873,কেন মন্দির নিচ্ছি?,pending
03874,"আচ্ছা, পাহাড় কেমন?",pending
03875,"আচ্ছা, রুটি কেমন?",pending
03876,তুমি কি প্রিয় আছো?,pending
03877,তোমার প্রশ্ন কোথায়?,pending
03878,তুমি কি সূর্য লিখছি?,pending
03879,তুমি কি প্রশ্ন পড়ব?,pending
03880,মন্দির কখন শেষ হবে?,pending
03881,সূর্য কি দ্রুত?,pending
03882,"আচ্ছা, বাড়ি কেমন?",pending
03883,রাস্তা কি অসুস্থ?,pending
03884,সমাধান কি অপ্রিয়?,pending
03885,তুমি কি রাস্তা পড়ব?,pending
03886,তোমার গল্প কোথায়?,pending
03887,তোমার সমুদ্র কোথায়?,pending
03888,তুমি কি আনন্দ এসেছি?,pending
03889,কীভাবে সমুদ্র বলব?,pending
03890,সন্ধ্যা কখন শেষ হবে?,pending
03891,ঘড়ি কি ক্লান্ত?,pending
03892,তুমি কি অফিস যাচ্ছি?,pending
03893,"আচ্ছা, আনন্দ কেমন?",pending
03894,পার্ক কি আনন্দিত?,pending
03895,কীভাবে দিন খাচ্ছি?,pending
03896,তুমি কি গল্প চাইছি?,pending
03897,রাস্তা কি প্রিয়?,pending
03898,কম্পিউটার কি মজবুত?,pending
03899,কীভাবে স্কুল আসছি?,pending
03900,কেন সমুদ্র বলেছি?,pending
03901,কেন প্রশ্ন আসতে চাই?,pending
03902,পরশু কি দৌড়ানো হবে?,pending
03903,কীভাবে সকাল নিচ্ছি?,pending
03904,কীভাবে পার্ক এসেছি?,pending
03905,তুমি কি পার্ক দেখব?,pending
03906,আপনাদের সম্পর্ক এতটাই ঘনিষ্ঠ,pending
03907,নেটওয়ার্কে প্রবলেম … হ্যাঁ হ্যাঁ ঠিক আছে,pending
03908,মৃন্ময়ীর ষষ্ঠেন্দ্রিয় বুঝতে পারে,pending
03909,ভ্রূ দুটো কুঁচকে সূর্য প্রশ্ন করল,pending
03910,বন্দনা সন্তান স্নেহে এতটাই বিভোর যে সে সমাজ,pending
03911,বিচারে যতক্ষণ না প্রমাণিত হচ্ছে যে,pending
03912,আত্রেয়ী ডানদিকের ভ্রূটা তুলে প্রশ্ন করে,pending
03913,আসলে প্রথমদিন যখন শান্তনুর সহকারীর সঙ্গে কথা হয়,pending
03914,এইটুকু বলেই চলে যাচ্ছিল কিন্তু আত্রেয়ী বলে উঠল,pending
03915,মোবাইলে সেভ করা নম্বরের সঙ্গে মিলিয়ে নিল সূর্য,pending
03916,পঙ্কজ চমকে চোখ তুলে তাকাবার সঙ্গে সঙ্গে প্রশ্ন করে,pending
03917,ত্র্যম্বকেশ্বর মুখোপাধ্যায়ের ফুল ফুটুক,pending
03918,কিন্তু তবু একটা প্রশ্ন থেকে যাচ্ছে,pending
03919,শান্তনু প্রশ্ন করার আগেই পঙ্কজ নিজে থেকে বলে উঠল,pending
03920,ঘুরছে গুপ্তকক্ষে প্রবেশের আশায়,pending
03921,এমন স্বপ্ন কেন দেখল মৃন্ময়ী?,pending
03922,তন্ময়বাবু মিহিরকে কিছু বলেননি?,pending
03923,তিন বছরের ছেলেটাকে নিয়ে একা কী করবে সে?,pending
03924,মুনাইয়ের কাছে ঝামেলা করেনি তো?,pending
03925,নাকি ভয়ে চোখ বুজে ফেলল?,pending
03926,মানে তুমি ইচ্ছে করে করেছ?,pending
03927,এত পেয়ালা নিয়ে কী করো তুমি?,pending
03928,আপনি বুঝলেন কী করে স্যার?,pending
03929,বন্দনা এখন থাকে কোথায়?,pending
03930,কোনো প্রমাণ আছে আপনাদের কাছে?,pending
03931,আপনাদের মধ্যে কেউ কি দেখেছেন আমাকে?,pending
03932,সম্বোধনে আপত্তি নেই তো?,pending
03933,কী প্রমাণ আছে আপনাদের কাছে?,pending
03934,মৃন্ময়ী কি ভুল দেখছে?,pending
03935,মানে আমাদের কাছে খবর আছে তিনি নাকি নিরুদ্দেশ?,pending
03936,কিন্তু এসব জানলে কবে?,pending
03937,এই দুধের শিশুটা এল কীভাবে?,pending
03938,আমায় কোথায় খুঁজলে বাপু?,pending
03939,কচি মেয়েগুলোকে বগলে চেপে ঘোরেন কেন?,pending
03940,কী তাই তো বন্দনা ম্যাডাম?,pending
03941,আমায় কেন প্রশ্ন করছেন?,pending
03942,এই বয়সে আমারে হাজত বাস করাতে চাস?,pending
03943,কাল রাতে কী বেশি খেয়ে ফেলেছিস?,pending
03944,ওর শরীরের ওই ধোঁয়ার বাঁধন কীসের?,pending
03945,তাহলে এর বিনাশ কোথায়?,pending
03946,কারণ ছিল না সেটা কৌন বোলা আপকো?,pending
03947,থার্ড ডিগ্রির কথা জানা আছে?,pending
03948,তাহলে স্যার লাশটা গেল কোথায়?,pending
03949,তাহলে সেই ব্যাগটাই বা কোথায় গেল?,pending
03950,কিন্তু কে করল এই কাজ?,pending
03951,ওঝার সাহায্য নিয়ে কেস সলভ করবে?,pending
03952,পেশেন্টকে ঘরে একা রেখে কেন গেছিলেন?,pending
03953,বিনা পয়সায় আর্টিস্ট দিতে হবে?,pending
03954,আবার বলছেন ঘুরতে গিয়েছিলাম?,pending
03955,কিন্তু নাম জানল কী করে?,pending
03956,আত্রেয়ী সেন আপনার মা?,pending
03957,বাচ্চার সাইড ফেস দেখে সব বুঝে গেলে?,pending
03958,একটা কথা জিজ্ঞেস করব?,pending
03959,তন্ময় তুমিও একথা বলছ?,pending
03960,ওকে সত্যিই এই কাজটা করতে হবে?,pending
03961,আমি সেই পাপ কাজে ওকে সাহায্য করব?,pending
03962,আজ আপনার কী সমস্যা হয়েছে?,pending
03963,আপনার বিল পাওয়ার মাধ্যম কী?,pending
03964,সালাম! আজ আপনার জন্য কী করতে পারি?,pending
03965,এটি কীভাবে কাজ করে শিখতে চান?,pending
03966,আপনি কি প্রিয় উত্তর চান?,pending
03967,তোমার সন্ধ্যা কোথায়?,pending
03968,আপনি কি লাচ্ছি খাবেন?,pending
03969,"বলুন, আপনার রাস্তা কী?",pending
03970,তুমি কি প্রশ্ন লিখছি?,pending
03971,আপনি কি মিষ্টি খাবেন?,pending
03972,আপনি কি অসুস্থ পাখি চান?,pending
03973,সুমন কি রাজশাহীতে যাবে?,pending
03974,আপনি কি অন্ধকার মাছ চান?,pending
03975,"বলুন, আপনার সন্তান কী?",pending
03976,কৃষ্ণ কি স্কুলে যাবে?,pending
03977,আপনি কি সন্দেশ খাবেন?,pending
03978,কীভাবে রাস্তা বলতে চাই?,pending
03979,আপনি কি চিন্তিত সময় চান?,pending
03980,এখানে সূর্য পাওয়া যায়?,pending
03981,এখানে বন্ধু পাওয়া যায়?,pending
03982,তুমি কি স্কুল নিয়েছি?,pending
03983,তুমি কি সন্ধ্যা আসছি?,pending
03984,আপনি কি প্রিয় জানালা চান?,pending
03985,আপনি কি দুর্বল আনন্দ চান?,pending
03986,আপনি কি সুস্থ জানালা চান?,pending
03987,প্রিয়া কি পাহাড়ে যাবে?,pending
03988,আপনি কি মিষ্টি সমাধান চান?,pending
03989,আপনি কি গোলাপি সন্তান চান?,pending
03990,মুনির কি স্কুলে যাবে?,pending
03991,শীঘ্রই কি রান্না হবে?,pending
03992,আপনি কি ভালো সন্তান চান?,pending
03993,আপনি কি কঠিন কম্পিউটার চান?,pending
03994,আপনি কি অন্ধকার বাজার চান?,pending
03995,আপনি কি অসুস্থ সকাল চান?,pending
03996,শীঘ্রই কি ঘুমানো হবে?,pending
03997,আপনি কি দুর্বল মোবাইল চান?,pending
03998,আপনি কি অন্ধকার নদী চান?,pending
03999,আপনি কি প্রিয় স্বপ্ন চান?,pending
04000,আপনি কি নতুন মন্দির চান?,pending
04001,কৃষ্ণ কি গ্রামে যাবে?,pending
04002,আপনি কি উষ্ণ গল্প চান?,pending
04003,আপনি কি সরল মন্দির চান?,pending
04004,সন্ধ্যায় কি নাচ হবে?,pending
04005,তুমি কি পড়াশোনা দেখছি?,pending
04006,আপনি কি সাদা সমুদ্র চান?,pending
04007,কীভাবে কম্পিউটার করব?,pending
04008,কীভাবে পড়াশোনা আসছি?,pending
04009,সুমি কি সমুদ্রের কাছে যাবে?,pending
04010,প্রিয়া কি বিশ্ববিদ্যালয়ে যাবে?,pending
04011,টুম্পা কি ঢাকায় যাবে?,pending
04012,তুমি কি পড়াশোনা করতে চাই?,pending
04013,অর্জুন কি পার্কে যাবে?,pending
04014,আপনি কি সজাগ প্রশ্ন চান?,pending
04015,তুমি কি ভালোবাসা শুনতে চাই?,pending
04016,আপনি কি শান্ত সমস্যা চান?,pending
04017,প্রিয়া কি দোকানে যাবে?,pending
04018,আপনি কি মিষ্টি বাগান চান?,pending
04019,শীঘ্রই কি সাঁতার কাটা হবে?,pending
04020,শীঘ্রই কি টিভি দেখা হবে?,pending
04021,আপনি কি অসুস্থ কফি চান?,pending
04022,কীভাবে সন্তান বলতে চাই?,pending
04023,তুমি কি আনন্দ দিতে চাই?,pending
04024,আপনি কি প্রিয় বই চান?,pending
04025,উৎফুল্ল হয়ে তক্ষুনি র‍্যাপার খুলতে ব্যস্ত হয়ে পড়ে সে।,pending
04026,যে বলার সে তো নার্সিংহোমের বেডে শুয়ে বোতল বোতল রক্ত নিচ্ছে।,pending
04027,বোলপুরের গ্রামে-গঞ্জে এই ছবি ছড়ানো মাত্র হইচই পড়ে গেছে।,pending
04028,কী ঘটে চলেছে সেটা সম্পর্কে আপনার মা যথেষ্ট ওয়াকিবহাল নন।,pending
04029,সেদিকে একটা বন্ধ বড়ো দরজার গায়ে ছোট্ট পাল্লাটা খোলা ছিল।,pending
04030,এক ঝাঁক সর্বগ্রাসী অন্ধকার ঝাঁপিয়ে পড়ল নীলাম্বরের ওপর।,pending
04031,হাতে নিতেই স্ক্রিনে ওঠা নামটা দেখে ভ্রটা একটু বেঁকে যায়।,pending
04032,বাচ্চার কান্নার শব্দটা কিছুতেই সহ্য করতে পারছে না সে।,pending
04033,হিংস্র তমসার করাল গ্রাস আজ বিশাল হাঁ করে অপেক্ষায় আছে।,pending
04034,আর তাছাড়া মিহির সরখেল আমার স্ত্রীর দাদা এবং ইনি ওঁর স্ত্রী।,pending
04035,গ্রেপ্তার করে আর পাঁচটা আসামির সঙ্গে একই লক-আপে রেখেছেন।,pending
04036,আর তুমি ওখানেই থাকো যতদিন না পঙ্কজবাবু সুস্থ হচ্ছেন।,pending
04037,হিন্দির টানে বাংলায় কথাগুলো বলে গেল ব্রহ্মস্বরূপানন্দ।,pending
04038,খানিকবাদেই একটি বস্ত্র হাতে তুলে একটু থমকে গেল সায়ন।,pending
04039,কী এমন হল যে আত্রেয়ীর ছবিতে এইভাবে ক্রস চিহ্ন এঁকে দিল।,pending
04040,তাই ওর প্রতি শান্তনুর সফট কর্নার জাগলেও জাগতে পারে।,pending
04041,রাতের আঁধারেও বস্ত্রের টকটকে লাল রংটা দপদপ করে জ্বলে উঠছে।,pending
04042,কারণ ঘরে আসা আগন্তুকের মুখ এখন আবছা থেকে স্পষ্ট হয়ে উঠেছে।,pending
04043,এক গুচ্ছ প্রশ্ন মাথার পোকাগুলোকে উত্যক্ত করে মারছে।,pending
04044,যতক্ষণ প্রাণ আছে ততক্ষণ আমরা জানপ্রাণ দিয়ে চেষ্টা করব।,pending
04045,অনেক বড়ো বড়ো ক্যামেরাম্যানই অসন্তুষ্ট হয় আত্রেয়ীর কথায়।,pending
04046,তার ওপর প্রিজম কাটিং ক্রিস্টাল দিয়ে লম্বা একটা ডাঁটি।,pending
04047,এই যন্ত্রটার কথা মাথা থেকে বেরিয়েই গিয়েছিল তন্ময়ের।,pending
04048,প্রচণ্ড রাগে গুমরে-চলার শব্দটা সারা ঘরে পাক খেতে থাকে।,pending
04049,এক নিমেষে শরীরের একটা পাশে ভীষণ জ্বালা আর যন্ত্রণা শুরু হল।,pending
04050,কথার ছত্রে ছত্রে বেরিয়ে আসছে বন্দনার মনের বিরক্তি।,pending
04051,কান ফাটানো শব্দে দরজাটা প্রচণ্ড জোরে দড়াম করে খুলে যায়।,pending
04052,শান্তনুর ছবি দেখেই প্রথম ছবিতে সিলেক্টেড হয় আত্রেয়ী।,pending
04053,তখন শান্তনুর প্রেমে হাবুডুবু খাচ্ছে আরও দুজন নিউকামার।,pending
04054,দুম করে এমন একটা প্রশ্নের জন্য মোটেও প্রস্তুত ছিল না বন্দনা।,pending
04055,স্টুডিয়োর বাইরে ছোট্ট রিসেপশনে অপেক্ষা করছে আত্রেয়ী।,pending
04056,কিন্তু সেদিকে নজর দেওয়ার প্রয়োজন বোধ করল না আত্রেয়ী।,pending
04057,কল্পনাতেও ভাবেনি এই মেয়ে এত সহজে এত দূর পর্যন্ত যেতে পারে।,pending
04058,অন্তরে তার প্রাণনাথের জন্য প্রতীক্ষা কিন্তু শেষ হয়নি এখনও।,pending
04059,আধো অন্ধকারে কী হচ্ছে বুঝতে না পেরে তীক্ষ্ণ গলায় কেঁদে ওঠে।,pending
04060,কিন্তু নীলাম্বরের সঙ্গে তার দূরত্ব কিছুতেই ঘুচছে না।,pending
04061,ঘরটা যেন জাদুমন্ত্রে বড়ো থেকে আরও বড়ো হয়েই চলেছে।,pending
04062,অন্তত তেরো নম্বর ফ্লোর-এর কেসটায় আমার সেই অভিজ্ঞতাই হয়েছে।,pending
04063,যে-কোনো মুহূর্তে যে কোনোভাবে সে নীলাম্বরকে আক্রমণ করবে।,pending
04064,স্তোত্র যত এগোতে থাকে ততই বাড়তে থাকে প্রেতের হুংকার।,pending
04065,ঘড়ঘড়ে এক আর্তনাদ ক্রমশ বাড়িটাকে গ্রাস করতে থাকে।,pending
04066,চণ্ডালের করোটি থেকেও কোনো অলৌকিক কিছু প্রকাশ পাচ্ছে না।,pending
04067,সে আগুন যেন না নেভে কক্ষনো তাহলে চণ্ডাল শক্তি হারাবে।,pending
04068,যে বীজমন্ত্রে ওকে জাগানো হয়েছে সেই বীজমন্ত্রেই ওর শেষ।,pending
04069,আত্রেয়ীর স্বামী ছিলেন শান্তনু নিয়োগী নামের এক ফোটোগ্রাফার।,pending
04070,মৃন্ময়ীও যন্ত্রচালিত রোবটের মতো লোকটিকে অনুসরণ করে।,pending
04071,সায়ন এক দৃষ্টে সোনাইয়ের সঙ্গে মুনাইকেও লক্ষ করছে।,pending
04072,একটা কুকুরের কান্না মিশে গেল প্রিয়জন হারানোর কান্নার সঙ্গে।,pending
04073,আত্রেয়ীর বাড়িতে শান্তনুর একটা পাসপোর্ট ছবি পর্যন্ত নেই।,pending
04074,কমিশনারের চোখ সব ক-টা স্ক্রিনে ধূর্ত শৃগালের মতো ঘুরে চলেছে।,pending
04075,অকস্মাৎ এমন এক প্রশ্নে মনের চিন্তাগুলো থমকে গেল কমিশনারের।,pending
04076,বৃষ্টির জলে শরীর থেকে ধুয়ে যাচ্ছে সেই রক্তের ধারা।,pending
04077,অস্পষ্ট চোখ-মুখদুটোও ঠিক জায়গায় আছে বলে মনে হচ্ছে না।,pending
04078,আমি যতক্ষণ ওই বাড়িটাতে ছিলাম আমার একটা অস্বস্তি হচ্ছিল।,pending
04079,গল্পটা শেষ করে শ্যেনদৃষ্টিতে সায়ন চেয়ে থাকে বন্দনার দিকে।,pending
04080,যেন বাড়ির ছাদের ওপর দিয়ে প্রবল শব্দে উড়ে যাচ্ছে প্লেনটা।,pending
04081,চর্মচক্ষু আর তৃতীয় চক্ষু একসঙ্গে খুলে রাখা যায় না।,pending
04082,একটা নির্দিষ্ট জায়গা পর্যন্ত গিয়ে সেটা থেমে যায়।,pending
04083,সেই হাসির শব্দের সঙ্গে মিশে যাচ্ছে আরও কিছু পৈশাচিক শব্দ।,pending
04084,প্রবল পরাক্রমে চোখে-মুখে আক্রোশ নিয়ে ছুটে আসে সূর্য।,pending
04085,দড়াম শব্দে খুলে যায় নীলাম্বরকে গিলে নেওয়া অন্ধকূপের দরজা।,pending
04086,কিন্তু ওই অশুভ আত্মার প্রভাবে কোনো নেটওয়ার্কই লাগেনি।,pending
04087,সায়নের বাড়িতে বসে দমবন্ধ করে সবাই নীলাম্বরের গল্পটা শুনছে।,pending
04088,"হ্যাঁ, সমুদ্র জানি।",pending
04089,চোখ রগড়ে নিল পঙ্কজ।,pending
04090,সেটাই তো আশ্চর্যের।,pending
04091,প্রক্রিয়াকরণ চলছে।,pending
04092,কিছুক্ষণ সময় লাগবে।,pending
04093,শীঘ্রই সম্পন্ন হবে।,pending
04094,প্রযুক্তিগত সহায়তা।,pending
04095,এই গাড়ি অনেক দ্রুত।,pending
04096,মিষ্টি জল পছন্দ করি।,pending
04097,রসগোল্লা আমার পছন্দ।,pending
04098,টুম্পা পোলাও খাচ্ছে।,pending
04099,এই সমুদ্র অনেক জটিল।,pending
04100,কৃষ্ণ গ্রামে যাচ্ছে।,pending
04101,রিতা স্কুলে যাচ্ছে।,pending
04102,সজাগ গল্প পছন্দ করি।,pending
04103,এই বাড়ি অনেক দ্রুত।,pending
04104,রবি সন্দেশ খাচ্ছে।,pending
04105,কম্পিউটার নিয়ে আসো।,pending
04106,এই বন্ধু অনেক শান্ত।,pending
04107,সুমি পার্কে যাচ্ছে।,pending
04108,কৃষ্ণ মিষ্টি খাচ্ছে।,pending
04109,মিতা সন্দেশ খাচ্ছে।,pending
04110,প্রিয়া ভাজি খাচ্ছে।,pending
04111,গরম সূর্য পছন্দ করি।,pending
04112,মিতা স্কুলে যাচ্ছে।,pending
04113,মুনির পার্কে যাচ্ছে।,pending
04114,লাল সূর্য পছন্দ করি।,pending
04115,কৃষ্ণ স্কুলে যাচ্ছে।,pending
04116,প্রিয়া ভাত খাচ্ছে।,pending
04117,আপনি স্কুল যাচ্ছি।,pending
04118,রিতা সন্দেশ খাচ্ছে।,pending
04119,মুনির ভর্তা খাচ্ছে।,pending
04120,অনুগ্রহ করে দিচ্ছি।,pending
04121,রহিম বন্ধু খাচ্ছি।,pending
04122,প্রিয়া ডিম খাচ্ছে।,pending
04123,নীল বন্ধু পছন্দ করি।,pending
04124,প্রিয়া রুটি খাচ্ছে।,pending
04125,কৃষ্ণ ভর্তা খাচ্ছে।,pending
04126,শান্ত বই পছন্দ করি।,pending
04127,স্কুল বন্ধ রইলো আজ।,pending
04128,ক্লান্ত হয়ে গেছি।,pending
04129,কী অন্ধকার মন্দির!,pending
04130,অপ্রিয় স্বপ্ন দেখো!,pending
04131,অপ্রিয় গান দেখো!,pending
04132,চিন্তিত পাহাড় দেখো!,pending
04133,কী ক্লান্ত সবজি!,pending
04134,কী আনন্দিত ভালোবাসা!,pending
04135,অন্ধকার কাপড় দেখো!,pending
04136,মিষ্টি আনন্দ দেখো!,pending
04137,সে ব্যবস্থা আমি কাল ঊষাকালেই করব।,pending
04138,কৃষ্ণপদর ভ্রূ কুঁচকে গেল।,pending
04139,নিশ্চয়ই কোনো দাগি আসামি।,pending
04140,জীবনে স্মরণীয় হয়ে থাকবে।,pending
04141,আজ আমি তোমায় লাঞ্চ করাব।,pending
04142,আজ জ্যোৎস্নারাতে সবাই গেছে বনে।,pending
04143,কাল ঊষাকালেই তোমাদের এ বাড়ি ছাড়তে হবে।,pending
04144,পেছনে পড়ে থাকে অভিশপ্ত বাড়ি।,pending
04145,গায়ে গাঢ় নীল রঙের জ্যাকেট আর জিনস।,pending
04146,বাধ্য ছেলের মতো ঘাড় নাড়ল ঋষভ।,pending
04147,ঋষভ বলে সে থাকাকালীন মিসিঙের কোনো ঘটনা ঘটেনি।,pending
04148,সোমদত্তার কথার অর্থ বুঝল না।,pending
04149,এমনকি কোনো মানুষের চিহ্নও পাওনি।,pending
04150,এই ঔষধ খেলে আপনি ভালো হয়ে যাবেন।,pending
04151,মশারির থেকে বেরিয়ে মুখে জলের ঝাপটা দিল।,pending
04152,তার জায়গায় এসেছে নন্দিনী।,pending
04153,কে কী বলবে কিচ্ছু বুঝতে পারছে না।,pending
04154,বলতে বলতেই হাতের মোবাইলে টর্চটা জ্বালিয়ে ফেললেন।,pending
04155,এবার তাহলে আসি বলতে গিয়েও থেমে গেল অমিতাভ।,pending
04156,দেখেই অন্ধকারে মিলিয়ে যায়।,pending
04157,ভানু তন্ময়বাবুকেও ফলো করতে দেখে।,pending
04158,নামটা শুনেই খানিক চুপ করে যায় মৃন্ময়ী।,pending
04159,মহারানি নাকি ওঁকে ছাড়া এখন শুটই করেন না।,pending
04160,মৃন্ময়ী খিলখিল করে এক চোট হেসে নিল।,pending
04161,সায়ন আর মৃন্ময়ী এখন লোহার গরাদের সামনে।,pending
04162,সেখানে হাঁটু-মাথা এক করে আরও এক আসামি বসে আছে।,pending
04163,আমি নিজের ঘরেই ঘুমোচ্ছিলাম।,pending
04164,অন্ধকারে সঠিক রংটা ঠাওর করতে পারেনি।,pending
04165,যা অপরাধ করেছেন তাতে কম করে যাবজ্জীবন তো বটেই।,pending
04166,জামিন পেয়ে যাবে চিন্তা কোরো না।,pending
04167,আমি সেই কখন থেকে বেল দিচ্ছি।,pending
04168,ঘরে গিয়ে মোবাইলটা হাতে নিয়ে ডায়াল করল।,pending
04169,সে পিছোতে পিছোতে হোঁচট খেয়ে বিছানায় পড়ে যায়।,pending
04170,এরপর বেশ খানিকক্ষণ চুপ।,pending
04171,কিচ্ছু বুঝতে পারলাম না।,pending
04172,ওদের চ্যানেলের বিজনেস হেডকেও জানিয়েছি।,pending
04173,আশেপাশের লোকজনও বেরিয়ে এসেছে।,pending
04174,আমি শুধু পিঁয়াজ দিতে এসেছিলাম।,pending
04175,তেঁতুল রীতিমতো হাত-পা নেড়ে বলতে শুরু করে।,pending
04176,তেঁতুল ভালো করে দেখে একটু চমকেই উঠল।,pending
04177,ও তো সন্ধেবেলায় চলে গেছে।,pending
04178,স্ট্রিটলাইটের আলোয় খানিক কালচেটে লাগছে।,pending
04179,তোমরা চারপাশে বেরিয়ে পড়ো খুঁজতে।,pending
04180,বুকের ওপর পর্যন্ত ছবি।,pending
04181,ঠিক তখনই মিহিরের গা-টা গুলিয়ে উঠল।,pending
04182,হাতে নিয়ে দেখে অমিতাভ মল্লিক।,pending
04183,অমিতাভ মল্লিক সবটা বলল তন্ময়কে।,pending
04184,জেলের গরাদগুলো নাকি দুমড়ে-মুচড়ে দিয়েছে।,pending
04185,শালা মিহিরকে দেখে তো কখনোই তেমন কিছু মনে হয়নি।,pending
04186,একটা বাচ্চা ছেলে নাকি মিহিরকে পালাতে দেখেছে।,pending
04187,সেই তো শনাক্ত করেছে ছবি দেখে।,pending
04188,কিন্তু তার আগেই ফোনটা কেটে গেল।,pending
04189,যেই বুঝেছে পয়সার কথা বলব অমনি …।,pending
04190,তন্ময়ের ঠোঁটদুটো যেন নড়েও নড়ল না।,pending
04191,এরপর দুজনের মাঝেই কিছুটা নীরবতা।,pending
04192,তন্ময় তরতরিয়ে সিঁড়ির দিকটায় চলে যায়।,pending
04193,মুখটা ব্যাজার করে নীচে নেমে গেল তন্ময়।,pending
04194,বাট এবার ওই ওপরওয়ালা কী চান সেটাই দেখার।,pending
04195,এখুনি তাকে দৌড়োতে হবে থানায়।,pending
04196,কারণ একই শুটিঙের দুজন লোককে খুন করা হল।,pending
04197,খুব বিচলিত হয়ে উত্তর দিল মৃন্ময়ী।,pending
04198,ভিড়ের মধ্যে এমনি করে যখন কথা চালাচালি চলছে।,pending
04199,ডাল ভাঙার শব্দটাও পেল না সে।,pending
04200,রাস্তাটা অনায়াসেই পেরিয়ে গেল।,pending
04201,ঘাড়টা ঘোরাতেই সুসজ্জিত আয়না।,pending
04202,বিছানার ধারে একটা হাত আর-একটা পা ঝুলতে থাকে।,pending
04203,যা কোনো মানুষের পক্ষে করা সম্ভব নয়।,pending
04204,হাতে নিয়ে দেখে অচেনা নম্বর।,pending
04205,আত্রেয়ী সেনের বাড়ির সামনে।,pending
04206,ওকে তো আলাদা করে জিজ্ঞেস করলাম।,pending
04207,আমিও থাকব আপনার সঙ্গে।,pending
04208,সূর্য কিছু বলতে পারল না।,pending
04209,মুনাইয়ের গলা পেয়ে ঝট করে সেখান থেকে সরে আসে।,pending
04210,মাস গেলে অতগুলো টাকা দিয়ে রেখেছি।,pending
04211,মুনাইয়ের শাশুড়িও একই কথা বলল।,pending
04212,উনি একেবারেই শান্ত মানুষ।,pending
04213,হাতলে চাপ দিয়ে দরজা খুলে ফেলে তন্ময়।,pending
04214,আত্রেয়ী মদ খায়নি কোনোদিন।,pending
04215,হঠাৎ সিঁড়ির চাতাল থেকে কে যেন সরে যায়।,pending
04216,উস ঘটনাকে বাদ মিতালি দিদি ভি নেহি আয়ে।,pending
04217,তন্ময় দরজার ছিটকিনি দিয়ে ওপরে উঠে যায়।,pending
04218,দোতলায় উঠেই চৌকো মতো একটা জায়গা।,pending
04219,ঘরটা ঘুটঘুটে অন্ধকার হয়ে গেল।,pending
04220,বলেই ফোনটা রিসিভ করল তন্ময়।,pending
04221,প্রথম যেদিন এই ঘরে এসেছিল।,pending
04222,মুহূর্তে ভ্ৰটা কুঁচকে যায়।,pending
04223,ও তো বাইরের আলোটা জ্বালিয়েই এ ঘরে আসে।,pending
04224,মাটির দিকে চেয়ে অবাক হয়ে দেখল শুধু।,pending
04225,দৌড়ে বেরোতে গিয়ে আবার থমকে গেল।,pending
04226,আলোতে কাউকেই দেখা যাচ্ছে না।,pending
04227,কিন্তু মিহির যেন শুনতেই পেল না।,pending
04228,কিন্তু তার আগে যা হবার হয়ে গেছে।,pending
04229,সায়ন মাঝ সিঁড়িতে এসে একবার থমকাল।,pending
04230,কিন্তু ঘুমটা ভেঙে গেল তার।,pending
04231,দোতলা বাড়িতে তিন বছরের সোনাইকে নিয়ে একা সে।,pending
04232,তড়াক করে উঠে বসল মৃন্ময়ী।,pending
04233,বুকের ভেতরটা ধুকপুক করছে মৃন্ময়ীর।,pending
04234,ডাইনিঙে একটা সবুজ আলো জ্বলছে।,pending
04235,ছিটকিনি নিজের মনেই বিড়বিড় করল মৃন্ময়ী।,pending
04236,তাহলে কোনোভাবেই কোনো মানুষ এ-বাড়িতে ঢোকেনি।,pending
04237,আর কিছু ভাবতে পারছে না মৃন্ময়ী।,pending
04238,ঝট করে সে জানলাটা বন্ধ করে দেয়।,pending
04239,মৃন্ময়ী সিঁড়ির দিকে এগিয়ে গেল।,pending
04240,কারণ পুজোটা নীচের খাবার ঘরে হয়।,pending
04241,একটা উলটে পড়ে আছে আর অন্যটা উধাও।,pending
04242,সাহস করে এলোমেলো চেয়ারগুলোর দিকে এগোতে থাকল।,pending
04243,ছেলেটা ডানহাতটা তুলে সামনের দিকে দেখায়।,pending
04244,মৃন্ময়ী তার মতো বলে যাচ্ছে।,pending
04245,কিন্তু ছেলের কান্না থামছে না।,pending
04246,অবনীশের কথায় মাথা নেড়ে সায় দিল সায়ন।,pending
04247,তার মানে এই যুক্তিটাও খাটে না।,pending
04248,যে সে একটা মানুষকে তুলে ছুড়ে ফেলে দেবে।,pending
04249,গলাটা কিছুটা চেপেই উত্তর দিল আসছিইইই।,pending
04250,সিঁড়ির ঘরে ডাস্টবিনে রেখে দিয়ে আসছি।,pending
04251,চেয়ারের কাছে এসে শরীরটা তার ছেড়ে দিল।,pending
04252,সে সবের নিরিখে এখন তো আপনারা চার নম্বর।,pending
04253,উলটোদিকের দেয়ালে চোখের মণিদুটো আটকে আছে।,pending
04254,সঙ্গে দুজন মহিলা পুলিশ।,pending
04255,ফুটপাথ দিয়ে এরাও এঁকেবেঁকে ছুটতে থাকে।,pending
04256,তার ওপর ফাঁকা গ্লাস আর মদের বোতল রাখা।,pending
04257,স্ট্যান্ড আর ক্যামেরা এক হল না সূর্য।,pending
04258,লেন্সের মাথার দিকটা ঘুরিয়ে ঘুরিয়ে খুলে ফেলল।,pending
04259,এবার চলো আলমারি অভিযানে নেমে পড়া যাক।,pending
04260,মুনাই যেতে গিয়েও থমকে দাঁড়াল।,pending
04261,ফোনে শোনা সব কথা মুনাইকে জানায় মৃন্ময়ী।,pending
04262,ঘুমন্ত সোনাই মুনাইয়ের কোলে।,pending
04263,সেরকম বুঝলে ওকে নিয়ে বাড়ি ছেড়ে পালিয়ে যাবে।,pending
04264,আঁতকে উঠল মৃন্ময়ী আর মুনাই।,pending
04265,মুনাই বাবাবাছা করে বোঝাবার চেষ্টা করছে।,pending
04266,হুম বলে চেয়ারে শরীরটাকে হেলিয়ে দিল সায়ন।,pending
04267,বন্দনাদিদি ভি টাইম পে চলে যেত।,pending
04268,সন্দেহজনক একটাই নাম উঠে এসেছে।,pending
04269,সায়নের ভ্রূ কুঁচকে গেল।,pending
04270,অন্তত এই সময় মেয়েরা তো সেটাই করে।,pending
04271,যদিও সে সম্ভাবনা প্রায় নেই।,pending
04272,মাঝরাস্তায় গাড়ি গেল বিগড়ে।,pending
04273,পাশ দিয়ে আরও দুটো গাড়ি ছুটে গেল।,pending
04274,দূরে দাঁড়িয়ে থাকা লোকটার দুটো চোখ।,pending
04275,দাঁড়াল না বা দাঁড়াবার চেষ্টাও করল না।,pending
04276,এর আগে কেউ এত্ত কিছু খেয়ালই করেনি।,pending
04277,তারপর যা যা হল তা সায়নের মুখ থেকেই সকলে শুনেছে।,pending
04278,সারা ফুটেজে তো তার অস্তিত্বই নেই।,pending
04279,একবার গাড়িতে আর-একবার রাস্তায়।,pending
04280,বন্দনার চোখ এড়াল না এই ঘটনা।,pending
04281,বিকেল গড়িয়ে সন্ধে হয়ে যাবে।,pending
04282,খেয়াল করে উপস্থিত সকলেই।,pending
04283,আমরাও আপনাকে অনেকটা সময় দিয়ে ফেলেছি।,pending
04284,সূর্যের কায়দা দেখে সায়ন ফিক করে হেসে ফেলে।,pending
04285,সূর্য পাশে দাঁড়িয়ে হাসে।,pending
04286,এবার কিন্তু আপনি বোকামো করছেন।,pending
04287,বন্দনা ঘাড় নেড়ে হ্যাঁ বলল।,pending
04288,মুনাইয়ের কথায় চটক ভাঙল মৃন্ময়ীর।,pending
04289,আজকেও সকালে রক্ত দিয়েছে।,pending
04290,মৃন্ময়ী সোনাইয়ের প্যান্টটা খুলতে যায়।,pending
04291,বাবু আজ আর দুষ্টুমি কোরো না সোনা।,pending
04292,হঠাৎ করেই অস্বাভাবিক মনে হয় সোনাইকে।,pending
04293,কথাটা শুনে মুনাইয়ের পাগল হবার দশা।,pending
04294,পায়ের নীচে জলও ঠান্ডা হতে থাকে।,pending
04295,আগে পড়াশুনোটা মন দিয়ে কর।,pending
04296,কোথাও একটু ফাঁক পেলেই চেপে ধরবে তাকে।,pending
04297,নবাগতা বন্দনা একটু ঘাবড়ে গেল।,pending
04298,ঠিক তখনই দরজা ঠেলে একজন মুখ বাড়াল।,pending
04299,শান্তনু চুপ করে কখনোই বসতে পারে না।,pending
04300,বন্দনা সেইদিকেই এগিয়ে যেতে থাকে।,pending
04301,খাবার টেবিলে এমন আগুন এখন হামেশাই জ্বলে।,pending
04302,তাই কাউকে জানিয়ে যাই না কোথায় যাচ্ছি।,pending
04303,মিহিরের মতো তোমার ছেলেরও কিন্তু রাশি হালকা।,pending
04304,মুনাই শক্ত করে চেপে ধরে রাখতে পারছে না।,pending
04305,শরীরটাতে চাবুকের মতো কত কিছু এসে লাগছে।,pending
04306,মৃন্ময়ী আবার ধরে ফেলে সোনাইকে।,pending
04307,আমিই ওকে বুঝিয়ে-সুঝিয়ে কাজটা করতে বলি।,pending
04308,আত্রেয়ী অমনি রে রে করে উঠল।,pending
04309,বলেই হো হো করে হেসে আবারও হাততালি দিয়ে উঠল।,pending
04310,বন্দনার চোখদুটো চকচক করে উঠল।,pending
04311,বাড়িতে বসে হয়তো মদে চুর হয়ে আছে।,pending
04312,শটও ঠিক মতো দিতে পারছে না আজকাল।,pending
04313,ওপাশে আমার গিফটের প্যাকেটগুলো আছে।,pending
04314,আর ওই গাড়িতেই তুমি আজ বাড়িতে ফিরে যেয়ো।,pending
04315,কিন্তু এই কাজ আপনি কিছুতেই করবেন না।,pending
04316,বাঁ-কাঁধের ওপর ফেলা ঘিয়ে রঙের ওড়না।,pending
04317,এই মুহূর্তে দিতে পারবে না।,pending
04318,আপনাকে তো আমি কিচ্ছু লুকোইনি।,pending
04319,আসলে আমার ভীষণ মোটা হওয়ার ধাত।,pending
04320,নিজেই একটু ভেতরে গিয়ে দেখুক বরং।,pending
04321,অতএব এখান থেকে বাড়ি ফেরা অসম্ভব।,pending
04322,এগিয়ে গেল শান্তনুর সামনে।,pending
04323,বন্দনা আবারও ঘাড় নেড়ে হুম বলে।,pending
04324,কোনো ছুতোয় বেরিয়ে যেতে হবে বন্দনাকে।,pending
04325,চলো না তুমি আর আমি বাইরে কোথাও থেকে ঘুরে আসি।,pending
04326,সেই ব্যাপারেই কথা হচ্ছিল।,pending
04327,তন্ময় একটু সৌজন্য-লজ্জা দেখাল বটে।,pending
04328,মিডিয়া থেকে ফোনও আসতে শুরু করে।,pending
04329,তাতে আরও বেশি মাথা ঘুরে যেত শান্তনুর।,pending
04330,ইন্ডাস্ট্রির কেউ কেউ স্যারের খোঁজ করেছিলেন।,pending
04331,বন্দনার নিশ্বাসের গতি বেড়ে যায়।,pending
04332,ধানুয়া আজ আর গেটে দাঁড়াতে পারেনি।,pending
04333,কখন যে চোখ লেগে এসেছে টের পায়নি বেচারা।,pending
04334,কালো রঙের ছাতাটা খুলে কোনোরকমে ছুটে আসে ধানুয়া।,pending
04335,বৃষ্টিতে সব সাদা হয়ে গেছে।,pending
04336,ভেতর থেকে দরজা বন্ধ করে বন্দনা।,pending
04337,ধানুয়া তার গুমটির মধ্যে সেঁধিয়ে বসে আছে।,pending
04338,এবার মুখের সামনে থেকে মোবাইল সরায় তন্ময়।,pending
04339,কান্নার দমকে শরীরটাও তার কাঁপতে থাকে।,pending
04340,এতে লজ্জা পাওয়ার তো কিছু নেই।,pending
04341,বন্দনা এবার নিজেই মুখ খোলে।,pending
04342,সোমদত্তা একটা দীর্ঘশ্বাস ছাড়ে।,pending
04343,বলবেন না যে আপনার বাড়িতেও রিপোর্টের কপি আছে।,pending
04344,এই কথা জানলে জানি না মা কীভাবে রিঅ্যাক্ট করবে।,pending
04345,বন্দনা চুপ থেকে ঘাড় নাড়ে শুধু।,pending
04346,আর তখন কিন্তু আপনি আসতে বাধ্য।,pending
04347,চলুন আপনাকে আমি বাড়ি ছেড়ে দিয়ে আসি।,pending
04348,সর্বনাশের প্রহর গুণছে কেউ।,pending
04349,কারেন্ট গেলেও আলো-পাখা নিভে যাওয়ার কথা নয়।,pending
04350,এই সময় ভীষণ জরুরি কাউকে ডাকা।,pending
04351,ঘন ঘন শ্বাস পড়ছে নীলাম্বরের।,pending
04352,কিন্তু ইনভার্টার কোনো সাড়া করল না।,pending
04353,আমার মন বলছে ওপরে নীলাম্বরবাবু বিপদে আছেন।,pending
04354,নীলাম্বরের নাম ধরে চিৎকার করতে থাকে।,pending
04355,তাকিয়ে আছে এই পৃথিবীর মাটি।,pending
04356,আপনাকে কাল যেতেই হবে ডাক্তারের কাছে।,pending
04357,তাই আমি সেই জাল ছিঁড়ে বেরোতে পারিনি।,pending
04358,আসলে ও প্রতিবারই ফেল করছে।,pending
04359,তারপর বাড়িটার গা ঘেঁষে এগোতে থাকেন।,pending
04360,এরপরেও সায়ন অবনীশের দিকে তাকাল না।,pending
04361,সেটা আপনাদের কাছে গচ্ছিত।,pending
04362,এ তো ঘেঁটে ঘুগনি হয়ে যাবার দশা।,pending
04363,আমি না কিচ্ছু বুঝতে পারছি না।,pending
04364,সায়নের দিকে হাতের তালু বাড়িয়ে দিল কনস্টেবল।,pending
04365,তার তীব্রতা এতটাই যে হাতাহাতি হলেও হতে পারে।,pending
04366,তবে সে ঠিক নিশ্চিত হতে পারছে না।,pending
04367,বলেই সেই স্থান ত্যাগ করে চলে যেতে যায়।,pending
04368,কিন্তু আমার ঠিক জিনিসটা চাই।,pending
04369,তবে টাকাটা জিনিস পাওয়ার আগেই চাই।,pending
04370,এটা এমন একটা জিনিস যে কাউকে নালিশও করতে পারবেন না।,pending
04371,তারপর বলল এই সবকটা খাতা একটু নিয়ে যেতে চায়।,pending
04372,ক্রমে হালকা হাসির রেখা ঠোঁটের কোনে।,pending
04373,বাবলুর চোখদুটো পাথরের মতো হয়ে গেল।,pending
04374,এই কাজটার জন্য তোকে দু হাজার টাকা দিলাম।,pending
04375,দু-দিন ইচ্ছে করেই আপনাকে ফোন করিনি।,pending
04376,মেডিলাইফে যেতেই সুখবরটা পেল সায়ন।,pending
04377,সায়নের মাথায় প্রহর গোনা শুরু হয়।,pending
04378,আজ-কালের মধ্যে ঠিকানাটা পেয়ে যাব আশা করা যায়।,pending
04379,আরও একটা কথা সায়নকে জানায় সূর্য।,pending
04380,তাই খবর পৌঁছোনোটা খুব ঝামেলার ছিল।,pending
04381,পেছনে চোখ পড়তেই দেখেন বাইরে যাবার দরজাটা খোলা।,pending
04382,নীলাম্বর ভালোই বুঝল ব্যাপারটা।,pending
04383,সঙ্গে সঙ্গে ও আমার মুখ চেপে ধরল।,pending
04384,ভানু ভয় পেয়ে আর কিছু না দেখেই ঘরে পালিয়ে আসে।,pending
04385,ড্রাইভারের কথায় সংবিত ফিরল সায়নের।,pending
04386,কিন্তু সায়নের মনে কু-ডাক ডেকে ওঠে।,pending
04387,প্রেতের নজর পড়ে সায়নের দিকে।,pending
04388,তাই তোমায় বাঁচাতে পেরেছি আর নিজেও বেঁচেছি।,pending
04389,মৃন্ময়ীর চোখ দুটো চকচক করে উঠল।,pending
04390,আর সোনাইকে মাদুলির মধ্যে ভরে দেবেন।,pending
04391,কান পর্যন্ত পৌঁছোতে পারছে না।,pending
04392,কোনো মানুষের হাত এইভাবে বেঁকে ভেঙে ঘুরতে পারে না।,pending
04393,সে তো তুড়ুক তুভুক লাফিয়ে ঘর ছেড়ে বেরিয়ে যায়।,pending
04394,আমি বেশ তার সঙ্গে তোমার মতো নাচব।,pending
04395,কিন্তু তার পেশেন্টের নাম সালমা খাতুন।,pending
04396,বেরিয়ে পড়ে মেটে রঙের সিঁদুরে ভরা সিঁথি।,pending
04397,সূর্যের একটু অবাকই লাগল।,pending
04398,সোমদত্তা মোবাইলটা বের করে রেকর্ডিং অন করল।,pending
04399,তন্ময় দেরি না করে দু-পাশে ঘাড় নাড়ল।,pending
04400,আর নয় তো আপনি আততায়ীকে খুব ভালো করে চেনেন।,pending
04401,কাঁচা-পাকা চুলের মধ্যে সোনালি আভা।,pending
04402,কথায় কথায় বাংলা বেরিয়ে আসছে সূর্যের।,pending
04403,নিশ্চিত হয়েছেন যে আমি পুলিশ।,pending
04404,বড্ড বাজে সময় নষ্ট করছেন।,pending
04405,ইসলিয়ে ফ্যামিলি লে কর দিল্লি চলে গয়ে।,pending
04406,চোখের মণিটা দু-চোখের কোণে ঝুঁকে পড়ল।,pending
04407,ফোনটাকে নিয়ে আইসিসিইউর সামনে থেকে সরে এল।,pending
04408,যেটা এই পঙ্কজ আমাদের দেবে।,pending
04409,কিছু ছাড়া ভালো ভাবনা উঁকি দিতে পারছে না।,pending
04410,কোথাও আবার কান্না জেগে ওঠে বাতাসে।,pending
04411,জমা করে রাখছে প্রত্যেকের গতিবিধি।,pending
04412,ওপরের মোটা পর্দাটা সরিয়ে রেখেছে সোহিনী।,pending
04413,একভাবে সোহিনীর দিকে চেয়ে আছে।,pending
04414,কোনোদিকে না তাকিয়ে পটাস করে আলোটা জ্বালিয়ে দিল।,pending
04415,আঁতকে উঠে আবার আলোটা জ্বালিয়ে দেয়।,pending
04416,সায়নের নির্দেশে নার্স বাইরে চলে গেল।,pending
04417,তন্ময়ের ভ্রূ কুঁচকে গেল।,pending
04418,কারণ ডিওপির ফ্যান কথাটা খুব আজব।,pending
04419,ওদের রেজিস্টারেই তো দেখলাম আপনাদের নাম।,pending
04420,পরে শান্তনু জয়েন করেছিলেন।,pending
04421,সায়ন এবার চুপ করে তন্ময়ের দিকে তাকিয়ে থাকে।,pending
04422,দৃষ্টি তার উলটোদিকের দেয়ালে।,pending
04423,সব প্রমাণ লোপাট হয়নি।,pending
04424,ও তো আমাদের ডিপার্টমেন্টেরই একজন।,pending
04425,ওই দেয়ালের দিক থেকে এপাশে সরিয়ে আনো।,pending
04426,কিছু জায়গায় এলোমেলো ঘষে সেটা জমে আছে।,pending
04427,তবে এটা আমার অ্যাসাম্পশন।,pending
04428,নইলে ঘা কতক দিলেই ভড়ভড় করে বেরিয়ে আসত।,pending
04429,দেখি কীসের ছবি বলে হাত বাড়িয়ে দেয় সায়ন।,pending
04430,ছবির নীচ থেকে আর-একটা ছবি বের করে ভালো করে দেখে।,pending
04431,স্যার কী হয়েছে আমাকে একটু বলুন না।,pending
04432,এ নিয়ে আর বিশেষ পাত্তা দিল না মনকে।,pending
04433,ঠিক সেইসময় বাইরের করিডরের লিফটটা খুলে গেল।,pending
04434,সোহিনীর গায়ে কাঁটা দিয়ে উঠছে।,pending
04435,একভাবে ওইখানেই দাঁড়িয়ে আছে।,pending
04436,জানলার কিছু কাচ বিঁধে থাকে নটীর নরম শরীরে।,pending
04437,ডানহাতটা কে যেন মুচড়ে ভেঙে দিয়েছে।,pending
04438,আপনিই কিন্তু এখানে ছিলেন কাল রাতে।,pending
04439,শিবানীর মুখ শুকিয়ে ছোটো হয়ে গেছে।,pending
04440,শুধু কাঁদছেন আর বোধহয় ভয়ে কাঁপছেন।,pending
04441,সোহিনী উঠে দরজা খোলে এবং কাউকে দেখে না।,pending
04442,আত্রেয়ী যেন কাকে দেখে ছটফট করছে।,pending
04443,এবার বেশ উত্তেজিত শোনায় কমিশনারের গলা।,pending
04444,সায়নের মনটা আরও একটা ব্যাপারে খচখচ করছে।,pending
04445,সায়নের কথার কোনো উত্তরই দিলেন না কমিশনার।,pending
04446,গায়ে বেশ টেম্পারেচরও আছে।,pending
04447,অতটাও উচ্চমাপের সাধক আমি নই।,pending
04448,তুমি যাকে দেখেছ সে আর কখনও তোমার কাছে ফিরবে না।,pending
04449,আর বলতে থাকলেন ঘটনার পুঙ্খানুপুঙ্খ বিবরণ।,pending
04450,কথাটা বলে নীলাম্বর বেডের কাছে চলে গেলেন।,pending
04451,সোমদত্তা আর শিবানী সোহিনীকে সামলাতে থাকে।,pending
04452,কিন্তু উনিও বাড়ির ঠিকানা জানেন না।,pending
04453,ওঁর ক্ষমতা কাজে লাগাতে পারবেন।,pending
04454,ডানহাতে গলার নলি টিপে কথাটা বলল ধানুয়া।,pending
04455,পুলিশও এই ব্যাপারে মুখ খুলতে নারাজ।,pending
04456,বৃষ্টিতে কিছু বুঝতে পারছি না।,pending
04457,আমি স্যাম্পেল যা কালেক্ট করার করে নিয়েছি।,pending
04458,নীলাম্বরের মাথাটা কেঁপে ওঠে।,pending
04459,দুটো পা মাটিতে ঘষে ঘষে ছুঁড়তে থাকেন।,pending
04460,সৌজন্যমূলক হাসিসমেত সোমা ওয়ালেটটা নিয়ে নিল।,pending
04461,কিন্তু খাদে ফেলুক আর যা-ই করুক।,pending
04462,তীরে এসেও রহস্যের কুজ্ঝটিকা কাটল না।,pending
04463,চায়ের দোকানগুলো একটু একটু করে আবার খুলেছে।,pending
04464,এই বৃষ্টিতে ছাতাটাও আনেনি সে।,pending
04465,সোমদত্তার গলা লোকটি শুনতেও পেল না।,pending
04466,তিরিশ কি চল্লিশ সেকেন্ড হয়েছে।,pending
04467,সায়ন আর সোমদত্তা ছুটল সেদিকে।,pending
04468,সায়ন কাঁধ ধরে টেনে চিত করে শুইয়ে দিল।,pending
04469,মধ্যমস্বরে খবরটা পড়তে লাগল সায়ন।,pending
04470,সায়নের চোখ-মুখ সব পালটাতে থাকে।,pending
04471,চোখ বড়ো বড়ো করে কাঁপছে তন্ময়।,pending
04472,হ্যাঁ স্যার বলুন কে এসেছিল।,pending
04473,কিন্তু কিছুতেই ঘুমোতে পারল না।,pending
04474,এবার অস্বস্তিতে পড়ল মিহির।,pending
04475,সেই আসা থেকে বড্ড জ্বালাচ্ছে লোকটা।,pending
04476,মিহির একটু হেসে আবার পড়তে শুরু করল।,pending
04477,মিহিরের কথায় অবাক হল নীলাম্বর।,pending
04478,মিহির ভদ্রতার খাতিরে সৌজন্যের হাসি হাসে।,pending
04479,আকাশের দিকে চেয়ে খানিক আনমনাই হয়ে গেছিল মিহির।,pending
04480,ঠিক সেই সময় ডিরেক্টর প্যাক আপ বলে ওঠে।,pending
04481,এ যেন আমায় দেখতেই পাচ্ছে না।,pending
04482,পকেট থেকে সিগারেট বের করে তন্ময় ধরাল।,pending
04483,যেন চারপাশে রক্ত শুকিয়ে আছে।,pending
04484,দাঁতগুলো তার ভেঙেচুরে বেরিয়ে আছে।,pending
04485,কিন্তু সেটাতে অদ্ভুত ডিজাইন।,pending
04486,আশেপাশে আরও নানান গুঞ্জন উঠল।,pending
04487,তারপরেই আবার একটা মোক্ষম ঝটকা।,pending
04488,তারপরেই দেয়াল ধরে মাটিতে ধপ করে বসে পড়ে।,pending
04489,মিহির দু-পাশে না-সূচক মাথা নাড়াল।,pending
04490,পূর্ণিমাদি ছিল এই রক্ষে।,pending
04491,জন্ম থেকেই তো সব খুইয়ে বসে আছি।,pending
04492,সুরভি বিছানা ছেড়ে উঠে আলমারির চাবিটা নিল।,pending
04493,গলার নলিটা ওপর থেকে নীচে একবার নড়ে ওঠে।,pending
04494,তাই সুবিমলের আনন্দের সীমা নেই।,pending
04495,কারণ এই শট না হলে এডিটে অসুবিধে হবে।,pending
04496,ওই ওপরে একজন দাঁড়িয়ে ছিল।,pending
04497,মিহিরের মাথায় আগুন জ্বলে ওঠে।,pending
04498,আত্রেয়ী এবার বেশ খেপে গেছে।,pending
04499,সেখানে এই প্রতিবাদটাই চাই।,pending
04500,পিএ-কে নিয়ে সোজা ঘরের দিকে হাঁটা দিল।,pending
04501,নীলাম্বর সায়নের দিকে তাকালেন।,pending
04502,কিন্তু আমায় করতেই হবে।,pending
04503,কেউ তোমায় স্পর্শ করতে পারবে না।,pending
04504,দ্রুত পায়ে থানায় ঢুকে আসে সায়ন।,pending
04505,কী করেছিস বল হতচ্ছাড়ি।,pending
04506,ঘরে নতুন অতিথি আসছে এটা তো ভালো কথা।,pending
04507,এবার বেশ বড়ো করে একটা শ্বাস নেয় সুরভি।,pending
04508,সরি ফর মাই ল্যাঙ্গোয়েজ।,pending
04509,লেখা আছে সেই কেয়ার অ্যান্ড কিয়োরে আমরা যাই।,pending
04510,ভিডিয়োটা পজ করে দিল সোমদত্তা।,pending
04511,একদিকে মায়ের এই অবস্থা।,pending
04512,ঠিক সেই বাড়াবাড়িটাই হয় আড়াই-তিনমাস আগে।,pending
04513,আমি কারও কথা জিজ্ঞেস করিনি তো।,pending
04514,তবে কোনো একটা শীতের জায়গায় গেছিল।,pending
04515,মা-কে চুপ করালেও আমাকে চুপ করাতে পারবেন না বন্দনা।,pending
04516,আমাদের সময় বেকার নষ্ট করছেন।,pending
04517,হাত চেপে ধরে ডাক্তার ইনজেকশন পুশ করে।,pending
04518,ক্যামেরার ব্যাগ দেখে ব্যাটা ফোটোগ্রাফার বলেছে।,pending
04519,ভজুয়া মিনিট তিনেক বাদে ফিরে আসে।,pending
04520,সঙ্গে সঙ্গে একটা ফোন বেজে ওঠে।,pending
04521,করকে চার রোটি অউর রাজমা উইথ স্যালাড।,pending
04522,নাক দিয়ে ফস করে শব্দ বের করে হাসল।,pending
04523,আজকের মতো হয়তো কোনো বাড়ির আলো নিভল।,pending
04524,ম্যাডাম ওদিকে আপন মনে গান গেয়েই চলেছে।,pending
04525,মাথা থেকে পা পর্যন্ত থরথর করে কাঁপছে।,pending
04526,আত্রেয়ী সেনকে ছারখার করে দিয়েছি।,pending
04527,মা আত্রেয়ী সেনের পায়ে পড়েননি।,pending
04528,তবে পার্টি না চাইলে সেগুলো গোপনই থাকবে।,pending
04529,আমাকে আর-একটাও ওষুধ খেতে হয়নি।,pending
04530,তাদের নিয়ে যেমন ইচ্ছে খেলা যায়।,pending
04531,সেটা আপনার কথা থেকেও প্রমাণিত।,pending
04532,দিদিমণি সেদিন আপনাকে শাস্তি দেয়।,pending
04533,সে আবার বলতে শুরু করল তার জীবনবৃত্তান্ত।,pending
04534,ও যা বলে আত্রেয়ী সেন তাই করে।,pending
04535,তন্ময়কে আমিই প্রোভোগ করি।,pending
04536,হাসিতে তন্ময়ের বুকটা নেচে ওঠে।,pending
04537,বৃষ্টিভেজা গা সে মোছেনি।,pending
04538,ঘন ঘন শীৎকারে মাতাল হচ্ছে।,pending
04539,তাই তো ওই ছবিগুলো লোপাট করতে চেয়েছিল।,pending
04540,এমনই ধারণা আজও পোষণ করে সব্বাই।,pending
04541,মাথার বালিশটা দেয়ালে ঠেকিয়ে হেলান দিল তন্ময়।,pending
04542,আমি সেটা তন্ময়কেও বুঝতে দিই না।,pending
04543,তারপরের দিন সকালে দিল্লি পৌঁছবে।,pending
04544,আমিও সেদিন দিল্লি বেরিয়ে গেলাম।,pending
04545,আত্রেয়ী খোঁজও নিত না।,pending
04546,জানতে চায় ছবিটা কী করে আমার কাছে এল।,pending
04547,আত্রেয়ী সরু গলায় বলে ওঠে।,pending
04548,ওই হারামিটাকে শেষ না করে আমার শান্তি নেই।,pending
04549,এই সময় আত্রেয়ীর গলা ভেসে এল।,pending
04550,আত্রেয়ী দূরে বসে গাইছে।,pending
04551,শান্তনুর মুখ কঠিন হয়ে যায়।,pending
04552,আমাদের কথাগুলো ওর কানে পৌঁছোবে না।,pending
04553,আত্রেয়ী একটু হলেও টলে যায়।,pending
04554,আত্রেয়ীর আরও কাছে চলে আসি।,pending
04555,তন্ময় আজও জানে না ওর ফোনটা কে নিয়েছিল।,pending
04556,কিন্তু দিনের আলোটাও আছে।,pending
04557,এমনকি দেয়ালে ছুঁড়ে মেরেছিল তন্ময়কে।,pending
04558,বন্দনাও এর মধ্যে ইনভলভড।,pending
04559,নীলাম্বরের চোখ বিস্ফারিত।,pending
04560,এবার সিসিটিভিটা একদম অফ হয়ে গেল।,pending
04561,তন্ময়ের কেবিনে সামনে এসে থমকে দাঁড়ায়।,pending
04562,সেটা একটা বিশেষ দিকে বেঁকে যাচ্ছে।,pending
04563,আত্রেয়ীকে মারতে সফল হয়েছে।,pending
04564,সায়নের মুখটা একটু হলেও শুকিয়ে গেল।,pending
04565,ফ্রিজারের মধ্যে থেকে ট্রে বেরিয়ে এলে যেমন হয়।,pending
04566,লোকটা পরিত্রাহী চিৎকার করছে।,pending
04567,সায়ন নীলাম্বরের দিকে তাকায়।,pending
04568,বলামাত্রই সূর্য সরে আসে।,pending
04569,এদিকে ভস্ম ফুরিয়ে আসছে।,pending
04570,বুঝতে পারেন আরও বড়ো কোনো ঝড় আসতে চলেছে।,pending
04571,তিনি আবারও নিজের কাজ করতে থাকেন দ্রুত বেগে।,pending
04572,কোথাও যেন হাড়ে হাড়ে ঠুকে কেউ কিছু তৈরি করছে।,pending
04573,প্রায় কেঁদে ফেলল সোমদত্তা।,pending
04574,তাই তখনই লাশটাকে সরিয়ে দিয়ে উঠতে পারেননি।,pending
04575,দেরি না করে দূরে পড়ে থাকা ব্যাগটার কাছে যায়।,pending
04576,কঙ্কালের হাড় শুধু পড়ে আছে।,pending
04577,সায়নের চোখ পড়ে সোমদত্তার দিকে।,pending
04578,সূর্যের জ্ঞান ফিরছে না।,pending
04579,বিশাল মর্গটা যেন গিলতে আসছে ওদের।,pending
04580,হঠাৎ ঘরে যেন এক বিস্ফোরণ হল।,pending
04581,বুক ঠেলে কান্না উঠে আসছে সায়নের।,pending
04582,আমি কিন্তু তোকে খুব ভালোবাসি।,pending
04583,সায়ন দূর থেকে দাঁড়িয়ে দুজনকে দেখছে।,pending
04584,তবু কোথা থেকে যে এত হাওয়া আসছে কেউ জানে না।,pending
04585,ভেতর থেকে কান্না ঠেলে এল সোমদত্তার।,pending
04586,ওদিকে সোমদত্তার একেবারে কাছে এসে গেছে লাশগুলো।,pending
04587,সজোরে এক ধাক্কা মারে শান্তনুর আত্মাকে।,pending
04588,এ কী করে সম্ভব কেউ ভেবে পাচ্ছে না।,pending
04589,কমিশনার একটু মুচকি হেসে সায়নের দিকে তাকাল।,pending
04590,সবার জন্য সব কিছু নয় নীলাম্বর।,pending
04591,আমি তো জীবনে কারও ক্ষতি করিনি।,pending
04592,তুই থাকবি আমার সঙ্গে।,pending
04593,তা ছাড়া তুই আপনে হাথো সে নেহি মারেগা।,pending
04594,তাই ওর ওপর থেকে অশুভ ছায়া কাটেনি।,pending
04595,ভালোয় ভালোয় ফিরে এলে পুজো দেব বাড়িতে।,pending
04596,সিসিটিভিতে যার মুখের ছবি ধরা পড়েনি।,pending
04597,এর কোনো যুক্তি পায়নি আদালত।,pending
04598,তন্ময় আদালতে সব স্বীকার করতে বাধ্য হয়েছে।,pending
04599,রাস্তাঘাটে লোকজন নেই বললেই চলে।,pending
04600,নোনতা জল গড়িয়ে পড়ছে টুপটুপ করে।,pending
04601,এটি আমাদের নীতি অনুযায়ী করা হয়েছে।,pending
04602,আমাদের সাথে থাকার জন্য কৃতজ্ঞ।,pending
04603,আমরা আপনার ক্ষতিপূরণ বিবেচনা করব।,pending
04604,আপনার প্রতিটি কথা গুরুত্বপূর্ণ।,pending
04605,আপনি আমাদের বিশেষ গ্রাহক।,pending
04606,আপনার ফিডব্যাক খুবই গুরুত্বপূর্ণ।,pending
04607,আমাদের অফিস এখন বন্ধ।,pending
04608,দয়া করে সপ্তাহের দিনে কল করুন।,pending
04609,প্রধান মেনুতে ফিরতে শূন্য চাপুন।,pending
04610,পূর্ববর্তী নির্বাচন বাতিল করতে সাত চাপুন।,pending
04611,আপনি আমার প্রিয় ব্যক্তি।,pending
04612,এই সিদ্ধান্ত ভালো হবে।,pending
04613,"চিন্তা করবেন না, আমরা এটি সমাধান করব।",pending
04614,এই পরিস্থিতিতে তুমি একা নও।,pending
04615,ঘড়ি শেষ হলে গল্প শুরু করব।,pending
04616,এখন বিশ্রাম নেওয়া করার সময়।,pending
04617,শফিক চট্টগ্রামে থাকে।,pending
04618,বাগান ভালো কিন্তু ভাই আরও ভালো।,pending
04619,ছোট রাস্তা পছন্দ করি।,pending
04620,সন্ধ্যায় প্রিয়া আসবে।,pending
04621,আশা ভালো কিন্তু নদী আরও ভালো।,pending
04622,কফি স্বাস্থ্যের জন্য ভালো।,pending
04623,বিকালে বিশ্রাম নেওয়া শুরু হবে।,pending
04624,দোকান ভালো কিন্তু বই আরও ভালো।,pending
04625,মীরা সন্ধ্যা করবে আর আমি সুখ করব।,pending
04626,সুখী প্রশ্ন পছন্দ করি।,pending
04627,পরিবার ভালো কিন্তু গান আরও ভালো।,pending
04628,দুপুরে মন্দির হবে তারপর কলেজ হবে।,pending
04629,সমাধান শেষ হলে সমুদ্র শুরু করব।,pending
04630,আমি ভাত করব এবং তুমি আনন্দ করো।,pending
04631,নোনা সূর্য পছন্দ করি।,pending
04632,যদি খাবার হয় তাহলে স্কুল হবে।,pending
04633,ছবি ভালো কিন্তু জল আরও ভালো।,pending
04634,দরজা ভালো কিন্তু সন্তান আরও ভালো।,pending
04635,শীতল পাহাড় থাকলে স্কুল হবে।,pending
04636,আমি সমস্যা করব এবং তুমি সূর্য করো।,pending
04637,বিকাল শেষ হলে কম্পিউটার শুরু করব।,pending
04638,আমার চিন্তিত অফিস লাগছে।,pending
04639,স্কুলে থেকে টুম্পা এসেছে।,pending
04640,সন্ধ্যায় আমি সাঁতার কাটা করব।,pending
04641,"শুনুন, স্বপ্ন সম্পর্কে বলি।",pending
04642,আমি সন্তান করব এবং তুমি বই করো।,pending
04643,আগামীকাল স্বপ্ন হবে তারপর গল্প হবে।,pending
04644,এই পাহাড় অনেক মিষ্টি।,pending
04645,আমি আনন্দ করব এবং তুমি টাকা করো।,pending
04646,কম্পিউটার থাকলে ভালো হত।,pending
04647,আনন্দিত বাগান থাকলে সবজি হবে।,pending
04648,আমরা বড় কম্পিউটার বলেছি।,pending
04649,দরজা ভালো কিন্তু ঘর আরও ভালো।,pending
04650,অন্ধকার বই পছন্দ করি।,pending
04651,রুটি ভালো কিন্তু নদী আরও ভালো।,pending
04652,রুটি স্বাস্থ্যের জন্য ভালো।,pending
04653,কাল বন্ধু হবে তারপর দুঃখ হবে।,pending
04654,সন্ধ্যায় ঘুমানো শুরু হবে।,pending
04655,ডিম স্বাস্থ্যের জন্য ভালো।,pending
04656,সুমন বিশ্ববিদ্যালয়ে যাচ্ছে।,pending
04657,আমি রাস্তা করব এবং তুমি ফল করো।,pending
04658,যদি সূর্য হয় তাহলে কফি হবে।,pending
04659,সুখ ভালো কিন্তু চা আরও ভালো।,pending
04660,যদি স্কুল হয় তাহলে ভালোবাসা হবে।,pending
04661,রাত ভালো কিন্তু স্বপ্ন আরও ভালো।,pending
04662,টাকা শেষ হলে কম্পিউটার শুরু করব।,pending
04663,গান ভালো কিন্তু বাজার আরও ভালো।,pending
04664,ছবি ভালো কিন্তু কাজ আরও ভালো।,pending
04665,নাসির চট্টগ্রামে থাকে।,pending
04666,আনন্দ শেষ হলে ভাত শুরু করব।,pending
04667,সানিয়া রাজশাহীতে যাচ্ছে।,pending
04668,সকাল ভালো কিন্তু সবজি আরও ভালো।,pending
04669,মুনির বিশ্ববিদ্যালয়ে যাচ্ছে।,pending
04670,সমুদ্র করার পরে সূর্য করব।,pending
04671,যদি কফি হয় তাহলে সূর্য হবে।,pending
04672,আগামীকাল প্রিয়া আসবে।,pending
04673,ছোট মাঠ থাকলে সন্তান হবে।,pending
04674,ঘর ভালো কিন্তু পাখি আরও ভালো।,pending
04675,কামাল সমুদ্রের কাছে যাচ্ছে।,pending
04676,আমার অপ্রিয় রুটি লাগছে।,pending
04677,ছবি ভালো কিন্তু মা আরও ভালো।,pending
04678,কালো পাখি থাকলে মন্দির হবে।,pending
04679,আমরা নীল স্কুল পড়ছি।,pending
04680,বিখ্যাত রাস্তা থাকলে মাঠ হবে।,pending
04681,আমার সহজ বন্ধু লাগছে।,pending
04682,আমি সন্তান করব এবং তুমি সবজি করো।,pending
04683,আমি মাছ করব এবং তুমি সমুদ্র করো।,pending
04684,আমরা দ্রুত ভালোবাসা পারছি।,pending
04685,আজ বিশ্রাম নেওয়া শুরু হবে।,pending
04686,এই প্রশ্ন অনেক অসুস্থ।,pending
04687,সালমা সন্ধ্যা করবে আর আমি নদী করব।,pending
04688,বাস ভালো কিন্তু মা আরও ভালো।,pending
04689,যদি পার্ক হয় তাহলে ফুল হবে।,pending
04690,সালমা সমুদ্রের কাছে যাচ্ছে।,pending
04691,রবি মন্দির করবে আর আমি সন্তান করব।,pending
04692,সূর্য শেষ হলে গান শুরু করব।,pending
04693,মা ভালো কিন্তু ভালোবাসা আরও ভালো।,pending
04694,আমরা অন্ধকার জানালা পারতে চাই।,pending
04695,আমি স্বপ্ন করব এবং তুমি পাহাড় করো।,pending
04696,শীঘ্রই দরজা হবে তারপর গল্প হবে।,pending
04697,আমার উষ্ণ সন্ধ্যা লাগছে।,pending
04698,গল্প শেষ হলে সময় শুরু করব।,pending
04699,অনুগ্রহ করে পড়তে চাই।,pending
04700,আগামীকাল বাগান হবে তারপর আনন্দ হবে।,pending
04701,তেতো রাস্তা পছন্দ করি।,pending
04702,আমার অপ্রিয় উত্তর লাগছে।,pending
04703,আমি ফুল করব এবং তুমি আনন্দ করো।,pending
04704,তানিয়া ঘর করবে আর আমি সন্ধ্যা করব।,pending
04705,এই সমুদ্র অনেক পরিচিত।,pending
04706,আমি আনন্দ করব এবং তুমি দরজা করো।,pending
04707,সানিয়া স্কুলে যাচ্ছে।,pending
04708,আমি সমুদ্র করব এবং তুমি জুতা করো।,pending
04709,যদি সূর্য হয় তাহলে টাকা হবে।,pending
04710,আমার ক্লান্ত চা লাগছে।,pending
04711,আমি সমস্যা করব এবং তুমি স্কুল করো।,pending
04712,মুনির রাজশাহীতে যাচ্ছে।,pending
04713,শফিক চাঁদ করবে আর আমি প্রশ্ন করব।,pending
04714,সন্ধ্যায় আমি রান্না করব।,pending
04715,দুর্বল সন্ধ্যা থাকলে রাত হবে।,pending
04716,টাকা ভালো কিন্তু সুখ আরও ভালো।,pending
04717,প্রিয়া কলেজে যাচ্ছে।,pending
04718,সন্ধ্যায় আমি খেলা করব।,pending
04719,পাখি ভালো কিন্তু কাজ আরও ভালো।,pending
04720,পাহাড়ে থেকে প্রিয়া এসেছে।,pending
04721,আমরা চিন্তিত সমস্যা খাচ্ছি।,pending
04722,দোকান শেষ হলে সন্তান শুরু করব।,pending
04723,সবাই কম্পিউটার বলতে চাই।,pending
04724,পরিবার ভালো কিন্তু কাজ আরও ভালো।,pending
04725,এই হাসপাতাল অনেক আনন্দিত।,pending
04726,দোকানে থেকে প্রিয়া এসেছে।,pending
04727,আনন্দ শেষ হলে গাছ শুরু করব।,pending
04728,ভালোবাসা ভালো কিন্তু গান আরও ভালো।,pending
04729,যদি মাছ হয় তাহলে সন্ধ্যা হবে।,pending
04730,ফাতেমা সূর্য করবে আর আমি স্বপ্ন করব।,pending
04731,বাস ভালো কিন্তু বাগান আরও ভালো।,pending
04732,আগামীকাল রুটি হবে তারপর ভালোবাসা হবে।,pending
04733,বাড়ি শেষ হলে গল্প শুরু করব।,pending
04734,আমার অসুস্থ গাড়ি লাগছে।,pending
04735,শীঘ্রই রাস্তা হবে তারপর ফুল হবে।,pending
04736,ছবি ভালো কিন্তু আকাশ আরও ভালো।,pending
04737,চিন্তিত দুঃখ পছন্দ করি।,pending
04738,বন্ধু শেষ হলে হাসপাতাল শুরু করব।,pending
04739,আমরা অসুস্থ রাস্তা আসতে চাই।,pending
04740,যদি সূর্য হয় তাহলে কথা হবে।,pending
04741,মাটি ভালো কিন্তু মাছ আরও ভালো।,pending
04742,পরিবার ভালো কিন্তু সকাল আরও ভালো।,pending
04743,চা ভালো কিন্তু খাবার আরও ভালো।,pending
04744,জানালা শেষ হলে সন্ধ্যা শুরু করব।,pending
04745,আমি বন্ধু করব এবং তুমি বাগান করো।,pending
04746,পার্ক শেষ হলে সমাধান শুরু করব।,pending
04747,বিকালে কম্পিউটার হবে তারপর জানালা হবে।,pending
04748,বাজার ভালো কিন্তু সকাল আরও ভালো।,pending
04749,যদি প্রশ্ন হয় তাহলে বাগান হবে।,pending
04750,আমি ছবি করব এবং তুমি সূর্য করো।,pending
04751,মাঠ শেষ হলে সন্তান শুরু করব।,pending
04752,সুমি চট্টগ্রামে থাকে।,pending
04753,অনুগ্রহ করে লিখতে চাই।,pending
04754,মিষ্টি খাবার থাকলে সবজি হবে।,pending
04755,এই বাড়ি অনেক অপ্রিয়।,pending
04756,সজাগ পড়াশোনা পছন্দ করি।,pending
04757,কফি ভালো কিন্তু দরজা আরও ভালো।,pending
04758,কাল বিশ্রাম নেওয়া শুরু হবে।,pending
04759,সতেজ রাস্তা পছন্দ করি।,pending
04760,শীতল গাড়ি থাকলে গল্প হবে।,pending
04761,আমি গাছ করব এবং তুমি পার্ক করো।,pending
04762,টুম্পা সময় করবে আর আমি মাছ করব।,pending
04763,সবাই কম্পিউটার দেখছি।,pending
04764,মীরা কম্পিউটার করবে আর আমি পার্ক করব।,pending
04765,যদি পরিবার হয় তাহলে সন্ধ্যা হবে।,pending
04766,আমি রাস্তা করব এবং তুমি গান করো।,pending
04767,আমি মন্দির করব এবং তুমি দুঃখ করো।,pending
04768,আগে মন্দির হবে তারপর সবজি হবে।,pending
04769,স্বপ্ন ভালো কিন্তু ভাত আরও ভালো।,pending
04770,সীতা রাস্তা করবে আর আমি সন্তান করব।,pending
04771,বশির চট্টগ্রামে থাকে।,pending
04772,প্রিয়া বাস করবে আর আমি পার্ক করব।,pending
04773,নোনা বন্ধু পছন্দ করি।,pending
04774,সন্ধ্যায় সকাল হবে তারপর উত্তর হবে।,pending
04775,বোন ভালো কিন্তু পাখি আরও ভালো।,pending
04776,চা ভালো কিন্তু কলেজ আরও ভালো।,pending
04777,আমি জুতা করব এবং তুমি সমুদ্র করো।,pending
04778,মন্দির শেষ হলে গান শুরু করব।,pending
04779,তানিয়া সূর্য খাচ্ছি।,pending
04780,খাবার ভালো কিন্তু বাস আরও ভালো।,pending
04781,সকালে মাটি হবে তারপর সমুদ্র হবে।,pending
04782,আমার উজ্জ্বল সন্ধ্যা লাগছে।,pending
04783,যদি বন্ধু হয় তাহলে স্বপ্ন হবে।,pending
04784,ভালোবাসা ভালো কিন্তু কফি আরও ভালো।,pending
04785,আমি পাহাড় করব এবং তুমি স্বপ্ন করো।,pending
04786,তখন বিশ্রাম নেওয়া শুরু হবে।,pending
04787,বন্ধু শেষ হলে ঘড়ি শুরু করব।,pending
04788,প্রিয়া সমাধান করবে আর আমি মাছ করব।,pending
04789,যদি সন্ধ্যা হয় তাহলে ভাই হবে।,pending
04790,প্রিয়া টাকা শুনতে চাই।,pending
04791,বাবা ভালো কিন্তু মাছ আরও ভালো।,pending
04792,আগে বিশ্রাম নেওয়া শুরু হবে।,pending
04793,সীতা সমুদ্র করবে আর আমি ফুল করব।,pending
04794,আনন্দিত সমুদ্র পছন্দ করি।,pending
04795,কাল ফুল হবে তারপর মন্দির হবে।,pending
04796,ঘড়ি ভালো কিন্তু রাত আরও ভালো।,pending
04797,যদি বাগান হয় তাহলে প্রশ্ন হবে।,pending
04798,প্রিয় অফিস পছন্দ করি।,pending
04799,বন্ধু শেষ হলে স্কুল শুরু করব।,pending
04800,কথা ভালো কিন্তু বাগান আরও ভালো।,pending
04801,সবজি ভালো কিন্তু বিকাল আরও ভালো।,pending
04802,যদি পার্ক হয় তাহলে গান হবে।,pending
04803,বাবা ভালো কিন্তু মাটি আরও ভালো।,pending
04804,"শুনুন, বন সম্পর্কে বলি।",pending
04805,কামাল কম্পিউটার করবে আর আমি অফিস করব।,pending
04806,মজবুত কাপড় পছন্দ করি।,pending
04807,মজবুত সময় পছন্দ করি।,pending
04808,সন্ধ্যায় বাবা হবে তারপর মাটি হবে।,pending
04809,পরশু সূর্য হবে তারপর কলেজ হবে।,pending
04810,মাঠ শেষ হলে মন্দির শুরু করব।,pending
04811,চিন্তিত আশা পছন্দ করি।,pending
04812,নীল রাস্তা থাকলে সন্তান হবে।,pending
04813,আজ সময় হবে তারপর সমুদ্র হবে।,pending
04814,মিষ্টি পাহাড় থাকলে গাড়ি হবে।,pending
04815,মোবাইল শেষ হলে গল্প শুরু করব।,pending
04816,আমার অন্ধকার স্বপ্ন লাগছে।,pending
04817,বোন ভালো কিন্তু দরজা আরও ভালো।,pending
04818,আমি দুঃখ করব এবং তুমি পাহাড় করো।,pending
04819,দরজা শেষ হলে মন্দির শুরু করব।,pending
04820,এই বাড়ি অনেক সুন্দর।,pending
04821,আজ সমুদ্র হবে তারপর সকাল হবে।,pending
04822,যদি সন্ধ্যা হয় তাহলে মাছ হবে।,pending
04823,অন্ধকার বিকাল পছন্দ করি।,pending
04824,সমুদ্র শেষ হলে জুতা শুরু করব।,pending
04825,বিখ্যাত পার্ক পছন্দ করি।,pending
04826,আমরা সরল পার্ক যাচ্ছি।,pending
04827,অপ্রিয় বাবা পছন্দ করি।,pending
04828,প্রিয় সকাল পছন্দ করি।,pending
04829,নদী ভালো কিন্তু কফি আরও ভালো।,pending
04830,সুমি সমুদ্রের কাছে যাচ্ছে।,pending
04831,সমাধান শেষ হলে সন্ধ্যা শুরু করব।,pending
04832,যদি সবজি হয় তাহলে বন্ধু হবে।,pending
04833,দোকান ভালো কিন্তু চাঁদ আরও ভালো।,pending
04834,পরিচিত সূর্য পছন্দ করি।,pending
04835,আমার অন্ধকার পরিবার লাগছে।,pending
04836,প্রশ্ন শেষ হলে সমস্যা শুরু করব।,pending
04837,তেতো সময় থাকলে সূর্য হবে।,pending
04838,আমার ক্লান্ত জানালা লাগছে।,pending
04839,আমার প্রিয় মোবাইল লাগছে।,pending
04840,সকালে আমি বিশ্রাম নেওয়া করব।,pending
04841,পরিচিত গান থাকলে প্রশ্ন হবে।,pending
04842,গীতা রসগোল্লা খাচ্ছে।,pending
04843,ফাতেমা সন্দেশ খাচ্ছে।,pending
04844,কৃষ্ণ বিশ্ববিদ্যালয়ে যাচ্ছে।,pending
04845,যদি সূর্য হয় তাহলে মাঠ হবে।,pending
04846,আমার ক্লান্ত কাজ লাগছে।,pending
04847,মিষ্টি অফিস থাকলে মাছ হবে।,pending
04848,টুম্পা ঢাকায় যাচ্ছে।,pending
04849,নীল চাঁদ থাকলে মন্দির হবে।,pending
04850,সন্ধ্যায় আমি হাঁটা করব।,pending
04851,টুম্পা পাহাড়ে যাচ্ছে।,pending
04852,আমার মিষ্টি কাপড় লাগছে।,pending
04853,প্রিয়া নদী করবে আর আমি খাবার করব।,pending
04854,সালমা প্রশ্ন করবে আর আমি গাছ করব।,pending
04855,সূর্য শেষ হলে মাঠ শুরু করব।,pending
04856,অজানা বাবা থাকলে সমুদ্র হবে।,pending
04857,এই সন্তান অনেক সুন্দর।,pending
04858,গল্প শেষ হলে চাঁদ শুরু করব।,pending
04859,আমার সুস্থ সমুদ্র লাগছে।,pending
04860,ছোট সমুদ্র পছন্দ করি।,pending
04861,আমি ছবি করব এবং তুমি সন্তান করো।,pending
04862,দুপুরে বিশ্রাম নেওয়া শুরু হবে।,pending
04863,অন্ধকার সমস্যা থাকলে বাগান হবে।,pending
04864,শান্ত বাড়ি থাকলে ভাই হবে।,pending
04865,আমার সুন্দর হাসপাতাল লাগছে।,pending
04866,পরশু দিন হবে তারপর স্কুল হবে।,pending
04867,আমার অন্ধকার অফিস লাগছে।,pending
04868,আমরা সুখী আনন্দ নিয়েছি।,pending
04869,আমার অসুস্থ পরিবার লাগছে।,pending
04870,রিতা অফিস করবে আর আমি সন্ধ্যা করব।,pending
04871,যদি সুখ হয় তাহলে সূর্য হবে।,pending
04872,আগামীকাল দোকান হবে তারপর সবজি হবে।,pending
04873,আজ কম্পিউটার হবে তারপর সবজি হবে।,pending
04874,চিন্তিত অফিস পছন্দ করি।,pending
04875,যদি সমুদ্র হয় তাহলে ছবি হবে।,pending
04876,যদি সময় হয় তাহলে পার্ক হবে।,pending
04877,আমরা অপ্রিয় ভালোবাসা লিখব।,pending
04878,সন্ধ্যায় খাবার হবে তারপর জল হবে।,pending
04879,ছবি ভালো কিন্তু টাকা আরও ভালো।,pending
04880,ক্লান্ত বোন থাকলে ভাই হবে।,pending
04881,মাঠ ভালো কিন্তু ভাই আরও ভালো।,pending
04882,আনন্দিত কথা থাকলে গাড়ি হবে।,pending
04883,আমার সুন্দর সমুদ্র লাগছে।,pending
04884,যদি সন্তান হয় তাহলে পাহাড় হবে।,pending
04885,আনন্দিত খাবার থাকলে মা হবে।,pending
04886,তানিয়া ভর্তা খাচ্ছে।,pending
04887,সবুজ ভাই থাকলে সমুদ্র হবে।,pending
04888,প্রিয়া জিলাপি খাচ্ছে।,pending
04889,এখন মাছ হবে তারপর সমুদ্র হবে।,pending
04890,কাজ ভালো কিন্তু মাছ আরও ভালো।,pending
04891,রুটি ভালো কিন্তু বাজার আরও ভালো।,pending
04892,দাম একটু বেশি মনে হচ্ছে।,pending
04893,এই প্রজেক্ট খুব গুরুত্বপূর্ণ।,pending
04894,পাসওয়ার্ড চেঞ্জ করুন।,pending
04895,যমের বাড়ির ঠিক আগেই ডানদিকের গলি!,pending
04896,ম্যাডাম জিজ্ঞেস করলেন… ম্যাডাম!,pending
04897,জড়িয়ে না থেকেও কেন ফেঁসে গেছে!,pending
04898,কীভাবেই-বা আত্রেয়ী মারা যায়!,pending
04899,মজাদার প্রশ্ন তুলেছেন!,pending
04900,কী বিখ্যাত কম্পিউটার!,pending
04901,ক্লিন সেভ মুখে এত দাড়ি কী করে গজিয়ে গেল মানুষটার?,pending
04902,মিহির কাজে বাইরে আছে বলে কি এবার একটু বেশিই ভয়ে পাচ্ছে সে?,pending
04903,এরা কি ধরেই নিয়েছে যে মিহির আত্রেয়ীকে খুন করতে চেয়েছে?,pending
04904,এই বাড়িটা ভাড়া করতে গেলে কার সঙ্গে কনট্যাক্ট করতে হয়?,pending
04905,জলজ্যান্ত একটা মানুষ রাতারাতি উবে গেল চোখের সামনে দিয়ে?,pending
04906,তাহলে কি এই বারান্দা দিয়ে কেউ এসে ঢুকে ঘাপটি মেরে আছে?,pending
04907,যারা বন্দনার মুখটাই দেখেনি তারা কী করে বাড়ি চিনে আসবে?,pending
04908,আত্রেয়ীর পিএ-র কাজ করতে গিয়ে ঠিক কী কী হয়েছে এত বছরে?,pending
04909,এইটুকু ছেলের এত শক্তি যে এক চুলও হাত নড়াতে পারছে না?,pending
04910,মানে আপনাকে যা তেড়ে গালমন্দ করলেন তারপরেও আপনার চাকরিটা হল?,pending
04911,নীলাম্বর টেডিটা নিয়েছে সেটা ঘর থেকে ও কী করে টের পেল?,pending
04912,কোন কোন সময়ে আপনার প্রণম্য ম্যাডামের বাড়িতে আসতেন?,pending
04913,আমি স্বেচ্ছায় না অনিচ্ছায় যাই সেটাও সিসিটিভি দেখিয়ে দিল?,pending
04914,আপনি যে আত্রেয়ী সেনের কাজ ছেড়েছেন আপনার মা জানেন?,pending
04915,চণ্ডালের হার্ট বলে অন্য কারও গছিয়ে দিল না তো লোকটা?,pending
04916,কিন্তু আপনি যার ছবি দেখছেন সেই কি আপনার বাড়িতে গিয়েছিল?,pending
04917,আত্রেয়ী ম্যাডামের উত্থানের পেছনে তন্ময়বাবুর কম অবদান?,pending
04918,আত্রেয়ী সেন যে কী করে একে কাজে বহাল রেখেছিল কে জানে?,pending
04919,আর এখানে সবার চোখ এড়িয়ে একটা আস্ত লাশ পুঁতে ফেলবে?,pending
04920,তোমার জুনিয়র তো সোহিনীর জবানবন্দি নিতেই পারে নাকি?,pending
04921,যে হাসপাতালে ভূতের উপদ্রব সেখানে আর কোনো পেশেন্ট ভরতি হবেন?,pending
04922,শান্তনু যদি আজ এখানে না থাকে তাহলে তার লাগেজ নিল না কেন?,pending
04923,যদি তাই হবে তাহলে আত্রেয়ী আপনাকে কেন চাকরি দেয়নি?,pending
04924,কেন সুরভি দেবীকে যেতে হয়েছিল আত্রেয়ী সেনের পায়ে পড়তে?,pending
04925,এই জন্য দাদু আমার প্রত্যেক জন্মদিনে খাবার বানিয়ে আনত?,pending
04926,একটা নিতান্ত সাধারণ মেয়ের মধ্যে এত জোর কীভাবে আসে?,pending
04927,আমি জানতে চাইছি আত্রেয়ীর কম বয়সের ছবি তুমি কোথা থেকে পেলে?,pending
04928,তা ছাড়া আত্রেয়ীর আলমারি খুলে ওর মার জন্য কাঁদছে কেন?,pending
04929,তন্ময় বা আত্রেয়ী কারুর চোখে যদি পড়ে যেতেন তখন কী করতেন?,pending
04930,কিন্তু এতদিনে এটুকু নিশ্চয়ই বুঝেছ যে সব বিপদে পার্থিব অস্ত্র কাজে লাগে না!,pending
04931,ডাক্তাররা কী বলছেন?,pending
04932,ঘরটা এত অন্ধকার কেন?,pending
04933,কী আবদুল আর কতক্ষণ?,pending
04934,কিন্তু কী করে বউদি?,pending
04935,জিজ্ঞেস করে এর মানে?,pending
04936,ব্যবস্থা করেছ তো সব?,pending
04937,গাড়ির নম্বর কী?,pending
04938,আপনার প্রয়োজন কী?,pending
04939,আপগ্রেড করতে চান?,pending
04940,আপনার বন্ধু কেমন?,pending
04941,গল্প কখন শেষ হবে?,pending
04942,"আচ্ছা, কাপড় কেমন?",pending
04943,তোমার সূর্য কোথায়?,pending
04944,পার্ক কখন শেষ হবে?,pending
04945,অর্জুন কোথায় গেছে?,pending
04946,কীভাবে সমস্যা পড়ছি?,pending
04947,"আচ্ছা, উত্তর কেমন?",pending
04948,"আচ্ছা, সুখ কেমন?",pending
04949,মিতা কি স্কুলে যাবে?,pending
04950,কখন সমুদ্র আসবে?,pending
04951,"আচ্ছা, দরজা কেমন?",pending
04952,তুমি কি অসুস্থ আছো?,pending
04953,"বলুন, আপনার গল্প কী?",pending
04954,তুমি কি সূর্য দিই?,pending
04955,"আচ্ছা, বাজার কেমন?",pending
04956,"আচ্ছা, পাখি কেমন?",pending
04957,তুমি কি বন্ধু চাই?,pending
04958,আপনার সমুদ্র কেমন?,pending
04959,কেন সমাধান যাচ্ছি?,pending
04960,আপনার সন্ধ্যা কেমন?,pending
04961,কখন মন্দির আসবে?,pending
04962,তুমি কি সন্ধ্যা যাব?,pending
04963,"আচ্ছা, ফুল কেমন?",pending
04964,তুমি কি সন্তান লিখব?,pending
04965,স্কুল কখন শেষ হবে?,pending
04966,টুম্পা কি এসেছে?,pending
04967,প্রিয়া কি এসেছে?,pending
04968,তুমি কি রুটি খাচ্ছি?,pending
04969,তুমি কি শান্ত আছো?,pending
04970,তুমি কি সূর্য লিখি?,pending
04971,শফিক কি স্কুলে যাবে?,pending
04972,কেন গল্প চাইছি?,pending
04973,কেন প্রশ্ন দিয়েছি?,pending
04974,"আচ্ছা, বিকাল কেমন?",pending
04975,গল্প কি প্রিয়?,pending
04976,সন্ধ্যা কি শীতল?,pending
04977,আপনার স্কুল কেমন?,pending
04978,তুমি কি সন্তান দেব?,pending
04979,"আচ্ছা, সময় কেমন?",pending
04980,কেন ফুল যাচ্ছি?,pending
04981,রিতা কি স্কুলে যাবে?,pending
04982,সুমন কি স্কুলে যাবে?,pending
04983,আনন্দ কি শান্ত?,pending
04984,সীতা কি স্কুলে যাবে?,pending
04985,কেন সন্ধ্যা শুনছি?,pending
04986,কেন রাস্তা লিখছি?,pending
04987,কলেজ কি ক্লান্ত?,pending
04988,তোমার সন্তান কোথায়?,pending
04989,নিতা কি স্কুলে যাবে?,pending
04990,তুমি কি রাস্তা গেছি?,pending
04991,কেন বাড়ি দিচ্ছি?,pending
04992,সমুদ্র কি সুন্দর?,pending
04993,গীতা কি পার্কে যাবে?,pending
04994,"আচ্ছা, খাবার কেমন?",pending
04995,কম্পিউটার কি পুরনো?,pending
04996,কোন সমুদ্র ভালো?,pending
04997,তুমি কি মন্দির যাই?,pending
04998,সুমি কি গ্রামে যাবে?,pending
04999,পার্ক কি অন্ধকার?,pending
05000,"আচ্ছা, স্বপ্ন কেমন?",pending
05001,কীভাবে পার্ক দিই?,pending
05002,আকাশ কি ক্লান্ত?,pending
05003,রাস্তা কি সুস্থ?,pending
05004,কেন সন্ধ্যা লিখছি?,pending
05005,কীভাবে মা খাচ্ছি?,pending
05006,কীভাবে উত্তর শুনছি?,pending
05007,বশির কি স্কুলে যাবে?,pending
05008,কীভাবে পার্ক লিখি?,pending
05009,কেন বাড়ি যাচ্ছি?,pending
05010,কীভাবে পড়াশোনা আসি?,pending
05011,গীতা কি গ্রামে যাবে?,pending
05012,তুমি কি সমুদ্র পড়ি?,pending
05013,পাহাড় কি দ্রুত?,pending
05014,আপনার সূর্য কেমন?,pending
05015,পরশু কি রান্না হবে?,pending
05016,কেন সন্ধ্যা দিয়েছি?,pending
05017,টুম্পা কি মাঠে যাবে?,pending
05018,রুমি কি স্কুলে যাবে?,pending
05019,কীভাবে আনন্দ চাই?,pending
05020,কেন সমুদ্র শুনছি?,pending
05021,পার্ক কি অপ্রিয়?,pending
05022,হাসপাতাল কি প্রিয়?,pending
05023,তুমি কি সন্তান দেখি?,pending
05024,তুমি কি পার্ক পড়ব?,pending
05025,কীভাবে মন্দির ভাবব?,pending
05026,কেন স্কুল আসতে চাই?,pending
05027,তুমি কি সন্ধ্যা আসি?,pending
05028,সুমি কি পার্কে যাবে?,pending
05029,তুমি কি বন খাচ্ছি?,pending
05030,কীভাবে টাকা দিচ্ছি?,pending
05031,রাম কি স্কুলে যাবে?,pending
05032,ত্র্যম্বকেশ্বর মুখোপাধ্যায়,pending
05033,অস্ফুটে কথাটা কি কেউ বলে উঠল?,pending
05034,সেখানে পাহাড় কই যে খাদ থাকবে?,pending
05035,কাকে দেখতে যাচ্ছে ওরা?,pending
05036,ডিস্টার্ব করছে না তো গো?,pending
05037,আপনার কী মনে হয় কে খুন করল?,pending
05038,শুনেছি তার বর নাকি নেই নেই মানেটা কী?,pending
05039,যদি মারা যায় তাহলে কীভাবে?,pending
05040,ওই ক্যামেরাম্যান কি কিছু বলেছে?,pending
05041,কেউ আড়াল থেকে ফলো করছে না তো?,pending
05042,আচ্ছা… ও রেসপন্স করছে?,pending
05043,এই মুখটাই কি দেখল খানিক আগে?,pending
05044,ওকে ছেড়ে ওপরে যাওয়া কি ঠিক হবে?,pending
05045,ওরা মুখটা কী দেখে ফেলেছিল?,pending
05046,সায়ন ঠিক কী বলতে চলেছে?,pending
05047,আর কেনই-বা তোকে থানায় যেতে বলছে?,pending
05048,আর হলই যখন দুটোই হল না কেন?,pending
05049,এত সহজে হাল ছেড়ে দিল নাকি?,pending
05050,সে কি এখনও এ বাড়িতে আছে?,pending
05051,আর তুমি বলছ কিছুই জানো না?,pending
05052,এরা ঠিক কোন ধাতুতে গড়া?,pending
05053,এর মধ্যে এত কিছু বুঝে গেছ?,pending
05054,এমন দিন কবে আসবে তার জীবনে?,pending
05055,আর তুই-ই বা এটা পেলি কী করে?,pending
05056,তন্ময়বাবুর কী বক্তব্য?,pending
05057,এখন গলাটাও চিনতে পারছ না?,pending
05058,মানে সেটা কী যে আসছে তার জন্য?,pending
05059,আপনি বাড়ি যাবেন তো স্যার?,pending
05060,হ্যাঁ গো কী হয়েছে গো?,pending
05061,ভাবিজি কব ফোন কিয়ে থে আপকো?,pending
05062,কীভাবে আমি কে সেটা জানা যায়?,pending
05063,না ভাবলে পালাচ্ছিলেন কেন?,pending
05064,হার্টের অসুখ ছিল নাকি?,pending
05065,ফ্লোরের এসিটা বাড়াল কি?,pending
05066,সালমা খাতুনের খবর নিয়েছ?,pending
05067,তাহলে কী মিহির সরখেল নয়?,pending
05068,সেটাকে কি আপনি অস্বীকার করতে পারেন?,pending
05069,কী তাই তো কমিশনার সাহেব?,pending
05070,উনি তো এই হসপিটালেই এসেছিলেন?,pending
05071,একের পর এক কী হচ্ছে এই শহরে?,pending
05072,রাস্তা ভুলে গেলে চলবে?,pending
05073,যেটা নিয়ে কথা বলব সেটাই আনোনি?,pending
05074,আপনাদের চোখে কেউ পড়ল না?,pending
05075,তোর সাড়ে চার মাস চলছে মানে কী?,pending
05076,তুই একবার আমার কথা ভাবলি না?,pending
05077,তুই কেন সেখানে গিয়েছিলি?,pending
05078,ক্যায়া লেঙ্গে উও লোগ?,pending
05079,একটা নিরাপরাধ মানুষকে খুন করলেন?,pending
05080,শান্তিলতা নবজীবন আশ্ৰম?,pending
05081,তুমি যে সব জানো সেটা জানাওনি কেন?,pending
05082,কখন ঘরে ঢুকে এসেছে জানব কী করে?,pending
05083,একটু সাবধান হতে পারলে না?,pending
05084,এবার বলো কী রিকোয়েস্ট?,pending
05085,তাহলে বন্দনাকে চিনল না কেন?,pending
05086,আমি কীভাবে ওকে সাহায্য করব?,pending
05087,ঠিকানা নিশ্চিত করতে পারেন?,pending
05088,আপনার ইমেইল এড্রেস কী?,pending
05089,আপনি কোন প্যাকেজ নিতে চাইছেন?,pending
05090,আপনি এর আগে আমাদের সাথে ছিলেন?,pending
05091,কোন পণ্য খুঁজছেন আপনি?,pending
05092,অর্জুন কি নদীর ধারে যাবে?,pending
05093,মুনির কি বিশ্ববিদ্যালয়ে যাবে?,pending
05094,অর্জুন কি বাড়িতে যাবে?,pending
05095,আপনি কি বাসি গল্প চান?,pending
05096,এখানে প্রশ্ন পাওয়া যায়?,pending
05097,তুমি কি সমুদ্র এসেছি?,pending
05098,আপনি কি অন্ধকার গান চান?,pending
05099,গতকাল কি পড়াশোনা হবে?,pending
05100,এখানে সন্তান পাওয়া যায়?,pending
05101,তুমি কি ভালোবাসা আসতে চাই?,pending
05102,তুমি কি স্বপ্ন খেয়েছি?,pending
05103,"বলুন, আপনার বন্ধু কী?",pending
05104,আপনি কি শান্ত বাগান চান?,pending
05105,"বলুন, আপনার প্রশ্ন কী?",pending
05106,আপনার কম্পিউটার কেমন?,pending
05107,এখানে সন্ধ্যা পাওয়া যায়?,pending
05108,আপনি কি উজ্জ্বল মোবাইল চান?,pending
05109,এখানে গল্প পাওয়া যায়?,pending
05110,আপনি কি সাদা সন্ধ্যা চান?,pending
05111,আপনি কি দুর্বল মাটি চান?,pending
05112,"বলুন, আপনার আনন্দ কী?",pending
05113,তুমি কি স্বপ্ন খেতে চাই?,pending
05114,আগামীকাল কি টিভি দেখা হবে?,pending
05115,কীভাবে হাসপাতাল চাইতে থাকি?,pending
05116,আপনি কি প্রিয় বন চান?,pending
05117,কীভাবে সন্তান ভাবতে চাই?,pending
05118,এখানে আনন্দ পাওয়া যায়?,pending
05119,"বলুন, আপনার স্কুল কী?",pending
05120,কীভাবে পাহাড় নিয়েছি?,pending
05121,তুমি কি সন্তান নিতে চাই?,pending
05122,তুমি কি জানালা পড়তে চাই?,pending
05123,অর্জুন কি খুলনায় যাবে?,pending
05124,কীভাবে সমাধান পারতে চাই?,pending
05125,আপনি কি জটিল গল্প চান?,pending
05126,নাসির কি স্কুলে যাবে?,pending
05127,আপনি কি নরম কম্পিউটার চান?,pending
05128,আপনি কি নোনা রাস্তা চান?,pending
05129,প্রিয়া কি মাঠে যাবে?,pending
05130,তানিয়া কি পার্কে যাবে?,pending
05131,আপনি কি পরিষ্কার সন্তান চান?,pending
05132,ফাতেমা কি গ্রামে যাবে?,pending
05133,আপনি কি আনন্দিত স্বপ্ন চান?,pending
05134,দুপুরে কি পড়াশোনা হবে?,pending
05135,সুমন কি বিশ্ববিদ্যালয়ে যাবে?,pending
05136,অর্জুন কি সিলেটে যাবে?,pending
05137,সালমা কি পার্কে যাবে?,pending
05138,আপনি কি ধীর ভালোবাসা চান?,pending
05139,কৃষ্ণ কি খুলনায় যাবে?,pending
05140,আপনি কি সবুজ উত্তর চান?,pending
05141,আপনি কি গরম আনন্দ চান?,pending
05142,এখানে পার্ক পাওয়া যায়?,pending
05143,আপনি কি মিষ্টি কথা চান?,pending
05144,জামাল কি পার্কে যাবে?,pending
05145,আপনি কি দুর্বল ভাই চান?,pending
05146,কীভাবে পাহাড় খেয়েছি?,pending
05147,তুমি কি সন্তান এসেছি?,pending
05148,তুমি কি রাস্তা করতে চাই?,pending
05149,আপনি কি সুখী পড়াশোনা চান?,pending
05150,আপনি কি প্রিয় টাকা চান?,pending
05151,তুমি কি কম্পিউটার করব?,pending
05152,দুপুরে কি রান্না হবে?,pending
05153,আপনি কি অজানা গল্প চান?,pending
05154,আপনি কি চিন্তিত সবজি চান?,pending
05155,জামাল কি গ্রামে যাবে?,pending
05156,আপনি কি বিখ্যাত অফিস চান?,pending
05157,গতকাল কি দৌড়ানো হবে?,pending
05158,আপনি কি সরল স্কুল চান?,pending
05159,"নমস্কার, আপনি কেমন আছেন?",pending
05160,জন্মদিনে কী উপহার দেব?,pending
05161,আত্রেয়ী ঘুমোল না।,pending
05162,কিচ্ছু হবে না তোমার।,pending
05163,একটা শব্দ হচ্ছে।,pending
05164,আরে শান্তনু নিয়োগী।,pending
05165,পঙ্কজ ভীষণ অবাক হয়।,pending
05166,মিষ্টি ঘর পছন্দ করি।,pending
05167,প্রিয় মা পছন্দ করি।,pending
05168,সবুজ আকাশ পছন্দ করি।,pending
05169,লাচ্ছি আমার পছন্দ।,pending
05170,খিচুড়ি আমার পছন্দ।,pending
05171,এই মাছ অনেক প্রিয়।,pending
05172,সমুদ্র খুব শান্ত।,pending
05173,অনুগ্রহ করে নিচ্ছি।,pending
05174,টুম্পা ভাত খাচ্ছে।,pending
05175,জাহির ভর্তা খাচ্ছে।,pending
05176,মিষ্টি আমার পছন্দ।,pending
05177,বশির গ্রামে যাচ্ছে।,pending
05178,দুঃখী ভাই পছন্দ করি।,pending
05179,এই ঘড়ি অনেক দ্রুত।,pending
05180,গীতা পার্কে যাচ্ছে।,pending
05181,টুম্পা রুটি খাচ্ছে।,pending
05182,সবাই আনন্দ যাচ্ছি।,pending
05183,সুখী ভাই পছন্দ করি।,pending
05184,এই আশা অনেক অপ্রিয়।,pending
05185,মিষ্টি মা পছন্দ করি।,pending
05186,আমির ভর্তা খাচ্ছে।,pending
05187,রহিম ভর্তা খাচ্ছে।,pending
05188,কেউ পড়াশোনা খাচ্ছি।,pending
05189,অর্জুন পোলাও খাচ্ছে।,pending
05190,প্রিয়া মাছ খাচ্ছে।,pending
05191,মুনির গ্রামে যাচ্ছে।,pending
05192,রাকিব গ্রামে যাচ্ছে।,pending
05193,ও কম্পিউটার চেয়েছি।,pending
05194,সালমা ভর্তা খাচ্ছে।,pending
05195,সবাই সন্ধ্যা দিচ্ছি।,pending
05196,আমরা ছোট গল্প শুনি।,pending
05197,কেউ গল্প খাচ্ছি।,pending
05198,প্রিয়া বনে যাচ্ছে।,pending
05199,টুম্পা জুস খাচ্ছে।,pending
05200,তারা স্কুল খাচ্ছি।,pending
05201,আমি সূর্য খাচ্ছি।,pending
05202,জাহির সমুদ্র পড়েছি।,pending
05203,এই মন্দির অনেক সুখী।,pending
05204,দ্রুত কথা পছন্দ করি।,pending
05205,নিতা মিষ্টি খাচ্ছে।,pending
05206,শফিক পার্কে যাচ্ছে।,pending
05207,নিতা সন্দেশ খাচ্ছে।,pending
05208,রিতা মিষ্টি খাচ্ছে।,pending
05209,রাম সন্দেশ খাচ্ছে।,pending
05210,স্কুল খুব আনন্দিত।,pending
05211,এই আশা অনেক প্রিয়।,pending
05212,সালমা সন্দেশ খাচ্ছে।,pending
05213,বশির ভর্তা খাচ্ছে।,pending
05214,পরীক্ষা ভালো হয়েছে।,pending
05215,রাস্তা অনেক লম্বা।,pending
05216,স্পর্শ কোরো না তুমি!,pending
05217,কী মিষ্টি আনন্দ!,pending
05218,কী গোলাপি সন্ধ্যা!,pending
05219,অসাধারণ কম্পিউটার!,pending
05220,অন্ধকার মাছ দেখো!,pending
05221,প্রিয় কথা দেখো!,pending
05222,কী অপ্রিয় বাগান!,pending
05223,কী সুস্থ সন্ধ্যা!,pending
05224,কী দ্রুত প্রশ্ন!,pending
05225,অন্ধকার উত্তর দেখো!,pending
05226,অপ্রিয় খাবার দেখো!,pending
05227,বিখ্যাত মন্দির দেখো!,pending
05228,কী ক্লান্ত পাখি!,pending
05229,কী অন্ধকার পড়াশোনা!,pending
05230,সুস্থ কাপড় দেখো!,pending
05231,কী দুর্বল সন্ধ্যা!,pending
05232,চিন্তিত পরিবার দেখো!,pending
05233,সজাগ প্রশ্ন দেখো!,pending
05234,মিষ্টি আকাশ দেখো!,pending
05235,হলুদ সন্ধ্যা দেখো!,pending
05236,অন্ধকার আশা দেখো!,pending
05237,কী অন্ধকার হাসপাতাল!,pending
05238,দুঃখ শেষ হলে সমুদ্র শুরু করব।,pending
05239,ভ্রূগুলো কুঁচকে গেল মিহিরের।,pending
05240,আপনার কাছ থেকে কত গল্প শোনার আছে।,pending
05241,তারপর আমিও স্নান করতে যাব।,pending
05242,আগের দিন দু-ঘণ্টা করেছি।,pending
05243,আজকে আড়াই ঘণ্টা করেছি।,pending
05244,দৃঢ় চোখে তাকিয়ে কথাটা বলল।,pending
05245,তাজা রক্তে স্নান করে করোটি।,pending
05246,অর্থাৎ রিপোর্টটা ভুয়ো নয়।,pending
05247,আমরা সহজ রিটার্ন নীতি আছে।,pending
05248,সমীরণেরও আজ শ্বাস বন্ধ।,pending
05249,কাউকে পাত্তা দেয়নি আত্রেয়ী।,pending
05250,কিছুতেই সোজা হয়ে বসতে পারছে না সে।,pending
05251,রিপোর্টার আরও বলে যাচ্ছিল।,pending
05252,অন্যান্য পুলিশের তুলনায় চেহারায় তালপাতার সেপাই।,pending
05253,কারণ ওটা যে সত্যি সেটাই বুঝতে পারিনি।,pending
05254,খানিকবাদে বুঝলাম আমায় কেউ যেন ডাকছে।,pending
05255,হাত উলটে ঘড়িটা একবার দেখে নিল।,pending
05256,আজকের মতো আপনার ছুটি অমিতাভবাবু।,pending
05257,পদের তুলনায় এক্কেবারেই কচি।,pending
05258,বলেই ফিক করে হাসলেন কৃষ্ণপদ।,pending
05259,তারপরেই আরও লোকজন বেরিয়ে আসে।,pending
05260,হঠাৎ পটাং করে জ্বলে উঠল ঘরের টিউব লাইটটা।,pending
05261,কাজ ছাড়া একদম ধারে-কাছেও ঘেঁষবে না।,pending
05262,মিহিরের বুকের ছাতি একবার উঠেই নেমে গেল।,pending
05263,এখন থেকে সারারাত এই হাতে খাব শুধু হামি।,pending
05264,আমি জামিনের ব্যবস্থা করছি।,pending
05265,লাল চোখদুটো দিয়ে জল গড়িয়ে পড়ছে।,pending
05266,ঠিক কী দেখেছে আমি নিজে ওর মুখ থেকে শুনব।,pending
05267,এখানে কথা বাড়িয়ে লাভ নেই বউদি।,pending
05268,তাই সায়নের একটু সুবিধেও হবে।,pending
05269,লক-আপেও সে একজনকে দেখল অথচ তাকে কেউ দেখতে পেল না।,pending
05270,এখন তার মনের মধ্যে অদ্ভুত রকমের শূন্যতা।,pending
05271,বলেই বিপুল ছাদের উলটোদিকটায় গেল।,pending
05272,ঢুকেই সায়নের মাথায় যেন বাজ পড়ে।,pending
05273,আজ্ঞে মিহিরবাবু ছিলেন।,pending
05274,সায়ন নীরবে মৃন্ময়ীর দিকে চাইল।,pending
05275,নিজের মতো সাফাই সাজিয়ে বলে চলেছে।,pending
05276,ছিটকিনিটা খুলতে গিয়েও হাত থমকে গেল।,pending
05277,দে দে বলে হাত বাড়িয়ে খাবারটা নিল ভানু।,pending
05278,ঘরে এসে খাবারটা রেখে বিছানায় বসে পড়ল সে।,pending
05279,উলটোদিকে রিকশাগুলো সারে সারে দাঁড় করানো।,pending
05280,হলদে স্ট্রিটলাইটের আলো গলিটাকে আলোকিত করে রেখেছে।,pending
05281,এখন একে মাথার ঘায়ে কুকুর পাগল দশা।,pending
05282,আপনারা হয়তো বিশ্বাসই করবেন না।,pending
05283,মুনাই তার বউদিকে আজ রাতে আর ছাড়েনি।,pending
05284,খাবার টেবিলেই সায়নের ফোনটা বেজে ওঠে।,pending
05285,হাত লেগে খাবার থালাটা আর-একটু হলেই উলটে যেত।,pending
05286,একজন দাগি আসামি হলেও না হয় মেনে নিতাম।,pending
05287,মিহির আপনার আত্মীয় তাই আপনাকে জানালাম।,pending
05288,সায়ন বৃষভানুর খুনের খবরটাও সবাইকে জানায়।,pending
05289,বাড়িটার সামনে পুলিশ থিকথিক করছে।,pending
05290,রাত প্রায় সাড়ে এগারোটা।,pending
05291,কিন্তু আমি কিছু জানি না বিশ্বাস করুন।,pending
05292,এখানে সবাই আমায় তেঁতুল বলে ডাকে।,pending
05293,গিয়েই দেখি ভানুদা বিছানায় পড়ে আছে।,pending
05294,রক্তে ভেসে যাচ্ছে চাদর।,pending
05295,ঘুরতেই তেঁতুলের বুকটা ধড়াস করে উঠল।,pending
05296,ওই চোখ দেখে অত ভালো করে কিছু দেখিনি।,pending
05297,এই আলোতে ফরসা না কালো বুঝতে পারিনি।,pending
05298,থানায় যাবার কথা শুনেই স্যার আমি কিছু করিনি স্যার।,pending
05299,সায়ন বাড়িটার মধ্যে ঢুকে যায়।,pending
05300,ঘরের জিনিসপত্রও ঠিকঠাক সাজানো।,pending
05301,তার মানে আগন্তুক অপরিচিত।,pending
05302,না যায় কেষ্টপুর ছেড়ে।,pending
05303,ঘরের মধ্যে মিশকালো অন্ধকার।,pending
05304,আলো জ্বালার প্রয়োজন নেই তার।,pending
05305,মনে পড়ে যায় সে এখনও বেঁচে আছে।,pending
05306,যা ওর নিজের জন্য ভীষণ রিস্ক।,pending
05307,এপাশ-ওপাশ তাকিয়ে সিঁড়ির ধারে আসে।,pending
05308,কোনো আত্মীয়-স্বজন কেউ এল না।,pending
05309,সে তো কবেই সম্পক্কো ঘুচে গেছে।,pending
05310,সেই নিয়ে তো আর কম জলঘোলা হয়নি।,pending
05311,এটার কথা একদম মাথাতেই ছিল না তন্ময়ের।,pending
05312,সেই থেকেই এই খুনের চেষ্টা।,pending
05313,মৃন্ময়ী পাথরের মতো বসে আছে।,pending
05314,আমার মন বলছে দাদাভাই ভয়ংকর বিপদে আছে।,pending
05315,আত্রেয়ী তো নাকি বিবাহিত।,pending
05316,অন্য কারও হাতে পড়ার আগে যেন সে আমার হাতে পড়ে।,pending
05317,সায়ন আর মুনাই ভালোই বুঝতে পারল।,pending
05318,আমার তো কিচ্ছু মনে নেই।,pending
05319,হ্যাঁ দেখছ না পোকা হয়ে গেছে গায়ে।,pending
05320,কিন্তু চাকরিটা তো বাঁচাতে হবে।,pending
05321,ফুটপাথ ঘেঁষে খুব সাবধানে হাঁটছে ছেলেটা।,pending
05322,হাঁটতে হাঁটতেই ঘাড় ঘুরিয়ে দেখল তেঁতুল।,pending
05323,বেঁকে দুমড়ে যেতে লাগল তেঁতুলের শরীরটা।,pending
05324,গলা দিয়ে আওয়াজ বেরোল না তেঁতুলের।,pending
05325,দূর থেকেই কেউ হয়তো দেখতে পেল তেঁতুলকে।,pending
05326,আর কিচ্ছু দেখল না সে।,pending
05327,স্যাঁতস্যাঁতে গভীর অন্ধকার।,pending
05328,কোনোরকমে শরীরটাকে হেঁচড়ে-হেঁচড়ে টেনে তুলল।,pending
05329,পরিষ্কার করে দেখতে পাচ্ছে না কিচ্ছু।,pending
05330,শুধু বুঝতে পারছে ওর চারপাশে অনেক আসবাব।,pending
05331,ফুটপাথে বেঁকে দুমড়ে পড়ে আছে তেঁতুল।,pending
05332,সূর্য আকাশ থেকে পড়ল।,pending
05333,গাড়িতে কাটা পড়লেও ওরকম হয় না।,pending
05334,তবে ব্যাগপত্তর গুছিয়ে ওঁকে বেরিয়ে যেতে দেখেছে।,pending
05335,তারপরেই সিঁড়ি দিয়ে নীচে নামে।,pending
05336,তবে কুকুরদের দৌরাত্ম্য চোখে পড়ার মতো।,pending
05337,রাস্তায় মানুষ হাতে গোনা।,pending
05338,হঠাৎ একটা গাড়ি এসে থামল বাড়িটার গেটে।,pending
05339,ইস ঘরকা চাবি ভি হামার থেকে লিয়ে লিয়েছে।,pending
05340,হাত উলটে ঘড়ি দেখল তন্ময়।,pending
05341,ড্রিংক করলে না হয় লোকে ভুল দেখে।,pending
05342,সির্ফ পুলিশ লোগ আয়ে থে কাল।,pending
05343,সেখানকার আলোটা জ্বালল তন্ময়।,pending
05344,এই জায়গাটায় একটা বেতের দোলনা টাঙানো।,pending
05345,আসল কাজটা আত্রেয়ীর ঘরে।,pending
05346,কোথাও সাজানো নানান মাপের বাহারি পেয়ালা।,pending
05347,কাচের টুকরোগুলো চারপাশে ছড়িয়ে পড়ল।,pending
05348,গলায় এসে এবার দমটা আটকে গেল তন্ময়ের।,pending
05349,তন্ময়ের গলাটা ঘড়ঘড় করে উঠল।,pending
05350,এবার এক্কেবারে মরণ আঘাত হানবে তন্ময়ের ওপর।,pending
05351,কিন্তু একটাও আলো জ্বলল না।,pending
05352,কোনো এক কনস্টেবল টর্চটা জ্বালিয়ে দিল।,pending
05353,বাঁ-হাতটা বেঁকে উলটো হয়ে পড়ে আছে।,pending
05354,কোনো ট্যারাব্যাকা কিচ্ছু হয়নি।,pending
05355,বুকে চাপ লাগছে মৃন্ময়ীর।,pending
05356,নীচ থেকে ওপরের দিকে চোখটা চালিয়ে দিল।,pending
05357,যে ঘরে সোনাই অঘোরে ঘুমোচ্ছে।,pending
05358,রাতে মাঝেমধ্যে উঠে সোনাই কাঁদে।,pending
05359,কোলে জাপটে থাকা ছেলের কান্নাটাও কমল।,pending
05360,আমাদের সেম পেজে থাকতে হবে সায়নবাবু।,pending
05361,আসলে ওর কাছেই ডুপ্লিকেট চাবি ছিল।,pending
05362,আত্রেয়ীর পেয়ারের লোক বলে কথা।,pending
05363,কারণ দুর্গাপুরে বেশ জ্যাম ছিল।,pending
05364,বাঁ-পায়ের হাড় ডিসলোকেটেড হয়েছে।,pending
05365,জানলার কাচ দিয়ে তো দিব্যি আলো আসত।,pending
05366,মৃন্ময়ী জিজ্ঞেস করল।,pending
05367,সায়ন চুপ করে দাঁড়িয়ে রইল।,pending
05368,আমি চেষ্টা করেছি বউদি।,pending
05369,আচ্ছা করে ধুনে দিয়েছি।,pending
05370,জিজ্ঞেস করলাম আপনি কে হন।,pending
05371,সায়ন আর সূর্য সেই দিকেই ধেয়ে যায়।,pending
05372,পারলে কল রেকর্ডিং যদি জোগাড় করা যায় দ্যাখো।,pending
05373,তন্ময়ের বাড়িও সার্চ করতে হবে।,pending
05374,ভালোভাবেই নিজেকে আড়াল করে এসেছিল সে।,pending
05375,ছবিটা সরিয়ে ভালো করে সেই দেয়ালটা পরখ করল।,pending
05376,সন্দেহের কিছুই পেল না।,pending
05377,তাই ব্যাটাকে খাটের তলায় পাঠিয়ে দিয়েছে।,pending
05378,মোটা দিকটা ঠোঁটে ঠেকিয়ে কফিতে চুমুক দেওয়া হয়।,pending
05379,লজ্জায় গালদুটোয় লালচে আভা ফুটে ওঠে।,pending
05380,মৃন্ময়ী দেখল আননোন নম্বর।,pending
05381,সব শুনে সায়ন ঠিক কোন দিকে যাবে বুঝতে পারে না।,pending
05382,এমন করে দেখা তো আগেও বহুবার দেখেছে।,pending
05383,বারান্দার গেট খুলে দরজার তালাটা খুলে ফেলল।,pending
05384,মুনাই মৃন্ময়ীকে আঁকড়ে ধরে।,pending
05385,মৃন্ময়ী চিৎকার করে ধমক দিয়ে ওঠে।,pending
05386,পর উও দিখ নে মে থোড়ি উদাস লাগি।,pending
05387,উও মেডামকে পাস যাতে থে স্টুডিয়ো মে।,pending
05388,লড়াইটা আরও কঠিন হয়ে গেল।,pending
05389,যাতে আপনার কোনো ক্ষতি না হয়।,pending
05390,সেখানেই চারতলার সাধারণ একটা ফ্ল্যাট।,pending
05391,ওই যে ড্যাফোডিল হসপিটালের সামনে।,pending
05392,সকাল এগারোটার মধ্যে বিধাননগর থানা।,pending
05393,তবুও আপনাকে বিধাননগর থানাতেই আসতে হবে।,pending
05394,জগ থেকে ঢকঢক করে গলায় জল ঢালল বন্দনা।,pending
05395,কেসটা মিটে গেলে একটা লম্বা ছুটি নিন।,pending
05396,সবে ভাবছিলাম গুড নাইট বলব আপনাকে।,pending
05397,দাঁড়িয়ে থাকতে থাকতে পা-টা টনটন করছে সায়নের।,pending
05398,অনেক কষ্টে থানায় ফোন করে সে।,pending
05399,স্যার ঠিক কী বলব বুঝতে পারছি না।,pending
05400,আরও একটা গাড়ি ছুটে বেরিয়ে গেল।,pending
05401,ঠিক তখনই সেই বীভৎস দৃশ্য।,pending
05402,ফুটেজটাকে বেশ খানিকটা জুম করে বারবার দেখল সবাই।,pending
05403,লাগে ঠিক তেমনি দেখতে লাগছে অবয়বটাকে।,pending
05404,নাইন এইট থ্রি ডবল টু ওয়ান টু ওয়ান ডবল সিক্স।,pending
05405,বন্দনার দিকে তাকিয়ে আছে সায়ন।,pending
05406,সায়ন সোমদত্তাকে চোখের ইশারা করল।,pending
05407,সায়ন খানিকটা দূরে গিয়ে দাঁড়িয়েছে।,pending
05408,কোলের ওপর কচলে চলা দুটো হাত মুখের ওপর চলে আসে।,pending
05409,মৃন্ময়ী ভাবে হয়তো বাবার জন্য মনখারাপ।,pending
05410,কিছু না কিছু দুষ্টুমি করবেই।,pending
05411,ধূসর ধোঁয়ায় ভরে উঠছে বাথরুম।,pending
05412,বাথরুমের মেঝে জুড়ে ছড়িয়ে পড়েছে গরম জল।,pending
05413,কিন্তু কোনো বিকার নেই সোনাইয়ের।,pending
05414,পায়ের পাতা জ্বালিয়ে দিচ্ছে।,pending
05415,গরম জলে পা পুড়ে যাচ্ছে।,pending
05416,মায়ের হাতটা ছেড়েও দিল চট করে।,pending
05417,পরিত্রাহী চিৎকার করে কাঁদতে থাকে।,pending
05418,মুনাই দৌড়ে পেস্ট নিয়ে আসে।,pending
05419,বাবা পয়সা জমাত শুধু আমার বিয়ের জন্য।,pending
05420,প্রচুর মেকআপের জিনিস দেব।,pending
05421,এবার মায়ের পাশে আমায় দাঁড়াতেই হবে।,pending
05422,আর নিজের স্বপ্নটাও পূরণ করতে হবে।,pending
05423,আত্রেয়ী ঘাড় ঘোরাল না।,pending
05424,অন্য কারও চোখ যে তোমার চোখে পড়েছে।,pending
05425,এইসব আজেবাজে জিনিসগুলো খেয়ো না তো।,pending
05426,দাঁতগুলোরও তো বারোটা বাজিয়েছ।,pending
05427,বন্দনাও মাথা নীচু করে চুপ।,pending
05428,আমার কাজ ওঁর খুব ভালো লেগেছিল।,pending
05429,বন্দনাও সেটা খেয়াল করে।,pending
05430,খানিকটা দূরে রাখা ছিল দুটো ব্যাগ।,pending
05431,শুটিংয়ে একটা কল টাইম বলে কথা আছে।,pending
05432,আপনাকে পাগলের মতো খুঁজেছি।,pending
05433,সায়নও আপনার বাড়ি গিয়ে ফিরে এসেছে।,pending
05434,আমার নেটওয়ার্কও ছিল না।,pending
05435,মৃন্ময়ীর বুকটা নতুন করে ধুকপুক করতে থাকে।,pending
05436,তখনই উনি আমায় আচমকাই থেমে যায় মৃন্ময়ী।,pending
05437,মুনাইও ঘর ছেড়ে বেরিয়ে আসে।,pending
05438,বলার সঙ্গে সঙ্গে পকেট থেকে লাইটার বের করেন।,pending
05439,কুশপুত্তলিকার মতো দাউদাউ করে জ্বলতে থাকে।,pending
05440,ওইখানেই হয়তো রহস্য লুকিয়ে।,pending
05441,ডাক্তার বলেছে শরীরে নাকি রক্ত কম।,pending
05442,হিরোইনের বয়স কখনোই বাইশের থেকে বাড়ে না।,pending
05443,তারপর দশ বছর যেতে না যেতেই তন্ময়ের প্রবেশ।,pending
05444,ঠিক কী উত্তর দেবে সেটা ভেবে পেল না।,pending
05445,তুমি হলে আত্রেয়ীর পিএ।,pending
05446,বন্দনা উঠে দাঁড়িয়ে পড়ে।,pending
05447,হঠাৎ চটাস করে একটা শব্দ।,pending
05448,ম্যাডাম তো এক্ষুনি মরে যেতেন।,pending
05449,ভেবে-চিন্তে গায়ে হাত তুলবেন।,pending
05450,দু-তিন পা করে পিছিয়ে ঘর থেকে বেরিয়ে গেল।,pending
05451,এক্ষুনি পুলিশকে ফোন করব।,pending
05452,সেখানে আমার হাত দেওয়া ঠিক হবে না।,pending
05453,আমি এখানে অপেক্ষা করছি।,pending
05454,প্লিজ একটা সুযোগ করে দিন না।,pending
05455,ও তো আমায় পুরো স্বর্গে নিয়ে যায়।,pending
05456,ঘরের বাইরে গাড়ির আওয়াজ কমে গেল।,pending
05457,আলো জ্বালিয়ে বাথরুমে ঢুকে গেল।,pending
05458,সে এড়িয়ে যেতে চাইলেও পারছে না।,pending
05459,ইচ্ছে করলেই বেরিয়ে যেতে পারে।,pending
05460,কান্না পেয়ে যায় আত্রেয়ীর।,pending
05461,একসময় মনে হল বাইরে পাখি ডাকল।,pending
05462,এক্সট্রিমলি সরি মিস আত্রেয়ী।,pending
05463,ইন্ডাস্ট্রিতে তো এত ক্যামেরাম্যান আছে।,pending
05464,সূর্য দু-বার ডাকল সায়নকে।,pending
05465,বিয়ের অনতিকাল পরেই বিধবা হয়েছে সে।,pending
05466,ম্যাডামের হঠাৎ হঠাৎ ইচ্ছে জাগে।,pending
05467,একটানা অনেকক্ষণ বসে আছি।,pending
05468,সোমদত্তার দিকে ইঙ্গিত করল।,pending
05469,কিন্তু আমাকে বাঁচতেই হবে।,pending
05470,চুপ করে চোখ বন্ধ করে বসে থাকে।,pending
05471,বয়সেও অনেকটা বড়ো আপনার চেয়ে।,pending
05472,তন্ময় ঘাড় নেড়ে হ্যাঁ বলল।,pending
05473,ঠিক তখনই বাইরে থেকে তন্ময়ের গলা।,pending
05474,ভিডিয়োটা কে করছে সেটাও জেনে যাবে সবাই।,pending
05475,ফুঁপিয়ে কেঁদে ফেলে বন্দনা।,pending
05476,বেশ মুখটুক ওড়না দিয়ে ঢেকে।,pending
05477,বন্দনার কান্না থেমে যায়।,pending
05478,সমাজ সংসার লোকলজ্জা সব মিথ্যে মনে হয়।,pending
05479,তন্ময়বাবুও একই দোষে দোষী।,pending
05480,প্লিজ এবার আমায় ছাড়ুন।,pending
05481,এবার প্লিজ আমায় ছাড়ুন।,pending
05482,তা ছাড়া আমি আর এই ধরনের কোনো কাজই করতে চাই না।,pending
05483,মা জানে আমি ইন্ডাস্ট্রিতেই ফ্রিল্যান্স করি।,pending
05484,আমিই আমার দায়িত্ব সামলাতে অপারগ।,pending
05485,সোনাই বিছানায় শুয়েই কঁকিয়ে উঠল।,pending
05486,মুনাই মোবাইলের আলোটা জ্বেলে মশারি থেকে নামল।,pending
05487,ঠিক সময়ে ইনভার্টারটাও গেল।,pending
05488,মুনাই সেই ভয়ংকর মুখের বর্ণনা দেয়।,pending
05489,মৃন্ময়ীর সারা দেহ শিউরে ওঠে।,pending
05490,অন্য সময় হলে ওপরেই উঠত না সে।,pending
05491,আর ঠিক তখনই মৃন্ময়ী চমকে ওঠে।,pending
05492,এতটুকুও সামনের দিকে এগোতে পারছে না।,pending
05493,ঘুরে তাকান অন্ধকার ছাদটার দিকে।,pending
05494,যার কাছে এই বাড়ির ভেতরে ঢোকার চাবি নেই।,pending
05495,এক দমে কথাগুলো সাজিয়ে বলে গেল সায়ন।,pending
05496,ও তিন বছরের ছেলেকে কোলে নিয়ে নাকি দাঁড়িয়েছিল।,pending
05497,সায়ন তো বেশ টেনশনে পড়ে গিয়েছিল।,pending
05498,অবনীশ একটা দীর্ঘশ্বাস ছাড়ে।,pending
05499,নীচ থেকে উঠে আসছে দুজন কনস্টেবল।,pending
05500,সায়ন আর অবনীশ দুজনেই দ্যাখে।,pending
05501,এগোনোটা ঠিক হবে কিনা বুঝতে পারছেন না।,pending
05502,বলে আমরা তো বলেছিলাম এসব কাটাকাটির দরকার নেই।,pending
05503,এবার তাহলে পুলিশই পয়সা দিক।,pending
05504,উত্তরে নীরবে দু-পাশে ঘাড় নাড়লেন তিনি।,pending
05505,তবে নীলাম্বর দমবার পাত্র নন।,pending
05506,আমি কী করে… কথাটা বলতে বলতে নিজেই থেমে গেল বাবলু।,pending
05507,নিজের মনে বিড়বিড় করতে করতে এগিয়ে আসছে।,pending
05508,তাই আমার এই জিনিসটার ভীষণ দরকার।,pending
05509,বাবলুর মুখের কথাটা ফুরোতে দিল না পরান।,pending
05510,দিনের বেলাতেও মানুষগুলো কেউ গলা তুলে কথা বলে না।,pending
05511,ইঁহা তো কুছ নেহি হুয়া হ্যায়।,pending
05512,বাবলু যে জায়গাটা বলল সেটা এক্কেবারেই নির্জন।,pending
05513,আমার হয়ে তাকে একবার ধন্যবাদ দিয়ে দিস।,pending
05514,আমি নিজে দাঁড়িয়ে থেকে বের করেছি।,pending
05515,তুই যখন এই চিঠি পাবি তখন আমি আর থাকব না।,pending
05516,তুই কিন্তু আমার হাটটাই দিবি।,pending
05517,নীলাম্বর ওপর-নীচে ঘাড় নাড়লেন।,pending
05518,আত্রেয়ীর বয়ান খুব জরুরি।,pending
05519,এখন যারা আছে তারা সবাই দু-তিন বছর কাজ করছে।,pending
05520,এখুনি অ্যাকশন নিচ্ছি স্যার।,pending
05521,চিড়িক দিয়ে উঠল একটা ভাবনা।,pending
05522,নিজের ওপরেই নিজের লজ্জাবোধ হতে থাকে।,pending
05523,সামনে এসে দাঁড়ালেন নীলাম্বর।,pending
05524,ভালো করে আশপাশটা তাকিয়ে দেখলেন তিনি।,pending
05525,কিন্তু তাকে নামতে দিলে কিছুতেই চলবে না।,pending
05526,জেরা যত এগিয়েছে সায়নের হতাশা তত বেড়েছে।,pending
05527,চণ্ডাল মুণ্ডের সামনে রাখেন সেটি।,pending
05528,চোখের পলকে ঘটে গেছে এক অলৌকিক ঘটনা।,pending
05529,কারণ উনি তো কোনো যজ্ঞ করবেন না।,pending
05530,চণ্ডালের রাগ আরও বেড়ে যায়।,pending
05531,লোকটা যে সায়নের দিকেই এগিয়ে আসছে।,pending
05532,তারপর হুমড়ি খেয়ে মাটিতে লুটিয়ে পড়ে সায়ন।,pending
05533,এরপর আর সে কিচ্ছু জানে না।,pending
05534,সোনাইয়ের কাছে মুনাইয়ের শাশুড়ি শুয়ে আছে।,pending
05535,নীলাম্বর সোফাতে বসে আছেন।,pending
05536,ডানহাতে তাঁর সাদা গজ দিয়ে ব্যান্ডেজ করা।,pending
05537,মুনাই আর মৃন্ময়ী এক্কেবারে চুপ।,pending
05538,বুকের ভেতর ধক করে উঠল মৃন্ময়ীর।,pending
05539,তার সঙ্গে অনেক উপচার থাকে।,pending
05540,আমাদের বাড়ি থেকে ওকে তাড়িয়ে দেওয়া হয়েছে।,pending
05541,একটা ধূসর রঙের জামা ছিল গায়ে।,pending
05542,সায়ন একটু হালকা ছলেই কথাটা নিল এবার।,pending
05543,অত বড়ো ছাদটাকে ভালো করে দেখছিলাম।,pending
05544,তারপর সিঁড়ি দিয়ে নেমে চলেছে।,pending
05545,থেকেই ভেঙেচুরে বেঁকে যাচ্ছে।,pending
05546,নীলাম্বরবাবু প্লিজ আপনি কিছু করুন।,pending
05547,এ এক এমন রহস্য যার অপরাধীকে সবাই চেনে।,pending
05548,তার ওপর গাড়ির লম্বা লাইন।,pending
05549,মুনাই যেন আরও লজ্জায় কুঁকড়ে যায়।,pending
05550,সায়নও মুনাইয়ের পাশে চুপ করে বসে পড়ে।,pending
05551,তারপর আমি আর তুমি কোথাও একটা ঘুরতে যাব।,pending
05552,মুনাই শুধু ড্যাপড্যাপ করে চেয়ে থাকল।,pending
05553,কয়েকটা বড়ো বড়ো বাড়ি পেরিয়ে সবুজ রঙের দরজা।,pending
05554,পর উও তো ঘর পর নেহি হ্যায়।,pending
05555,ম্যাক্সিমাম তিনটে কি চারটে প্রশ্ন।,pending
05556,চোখদুটো আবার এপাশ-ওপাশ ছোটাছুটি করছে।,pending
05557,যমের বাড়ির একটু আগে ডানদিকের গলি।,pending
05558,তারপর কখন যে চলে গেলেন সেটাও দেখতে পাইনি।,pending
05559,উহা তো আচ্ছা নকরি কর রহে থে।,pending
05560,ডক্টর রামশংকর ত্রিবেদী।,pending
05561,হোটেল মে বহত সারে কাস্টমার হ্যায়।,pending
05562,সূর্য নামে হামার কোনো ফ্রেন্ড নেই।,pending
05563,সেখান থেকে পালিয়ে দিল্লি এলেন।,pending
05564,তবিয়ত ঠিক করতে চাম্বা আসি।,pending
05565,শরীরটা থেকে ফ্যাকাশে ভাব খানিকটা কেটে গেছে।,pending
05566,হাত উলটো করে চোখের জল মুছে নিল।,pending
05567,আদৌ যদি সত্যি ও কিছু জেনে থাকে তো।,pending
05568,তাই সন্ধে হলেই পর্দা সরে যায়।,pending
05569,সোহিনীর গলা শুকিয়ে আসছে।,pending
05570,সায়নের চোখ এড়ায় না তন্ময়ের ভাব।,pending
05571,মানে চট করে এরকম হয়তো কেউ বলেনি।,pending
05572,তাই এবার একটু গলা ফুলিয়ে হাসে।,pending
05573,ধীরে ধীরে পালটে যাচ্ছে তার বেশ।,pending
05574,তন্ময়ের চোখে-মুখে আর ভয়ের ছাপ নেই।,pending
05575,হতেই পারে ওটা অন্য শান্তনু।,pending
05576,তাই ওঁকে আলাদা রুম দেওয়া হয়েছিল।,pending
05577,পাইলেও পাইতে পারো কোনো গুপ্ত পথ।,pending
05578,খুলতে চচ্চড় করে শব্দ হল।,pending
05579,সোমদত্তার মুখটা ছোটো হয়ে গেল।,pending
05580,সোমদত্তা এতক্ষণে মাথা তুলল।,pending
05581,সেগুলো ল্যাবে পাঠাবার ব্যবস্থা করো।,pending
05582,মেয়েটির শ্বশুরবাড়ি বেহালার দিকে।,pending
05583,নিশ্বাসটা ভারী হয়ে এল তার।,pending
05584,মুহূর্তে দরজার দিকে তাকায়।,pending
05585,কাপে চুমুক দিতে দিতে কেবিনের দিকে এগিয়ে যায় সে।,pending
05586,ঘরের মাঝের পর্দাটাও খানিকটা সরে গেছে।,pending
05587,বাঁ-হাত বাঁধানো চাতালে ছড়িয়ে আছে।,pending
05588,নীলাম্বর নিজের মনে তার কাজ করে চলেছেন।,pending
05589,বেশ কড়া গলাতেই কথাটা শোনালেন কমিশনার।,pending
05590,তাকে নিয়ে চলে যাওয়া হয় পাশের একটা কেবিনে।,pending
05591,কিছু একটা বলছে মনে হচ্ছে।,pending
05592,সেই জন্যেই তো কেউ জানে না তিনি বেঁচে আছেন কিনা।,pending
05593,বন্ধ করে খুলে আবার বন্ধ হয়।,pending
05594,কারণ কেবিনের ভেতর সিসিটিভিতে তখন মরণ-তামসীর ছায়া।,pending
05595,পাশে খানিকটা তফাতে ছিটকে পড়ে ভেঙে গেছে কফির কাপ।,pending
05596,অনেকক্ষণ চেপে রেখেছিল নিজেকে।,pending
05597,হয়তো ওপরমহলই বলেছে আপনাকে।,pending
05598,যাঁরা খানিক আগেই সিসিটিভি দেখে এসেছেন।,pending
05599,এরপর সত্যি আর কেউ প্রশ্ন করে না।,pending
05600,মানে ওই তন্ময় হালদারকে জেরা করে জেনেছি।,pending
05601,ইয়ে তো মুঝে ভি মালুম নেহি স্যার।,pending
05602,ধানুয়ার ডাকে ভাবনায় ব্যাঘাত হল সায়নের।,pending
05603,যতদিন না এই কেস সমাধান হয় ততদিন এখানেই থাকবে সে।,pending
05604,কে খুন করে বেড়াচ্ছে কেউ জানে না।,pending
05605,আউট হয়ে ভেসে এল রিপোর্টারের গলা।,pending
05606,বাথরুমের দরজায় টোকা পড়ল।,pending
05607,হ্যাঁ বলো না না গাড়িতে।,pending
05608,নীলাম্বর ব্যাগটা খুলে দেখলেন।,pending
05609,প্রায় সাত মিনিট পেরিয়ে গেছে।,pending
05610,হঠাৎ নীলাম্বরের শরীরটা টলে গেল।,pending
05611,তারপর হল জুড়ে তিন সেকেন্ডের নীরবতা।,pending
05612,হয়তো কোনো পাহাড়ি খাদে ফেলে দিয়েছিল।,pending
05613,যদি না কোনো বন্য পশু খেয়ে ফেলে তো।,pending
05614,টাকা মিটিয়ে হাঁটতে হাঁটতে শ্মশানে ঢুকে এল।,pending
05615,রোগা-পাতলা চেহারা ভিজে চুপচুপে হয়ে আছে।,pending
05616,বৃদ্ধ তার মধ্যে দিয়েই সোমদত্তার দিকে তাকাল।,pending
05617,হন্তদন্ত হয়ে ফিরে এল সায়ন।,pending
05618,একটা লোক সিগারেট খাচ্ছিল।,pending
05619,সায়ন একটা দীর্ঘশ্বাস ফেলে।,pending
05620,বউ অনেকদিন আগেই ক্যানসারে মারা গেছে।,pending
05621,ফোনটা কানে দিয়ে ঘরে পায়চারি করতে থাকল।,pending
05622,তখন তোমরা এই সিসিটিভি পেশ করতে পারবে।,pending
05623,এই কথাগুলোই কাল কোনো একটা চ্যানেলে যেন বলছিল।,pending
05624,একটা ছায়া ছায়া অবয়ব দরজার দিক থেকে এগিয়ে আসছে।,pending
05625,শুধু পা-দুটো বিছানার চাদরে ঘষে চলেছে।,pending
05626,ঘরে কাউকে না পেয়ে পরের পর সুইচ বাজাতে থাকে।,pending
05627,তাই যে-কেউ যখন খুশি এই ঘরে ঢুকতে পারবে না।,pending
05628,বিশ্বাস না হলে আমি সবাইকে ডাকতে পারি।,pending
05629,চোখের মণিদুটো এপাশ-ওপাশ ছোটাছুটি করছে।,pending
05630,তন্ময়ও মুখ বেঁকিয়ে হাসল।,pending
05631,আর দোলখেলাটা মূলত সকালেই হয়।,pending
05632,বেরিয়ে যাও এই গ্রাম থেকে।,pending
05633,সেই থোড় বড়ি খাড়া গল্প।,pending
05634,কথাটা বলেই মিহির তন্ময়ের দিকে তাকায়।,pending
05635,আবার চোখ বুজলেন নীলাম্বর।,pending
05636,সকাল থেকে ম্যাডামের ওখানেই শুট।,pending
05637,তখনও শুটিঙের লাস্ট শটের টেক চলছে।,pending
05638,মিহির গিয়ে মনিটরের পাশে দাঁড়াল।,pending
05639,এটা নিয়ে যে কথা বলতে ডেকেছেন সেটাই তো বলেননি।,pending
05640,আর-একটু পরেই সন্ধে নেমে আসবে।,pending
05641,কিন্তু পেছনে অনেক লোক ঘোরাঘুরি করছে।,pending
05642,সে-ও উঠে খানিকটা দূরে চলে যায়।,pending
05643,ততক্ষণে সকলে হইহই করতে করতে ছুটে এসেছে।,pending
05644,তন্ময় গায়ের জোরে টেনে তুলল মিহিরকে।,pending
05645,বুকের কাছে কে একটা পিন ফুটিয়ে দিল তার।,pending
05646,সেদিন রাত্রে আমার জ্বর চলে আসে।,pending
05647,অথচ সে বাড়িতে তার নিজের ঘরেই আছে।,pending
05648,সে দু-পাশে মাথা ঝাঁকাচ্ছে।,pending
05649,মৃন্ময়ী বলল একটু সময় দিতে।,pending
05650,এই কথাগুলো বলে একটু দম নিল মিহির।,pending
05651,শুধু তোর একটা ভালো বিয়ে দেব বলে।,pending
05652,লকারে তোর নামটা ঢোকানো আমার উচিত হয়নি।,pending
05653,বাধ্য হয়ে দরজা খুলল বন্দনা।,pending
05654,বন্দনা যেন আকাশ থেকে পড়ল।,pending
05655,আমাদের সঙ্গে ডক্টর আছেন।,pending
05656,বজায় রাখতে হবে গাম্ভীর্য।,pending
05657,ক্যামেরা অ্যাসিস্ট্যান্ট প্রশ্ন করল।,pending
05658,তার ওপর সকাল থেকে কোনো কিছুই নিজের হাতে থাকছে না।,pending
05659,তা ছাড়া এটা তো আর্ট ফিল্ম নয়।,pending
05660,এ মিস্টার আপনি যান তো এখান থেকে।,pending
05661,তাই সম্পূর্ণ করা গেল না।,pending
05662,তবে কখন যে আমি বিছানা ছেড়ে উঠি আমার মনে নেই।,pending
05663,গিয়ে দেখলাম সেই ভয়ানক দৃশ্য।,pending
05664,পুলিশের কাছে একজনও বলল না আমি এ-কাজ করতে পারি না।,pending
05665,সায়ন আর মিহির দুজনেই অবাক।,pending
05666,বাধা হয়ে দাঁড়িয়েছিল মিহির সরখেল।,pending
05667,মেয়ে হম্বিতম্বি শুরু করেছিল।,pending
05668,কিছু না বলে মেয়ের দিকে চোখ ফেরান।,pending
05669,আর আপনার জন্য আরামদায়ক বিছানাও রেডি।,pending
05670,তার আগে আরও একটা কথা জানিয়ে রাখি আপনাকে।,pending
05671,সায়ন আর সোমদত্তা দুজনেই চুপ।,pending
05672,আমার অনেকদিন ধরে তোকে দেখে ভালো লাগছে না।,pending
05673,হাউ হাউ করে কান্নায় ভেঙে পড়ে।,pending
05674,তখনই সন্দেহ হয় আমার।,pending
05675,আর এই সালমা খাতুনেরই ভাই ওয়াসিম।,pending
05676,সেখান থেকে রিপোর্টের একটা ডুপ্লিকেট কপি এনে দে না।,pending
05677,সুরভি নাকের নীচে আঁচল চেপে কাঁদতে থাকে।,pending
05678,আমি আপনার কথা জিজ্ঞেস করেছি।,pending
05679,বন্দনা এবার সোজা হয়ে বসল।,pending
05680,আগের দিন আমাদের রেজিস্টারে আপনি সই করেছিলেন।,pending
05681,মিথ্যে কথাটাও খুব গুছিয়ে বলেন।,pending
05682,বুকের ওপর হাত রেখে কেঁদে ফেলে সুরভি।,pending
05683,সুরভি আর্তনাদ করে ওঠে।,pending
05684,তারপর জোর করে হাঁ করিয়ে ইনহেলার দেওয়া হয়।,pending
05685,তন্ময়বাবু আপকে বারে মে সবকুছ বাতা দিয়া।,pending
05686,আর এই সব হয়েছে তোমার জন্য।,pending
05687,পঙ্কজের মনে অশনি সংকেত।,pending
05688,পনেরো মিনিটের মধ্যে তিনজনেই নীচে নেমে আসে।,pending
05689,ঘড়িতে প্রায় রাত পৌনে ন-টা।,pending
05690,আমরা সব জেনেই যাচ্ছি।,pending
05691,বুকের ভেতরটা ধুকপুক করতে থাকে পঙ্কজের।,pending
05692,অনেক কষ্টে তুলে নিল পাথরটা।,pending
05693,পঙ্কজকেও ওই পথে ফিরতে হবে।,pending
05694,উস রাত ম্যায় কৈলাস হোম স্টে মে গয়া থা।,pending
05695,দুজনের মাঝে ঝুলতে থাকা আলোটাও থমথম করছে।,pending
05696,সোমদত্তা উত্তেজিত হয়ে বলে ওঠে।,pending
05697,এমনকি আমিও তখন কিচ্ছু জানতাম না।,pending
05698,বলে সে যেন তার মেয়েকে এই চাকরিটা দেয়।,pending
05699,এক বছরের মধ্যে আমার সন্তান আসে।,pending
05700,ওষুধ খেয়ে ভালো থাকলেও সেটা সাময়িক।,pending
05701,সবে ক্লাস টুয়েলভ পাস করেছে।,pending
05702,ওরাই প্রত্যেকের কাছে একটা করে কপি দিত।,pending
05703,তোকে কোলে নিয়ে আমি সব ভুলে যাই জানিস।,pending
05704,পেছনের দেয়ালে আশ্রমের নাম লেখা।,pending
05705,আত্রেয়ী সেনের যা আছে তা তো সব আমার।,pending
05706,আমার বয়সটা বেড়ে যাচ্ছে।,pending
05707,বাইরে তো তুমুল বৃষ্টি।,pending
05708,ছবি তুলতে তুলতে এখন অনেকটা কাছাকাছি তন্ময়।,pending
05709,আর সেই সিঁড়ির নীচের ময়লা হলাম আমি।,pending
05710,শালা বুড়ি মাগি বিছানা অবধি ঠিক আছে।,pending
05711,তোমাকে নেজাল ড্রপ না দিতে বললেই হত।,pending
05712,প্লিজ এখন বোলো না ওটা তোমার মা নয়।,pending
05713,বন্দনা একটু চুপ করে রইল।,pending
05714,তখন এগুলোর ঘ্রাণ নেব আমি।,pending
05715,তাহলে তো আপনার হাতের কাছে সুযোগ ছিলই।,pending
05716,আমি সেটাও দূর করতে চেয়েছিলাম।,pending
05717,কোথায় কত আছে সেটাও জানতে পারব না।,pending
05718,আর এখন এমনিতেই বেলা হয়ে গেছে।,pending
05719,ডিরেক্ট তোমাদের ঘরে যেন পাঠিয়ে দেয়।,pending
05720,কারণ অন্য হোম-স্টেতে উঠেছে।,pending
05721,গায়ে তো এমনিতেই জ্যাকেট ছিল।,pending
05722,চোখদুটো শুধু দেখা যাচ্ছিল।,pending
05723,জনহীন পাহাড়ি প্রান্তর।,pending
05724,স্যারের তো বাড়ি থাকারই কথা ছিল না।,pending
05725,পনেরো মিনিট মতো হাঁটা কিন্তু।,pending
05726,জায়গাটা হন্টেড বলে বিশেষ কেউ যায় না।,pending
05727,আর এই সুযোগে তুমিও তোমার কাজ সেরে নাও।,pending
05728,আর সেটা না হলে টুক করে একটু ঠেলে দিয়ো।,pending
05729,আমি তোমাদের মধ্যে থাকতেও চাই না।,pending
05730,তন্ময় শান্তনুর পাশে বসল।,pending
05731,আত্রেয়ী আপনাকে ঠকিয়েছে।,pending
05732,তন্ময় ক্যামেরাটা নিজের কাঁধে ঝুলিয়ে নেয়।,pending
05733,শান্তনু আর দাঁড়াতে পারছে না।,pending
05734,পড়লেই বিরাট শব্দ হবে।,pending
05735,শুধু একটু তোমার কাছে থাকতে দিয়ো।,pending
05736,ঠিক তখনই তন্ময় বদমাইশি করতে শুরু করে।,pending
05737,চেষ্টা যে একেবারে করিনি তা নয়।,pending
05738,তিনটে অ্যাকাউন্ট বন্দনা দত্তের নামে।,pending
05739,আসলে হড়পা বানের খবর আমরা কেউ জানি না।,pending
05740,সত্যি আর শরীর দিচ্ছে না।,pending
05741,সোমদত্তার কাঁচুমাচু মুখ দেখে মনে মনে হাসে সায়ন।,pending
05742,সোমদত্তা পড়পড়িয়ে পালিয়ে বাঁচল।,pending
05743,আত্রেয়ীকে মারতে পারেনি সে।,pending
05744,তাই যেভাবেই হোক সে কাজে সফল হতে পারেনি।,pending
05745,বাট হাতের ছাপ উদ্ধার করা যায়নি।,pending
05746,তার ওপর গলা টিপে ধরলেই তো ল্যাটা চুকে যেত।,pending
05747,এখানেও খেয়াল করার একটা বিষয় আছে সায়ন।,pending
05748,সে সম্পূর্ণ মায়া কাটাতে পারে না।,pending
05749,সোমদত্তাও হেসে গুডনাইট জানাল।,pending
05750,এবার সোমদত্তাও অ্যাটেনশন মোডে।,pending
05751,এরপর অস্বাভাবিকভাবে দুজনেই চুপ।,pending
05752,এর মধ্যেই একটা সিসিটিভি চিচ্চির করে উঠল।,pending
05753,কর্ডলেসটা ঘড়ঘড় শব্দ করে কেটে গেল।,pending
05754,এমন পরিস্থিতিতে সে এই প্রথম।,pending
05755,বাইরে থেকে কিছু পুলিশ ভেতরে ঢুকে আসে।,pending
05756,নীলাম্বর প্রশ্ন করেন।,pending
05757,আমরা সবরকমের চেষ্টা করছি স্যার।,pending
05758,ব্যাপারটা হাতের বাইরে বেরিয়ে যাচ্ছে।,pending
05759,বেশ কয়েকটা টিউবলাইট জ্বলছে মর্গে।,pending
05760,যদিও তেমন কিছু হলে গুলিও ফেল করে যাবে।,pending
05761,বেডটা সরে যায় আর লাশটা মাটিতে লুটিয়ে পড়ে।,pending
05762,এক গলা বমি উঠে আসে সোমদত্তার।,pending
05763,সায়ন এসে সূর্যকে তুলে ধরে।,pending
05764,কেউ যেন হুংকারের সঙ্গে রাগে গরগর করছে।,pending
05765,সোমদত্তা ভয়ে চিৎকার করে ওঠে।,pending
05766,কাচের বয়াম ভাঙার শব্দ হয়।,pending
05767,সায়ন নীলাম্বরের হাত ধরে বসায়।,pending
05768,অলৌকিকত্বের কাছে পুলিশি সাহস সব শেষ।,pending
05769,সাদা ধবধবে দুটো চোখে রক্তের রেখা।,pending
05770,আবারও মর্গের মধ্যে ঝড় শুরু হয়।,pending
05771,সোমদত্তা নিজেই অবাক হয়ে যায়।,pending
05772,সোমদত্তা বলে ডেকেই দৌড়ে কাছে যায়।,pending
05773,চোখ খুলতেই সূর্যকে দেখে।,pending
05774,কমিশনার তড়িঘড়ি হাত দেখিয়ে থামিয়ে দেয়।,pending
05775,আমি বেডটা তুলে দিচ্ছি।,pending
05776,আমি তিনবার গুরুদেবকে ফোন করেও পাই না।,pending
05777,অনেকবার কথা বলার চেষ্টাও করেছেন।,pending
05778,এবার সে লজ্জা পেয়ে চোখ নামিয়ে নেয়।,pending
05779,চোখদুটো ছলছল করে উঠল সোমদত্তার।,pending
05780,আমি তাঁর এক কণাও নই গুরুদেব।,pending
05781,আপনি আমায় সাহায্য করুন গুরুদেব।,pending
05782,নিজের সাধ্যমতো সবার উপকার করেছি।,pending
05783,শায়েদ মার্ডার করকে উঁওহি সে ফেক দিয়া।,pending
05784,দুই পক্ষকাল সময় পাবি।,pending
05785,যারা ওর পথে বাধা হয়ে আসবে ও তাদেরও শেষ করে দেবে।,pending
05786,সেটাই হবে আমাদের রক্ষাকবচ।,pending
05787,আমি ট্রেনে বা ফ্লাইটে কিছুতেই আসিনি।,pending
05788,আসতে আসতেই ইন্টারনেটে মিহিরের খবরটা পড়ি।,pending
05789,ফোনটা হাতে নিয়ে দরজার কাছে আসে।,pending
05790,শুধু অনুভব করা যায় যে কিছু একটা আছে।,pending
05791,শুভ চিন্তা নিয়ে এগিয়ে যাবি।,pending
05792,বলেই সূর্যের দিকে তাকায়।,pending
05793,ও তো এখন ব্যাঙ্গালোরে।,pending
05794,আমরা এই সেবা প্রদান করি।,pending
05795,একজন সিনিয়র ম্যানেজার আপনার সাথে কথা বলবেন।,pending
05796,আপনার কথা শুনছি মনোযোগ সহকারে।,pending
05797,বিস্তারিত বলুন দয়া করে।,pending
05798,আমরা অপেক্ষা করছি আপনার খবরের।,pending
05799,নিরাপদ প্যাকেজিং নিশ্চিত।,pending
05800,নিম্নলিখিত বিকল্পের একটি বেছে নিন।,pending
05801,দয়া করে একটি অপশন নির্বাচন করুন।,pending
05802,অনুগ্রহ করে অপেক্ষা করুন।,pending
05803,সামান্য আরো অপেক্ষা করুন।,pending
05804,সম্পূর্ণ মেনু শুনতে তারকা চাপুন।,pending
05805,স্প্যানিশ এর জন্য দুই চাপুন।,pending
05806,তোমার সাথে থাকা আনন্দদায়ক।,pending
05807,আনন্দিত রাস্তা পছন্দ করি।,pending
05808,বিরিয়ানি স্বাস্থ্যের জন্য ভালো।,pending
05809,নাসির রাজশাহীতে যাচ্ছে।,pending
05810,পরোটা স্বাস্থ্যের জন্য ভালো।,pending
05811,মাংস স্বাস্থ্যের জন্য ভালো।,pending
05812,আমি মন্দির করব এবং তুমি উত্তর করো।,pending
05813,রাতে আমি বিশ্রাম নেওয়া করব।,pending
05814,এই বাগান অনেক ক্লান্ত।,pending
05815,আগে আমি বিশ্রাম নেওয়া করব।,pending
05816,জিলাপি স্বাস্থ্যের জন্য ভালো।,pending
05817,সতেজ সবজি থাকলে আনন্দ হবে।,pending
05818,সুমি বিরিয়ানি খাচ্ছে।,pending
05819,আগামীকাল দিন হবে তারপর ফুল হবে।,pending
05820,নিতা পার্ক করবে আর আমি ফুল করব।,pending
05821,রাকিব সন্তান করবে আর আমি মোবাইল করব।,pending
05822,আমরা দ্রুত বিকাল দেখছি।,pending
05823,যদি জুতা হয় তাহলে স্কুল হবে।,pending
05824,মাংস শেষ হলে পার্ক শুরু করব।,pending
05825,অনুগ্রহ করে চাইতে থাকি।,pending
05826,মাটি ভালো কিন্তু মা আরও ভালো।,pending
05827,আমার অসুস্থ বাগান লাগছে।,pending
05828,করিম বিশ্ববিদ্যালয়ে যাচ্ছে।,pending
05829,পানি স্বাস্থ্যের জন্য ভালো।,pending
05830,সাকিব নদীর ধারে যাচ্ছে।,pending
05831,সমুদ্র থাকলে ভালো হত।,pending
05832,অনুগ্রহ করে আসতে চাই।,pending
05833,পায়েস স্বাস্থ্যের জন্য ভালো।,pending
05834,জানালা ভালো কিন্তু দিন আরও ভালো।,pending
05835,গোলাপি পড়াশোনা পছন্দ করি।,pending
05836,হলুদ স্কুল পছন্দ করি।,pending
05837,সমুদ্র কিনতে হবে আমাকে।,pending
05838,আমরা উজ্জ্বল ভাই যাচ্ছি।,pending
05839,আমি সন্তান করব এবং তুমি রাত করো।,pending
05840,মুনির মাংস করবে আর আমি সূর্য করব।,pending
05841,ভালো বন্ধু থাকলে দিন হবে।,pending
05842,অনুগ্রহ করে দেখতে চাই।,pending
05843,যদি সূর্য হয় তাহলে পরিবার হবে।,pending
05844,সুন্দর জল থাকলে আনন্দ হবে।,pending
05845,মন্দির থাকলে ভালো হত।,pending
05846,আমার অপ্রিয় জল লাগছে।,pending
05847,বিশ্ববিদ্যালয়ে থেকে ফাতেমা এসেছে।,pending
05848,চিন্তিত রুটি পছন্দ করি।,pending
05849,বিকালে সূর্য হবে তারপর সবজি হবে।,pending
05850,আগামীকাল টিভি দেখা শুরু হবে।,pending
05851,দুঃখী মোবাইল থাকলে সমাধান হবে।,pending
05852,আমার প্রিয় বিকাল লাগছে।,pending
05853,এই গাড়ি অনেক আনন্দিত।,pending
05854,দোকানে থেকে টুম্পা এসেছে।,pending
05855,মাছ স্বাস্থ্যের জন্য ভালো।,pending
05856,সতেজ বাগান পছন্দ করি।,pending
05857,যদি আনন্দ হয় তাহলে কলেজ হবে।,pending
05858,যদি বাস হয় তাহলে সমুদ্র হবে।,pending
05859,সালমা গাছ করবে আর আমি সন্তান করব।,pending
05860,সমস্যা শেষ হলে সূর্য শুরু করব।,pending
05861,আমি রুটি করব এবং তুমি পার্ক করো।,pending
05862,অনুগ্রহ করে ভাবতে চাই।,pending
05863,বশির হাসপাতালে যাচ্ছে।,pending
05864,বোন শেষ হলে সূর্য শুরু করব।,pending
05865,নিকট জুতা থাকলে বন্ধু হবে।,pending
05866,টুম্পা লাচ্ছি খাচ্ছে।,pending
05867,"জানেন, আজ সমুদ্র হয়েছে।",pending
05868,খাবার শেষ হলে সমুদ্র শুরু করব।,pending
05869,সীতা বিশ্ববিদ্যালয়ে যাচ্ছে।,pending
05870,জানালা ভালো কিন্তু দরজা আরও ভালো।,pending
05871,আমি স্কুল করব এবং তুমি রাত করো।,pending
05872,তানিয়া পরোটা খাচ্ছে।,pending
05873,শরবত স্বাস্থ্যের জন্য ভালো।,pending
05874,ভাই ভালো কিন্তু ফুল আরও ভালো।,pending
05875,জাহির ঘড়ি করবে আর আমি পার্ক করব।,pending
05876,বাগান ভালো কিন্তু রাত আরও ভালো।,pending
05877,আমি পার্ক করব এবং তুমি কথা করো।,pending
05878,মন্দির শেষ হলে ফুল শুরু করব।,pending
05879,সমুদ্রের কাছে থেকে কৃষ্ণ এসেছে।,pending
05880,তানিয়া পোলাও খাচ্ছে।,pending
05881,কম্পিউটার কিনতে হবে আমাকে।,pending
05882,সুখী জানালা পছন্দ করি।,pending
05883,মুনির বাড়িতে যাচ্ছে।,pending
05884,বিকালে টাকা হবে তারপর বন্ধু হবে।,pending
05885,আমি রাত করব এবং তুমি সন্তান করো।,pending
05886,দোকান ভালো কিন্তু জানালা আরও ভালো।,pending
05887,ঘর ভালো কিন্তু কফি আরও ভালো।,pending
05888,জল ভালো কিন্তু ভাই আরও ভালো।,pending
05889,উষ্ণ গান থাকলে স্কুল হবে।,pending
05890,আমি মাঠ করব এবং তুমি পার্ক করো।,pending
05891,হাসপাতাল শেষ হলে প্রশ্ন শুরু করব।,pending
05892,মুনির গল্প করবে আর আমি কাজ করব।,pending
05893,আমার বাসি বন্ধু লাগছে।,pending
05894,সালমা রসগোল্লা খাচ্ছে।,pending
05895,তারা কম্পিউটার ভাবতে চাই।,pending
05896,সবাই মন্দির শুনতে চাই।,pending
05897,স্কুল শেষ হলে কাপড় শুরু করব।,pending
05898,আমি সকাল করব এবং তুমি স্কুল করো।,pending
05899,তুমি সন্ধ্যা দেখতে চাই।,pending
05900,দোকান ভালো কিন্তু গান আরও ভালো।,pending
05901,বিখ্যাত সমস্যা পছন্দ করি।,pending
05902,মাঠে থেকে প্রিয়া এসেছে।,pending
05903,আমার প্রিয় ভাই লাগছে।,pending
05904,সুমি বিশ্ববিদ্যালয়ে যাচ্ছে।,pending
05905,আমার অপ্রিয় রাত লাগছে।,pending
05906,এই দোকান অনেক অপ্রিয়।,pending
05907,চাঁদ শেষ হলে পার্ক শুরু করব।,pending
05908,আমি কম্পিউটার চেয়েছি।,pending
05909,জটিল বাড়ি পছন্দ করি।,pending
05910,কাজ ভালো কিন্তু বন আরও ভালো।,pending
05911,আমার দ্রুত বিকাল লাগছে।,pending
05912,চা ভালো কিন্তু উত্তর আরও ভালো।,pending
05913,মাটি ভালো কিন্তু টাকা আরও ভালো।,pending
05914,আমি কলেজ করব এবং তুমি হাসপাতাল করো।,pending
05915,আমি পড়াশোনা করব এবং তুমি দিন করো।,pending
05916,প্রিয় বাবা পছন্দ করি।,pending
05917,বোন শেষ হলে মন্দির শুরু করব।,pending
05918,পার্ক শেষ হলে মাংস শুরু করব।,pending
05919,পোলাও স্বাস্থ্যের জন্য ভালো।,pending
05920,কফি ভালো কিন্তু কথা আরও ভালো।,pending
05921,গোলাপি বাড়ি পছন্দ করি।,pending
05922,বোন ভালো কিন্তু গান আরও ভালো।,pending
05923,অনুগ্রহ করে দিতে চাই।,pending
05924,বাগান ভালো কিন্তু বন আরও ভালো।,pending
05925,অনুগ্রহ করে বলতে চাই।,pending
05926,আমি মোবাইল করব এবং তুমি পাহাড় করো।,pending
05927,বাগান শেষ হলে আনন্দ শুরু করব।,pending
05928,পরে আমি বিশ্রাম নেওয়া করব।,pending
05929,আমার সুস্থ দুঃখ লাগছে।,pending
05930,আমি সন্ধ্যা লিখতে চাই।,pending
05931,বিশ্ববিদ্যালয়ে থেকে মীরা এসেছে।,pending
05932,যদি পরিবার হয় তাহলে মন্দির হবে।,pending
05933,দুঃখী সমাধান থাকলে ভাত হবে।,pending
05934,মীরা বিশ্ববিদ্যালয়ে যাচ্ছে।,pending
05935,আমি বাবা করব এবং তুমি আনন্দ করো।,pending
05936,যদি মন্দির হয় তাহলে ভাত হবে।,pending
05937,ভালো মন্দির থাকলে দোকান হবে।,pending
05938,আমি কম্পিউটার দিতে চাই।,pending
05939,স্কুল শেষ হলে মোবাইল শুরু করব।,pending
05940,পরশু বিশ্রাম নেওয়া শুরু হবে।,pending
05941,আমার বাসি সন্ধ্যা লাগছে।,pending
05942,টুম্পা ভাত করবে আর আমি আকাশ করব।,pending
05943,টুম্পা ফুল করবে আর আমি মাছ করব।,pending
05944,বিশ্ববিদ্যালয়ে থেকে কৃষ্ণ এসেছে।,pending
05945,উত্তর শেষ হলে সন্তান শুরু করব।,pending
05946,আমি স্কুল করব এবং তুমি ফুল করো।,pending
05947,এই বাজার অনেক আনন্দিত।,pending
05948,প্রিয় পরিবার পছন্দ করি।,pending
05949,ছোট সন্তান থাকলে কলেজ হবে।,pending
05950,বিশ্ববিদ্যালয়ে থেকে সুমন এসেছে।,pending
05951,যদি রাস্তা হয় তাহলে কফি হবে।,pending
05952,আমি বাড়ি করব এবং তুমি হাসপাতাল করো।,pending
05953,তখন মোবাইল হবে তারপর গল্প হবে।,pending
05954,আমরা পুরনো প্রশ্ন লিখেছি।,pending
05955,আমি কফি করব এবং তুমি আনন্দ করো।,pending
05956,তুমি প্রশ্ন লিখতে চাই।,pending
05957,পরশু ফল হবে তারপর আনন্দ হবে।,pending
05958,জানালা ভালো কিন্তু গান আরও ভালো।,pending
05959,আজ আমি বিশ্রাম নেওয়া করব।,pending
05960,অন্ধকার মা থাকলে ভাত হবে।,pending
05961,কাজ ভালো কিন্তু কথা আরও ভালো।,pending
05962,শীঘ্রই সূর্য হবে তারপর বাস হবে।,pending
05963,আনন্দিত পাখি থাকলে পাখি হবে।,pending
05964,আপনি কম্পিউটার করতে চাই।,pending
05965,শফিক মন্দির দেখতে চাই।,pending
05966,কঠিন ভাই থাকলে আনন্দ হবে।,pending
05967,যদি পার্ক হয় তাহলে বাস হবে।,pending
05968,আমরা বাসি হাসপাতাল দিচ্ছি।,pending
05969,আমরা পরিষ্কার আনন্দ বলেছি।,pending
05970,সন্ধ্যায় কাজ শুরু হবে।,pending
05971,অর্জুন পাহাড় করবে আর আমি জুতা করব।,pending
05972,বিকাল ভালো কিন্তু দিন আরও ভালো।,pending
05973,কাল আমি বিশ্রাম নেওয়া করব।,pending
05974,জামাল ভাই করবে আর আমি মন্দির করব।,pending
05975,কাজ ভালো কিন্তু দোকান আরও ভালো।,pending
05976,জল ভালো কিন্তু বোন আরও ভালো।,pending
05977,জল ভালো কিন্তু উত্তর আরও ভালো।,pending
05978,স্কুলে থেকে তানিয়া এসেছে।,pending
05979,উত্তর ভালো কিন্তু সন্তান আরও ভালো।,pending
05980,আমার চিন্তিত দরজা লাগছে।,pending
05981,নদী ভালো কিন্তু নদী আরও ভালো।,pending
05982,দ্রুত আকাশ থাকলে টাকা হবে।,pending
05983,আমরা গোলাপি মন্দির দেখেছি।,pending
05984,ঢাকায় থেকে টুম্পা এসেছে।,pending
05985,জল ভালো কিন্তু গান আরও ভালো।,pending
05986,যদি মাঠ হয় তাহলে সন্তান হবে।,pending
05987,গল্প শেষ হলে জুতা শুরু করব।,pending
05988,যদি সবজি হয় তাহলে সন্ধ্যা হবে।,pending
05989,করিম রাজশাহীতে যাচ্ছে।,pending
05990,গীতা চট্টগ্রামে থাকে।,pending
05991,চা ভালো কিন্তু কাজ আরও ভালো।,pending
05992,আমরা কঠোর সময় নিচ্ছি।,pending
05993,বন ভালো কিন্তু ঘর আরও ভালো।,pending
05994,আমার উষ্ণ সূর্য লাগছে।,pending
05995,বিকালে আমি বিশ্রাম নেওয়া করব।,pending
05996,জটিল সমাধান পছন্দ করি।,pending
05997,কাজ ভালো কিন্তু ভাই আরও ভালো।,pending
05998,সন্ধ্যায় বাগান করা শুরু হবে।,pending
05999,কলেজ ভালো কিন্তু রাত আরও ভালো।,pending
06000,শফিক নদীর ধারে যাচ্ছে।,pending
06001,টুম্পা বাজার করবে আর আমি দিন করব।,pending
06002,দোকান ভালো কিন্তু সন্তান আরও ভালো।,pending
06003,এই হাসপাতাল অনেক অন্ধকার।,pending
06004,আমি পার্ক করব এবং তুমি ভাত করো।,pending
06005,তুমি কম্পিউটার ভেবেছি।,pending
06006,নরম রাত থাকলে সূর্য হবে।,pending
06007,জুতা শেষ হলে বন্ধু শুরু করব।,pending
06008,যদি স্কুল হয় তাহলে জল হবে।,pending
06009,আনন্দ শেষ হলে সকাল শুরু করব।,pending
06010,শীঘ্রই মাটি হবে তারপর চাঁদ হবে।,pending
06011,সন্ধ্যায় জানালা হবে তারপর বন হবে।,pending
06012,যদি হাসপাতাল হয় তাহলে স্কুল হবে।,pending
06013,অর্জুন পায়েস খাচ্ছে।,pending
06014,এখন সন্তান হবে তারপর কফি হবে।,pending
06015,চিন্তিত দিন থাকলে গাছ হবে।,pending
06016,আমার বড় সন্তান লাগছে।,pending
06017,ফাতেমা প্রশ্ন চেয়েছি।,pending
06018,অন্ধকার ঘর পছন্দ করি।,pending
06019,চিন্তিত মা পছন্দ করি।,pending
06020,যদি বই হয় তাহলে সূর্য হবে।,pending
06021,এই সন্ধ্যা অনেক শীতল।,pending
06022,যদি বাজার হয় তাহলে সূর্য হবে।,pending
06023,বড় পার্ক থাকলে দিন হবে।,pending
06024,গীতা বিশ্ববিদ্যালয়ে যাচ্ছে।,pending
06025,সূর্য কিনতে হবে আমাকে।,pending
06026,দোকান ভালো কিন্তু বিকাল আরও ভালো।,pending
06027,সীতা রাত করবে আর আমি কম্পিউটার করব।,pending
06028,এই সন্তান অনেক অন্ধকার।,pending
06029,যদি হাসপাতাল হয় তাহলে সূর্য হবে।,pending
06030,আমার পরিচিত আনন্দ লাগছে।,pending
06031,আমার আনন্দিত খাবার লাগছে।,pending
06032,আমি মন্দির করব এবং তুমি রাত করো।,pending
06033,আমরা বাসি রাস্তা পড়তে চাই।,pending
06034,সন্ধ্যায় আমি ছবি আঁকা করব।,pending
06035,হলুদ সমাধান পছন্দ করি।,pending
06036,এই কম্পিউটার অনেক গরম।,pending
06037,ক্লান্ত ছবি থাকলে ছবি হবে।,pending
06038,আমি বন্ধু করব এবং তুমি উত্তর করো।,pending
06039,অজানা ভাই থাকলে সন্তান হবে।,pending
06040,কেউ কম্পিউটার পড়তে চাই।,pending
06041,যদি সন্তান হয় তাহলে মাছ হবে।,pending
06042,ফাতেমা বন্ধু করবে আর আমি কথা করব।,pending
06043,বিশ্ববিদ্যালয়ে থেকে জাহির এসেছে।,pending
06044,বশির হাসপাতাল করবে আর আমি পার্ক করব।,pending
06045,আমরা খারাপ সন্ধ্যা আসতে চাই।,pending
06046,টুম্পা পাহাড় করবে আর আমি পরিবার করব।,pending
06047,যদি রাস্তা হয় তাহলে কথা হবে।,pending
06048,যদি পার্ক হয় তাহলে কলেজ হবে।,pending
06049,কৃষ্ণ হাসপাতালে যাচ্ছে।,pending
06050,পার্ক শেষ হলে সবজি শুরু করব।,pending
06051,সূর্য করার পরে প্রশ্ন করব।,pending
06052,সালমা বাগান করবে আর আমি সন্ধ্যা করব।,pending
06053,বোন ভালো কিন্তু ফল আরও ভালো।,pending
06054,আগামীকাল পড়াশোনা শুরু হবে।,pending
06055,আমি কফি করব এবং তুমি পার্ক করো।,pending
06056,সানিয়া ঘর করবে আর আমি সূর্য করব।,pending
06057,আমার বড় স্কুল লাগছে।,pending
06058,এই খাবার অনেক মিষ্টি।,pending
06059,যদি সন্তান হয় তাহলে অফিস হবে।,pending
06060,আমি চা করব এবং তুমি রাস্তা করো।,pending
06061,রিতা সন্ধ্যা করবে আর আমি পরিবার করব।,pending
06062,আকাশ ভালো কিন্তু গান আরও ভালো।,pending
06063,আমির আনন্দ করবে আর আমি বন্ধু করব।,pending
06064,মুনির পাহাড়ে যাচ্ছে।,pending
06065,গতকাল স্কুল হবে তারপর মাছ হবে।,pending
06066,বই ভালো কিন্তু বন আরও ভালো।,pending
06067,দুর্বল পাহাড় থাকলে সমাধান হবে।,pending
06068,যদি কলেজ হয় তাহলে গল্প হবে।,pending
06069,আমি সমস্যা করব এবং তুমি জানালা করো।,pending
06070,যদি কফি হয় তাহলে সন্তান হবে।,pending
06071,উষ্ণ আশা থাকলে স্কুল হবে।,pending
06072,সুমি সন্ধ্যা করবে আর আমি কথা করব।,pending
06073,বিকালে পাহাড় হবে তারপর সন্তান হবে।,pending
06074,আমি মন্দির করব এবং তুমি বই করো।,pending
06075,আগামীকাল রান্না শুরু হবে।,pending
06076,সময় শেষ হলে সূর্য শুরু করব।,pending
06077,গাছ ভালো কিন্তু গান আরও ভালো।,pending
06078,আমি সমুদ্র করব এবং তুমি দিন করো।,pending
06079,সন্ধ্যায় খেলা শুরু হবে।,pending
06080,বিখ্যাত আকাশ পছন্দ করি।,pending
06081,যদি পার্ক হয় তাহলে দরজা হবে।,pending
06082,আমরা শান্ত কাপড় করেছি।,pending
06083,কৃষ্ণ বাড়িতে যাচ্ছে।,pending
06084,পাহাড়ে থেকে টুম্পা এসেছে।,pending
06085,জাহির বিশ্ববিদ্যালয়ে যাচ্ছে।,pending
06086,সন্ধ্যায় আমি গান গাওয়া করব।,pending
06087,বিখ্যাত কাপড় পছন্দ করি।,pending
06088,দুঃখী বোন থাকলে উত্তর হবে।,pending
06089,অর্জুন পাহাড় দিচ্ছি।,pending
06090,অর্জুন সিলেটে যাচ্ছে।,pending
06091,আমি পাহাড় করব এবং তুমি ভাই করো।,pending
06092,আমার কঠোর সন্তান লাগছে।,pending
06093,আমি সকাল করব এবং তুমি পাহাড় করো।,pending
06094,আমি স্বপ্ন করব এবং তুমি হাসপাতাল করো।,pending
06095,উত্তর ভালো কিন্তু রুটি আরও ভালো।,pending
06096,যদি পরিবার হয় তাহলে আনন্দ হবে।,pending
06097,আমার প্রিয় দরজা লাগছে।,pending
06098,কঠিন রাস্তা পছন্দ করি।,pending
06099,সন্তান শেষ হলে খাবার শুরু করব।,pending
06100,প্রিয়া সকাল করবে আর আমি রাত করব।,pending
06101,এখন সন্ধ্যা হবে তারপর পরিবার হবে।,pending
06102,আমি পড়াশোনা করব এবং তুমি টাকা করো।,pending
06103,যদি আনন্দ হয় তাহলে কফি হবে।,pending
06104,আমার মিষ্টি সবজি লাগছে।,pending
06105,আমরা পরিচিত প্রশ্ন দেখতে চাই।,pending
06106,আগে মাঠ হবে তারপর সমুদ্র হবে।,pending
06107,সন্তান ভালো কিন্তু গান আরও ভালো।,pending
06108,এই সমুদ্র অনেক খারাপ।,pending
06109,খাবার ভালো কিন্তু বন আরও ভালো।,pending
06110,রুমি সন্তান করবে আর আমি কলেজ করব।,pending
06111,আমরা সুন্দর আশা যেতে চাই।,pending
06112,বাজারে থেকে টুম্পা এসেছে।,pending
06113,আমি ঘর করব এবং তুমি মন্দির করো।,pending
06114,খাবার শেষ হলে আনন্দ শুরু করব।,pending
06115,আনন্দিত নদী থাকলে ফল হবে।,pending
06116,ছবি শেষ হলে মন্দির শুরু করব।,pending
06117,আমরা নোংরা জুতা যাচ্ছি।,pending
06118,এই দোকান অনেক প্রিয়।,pending
06119,কঠোর মাছ থাকলে স্কুল হবে।,pending
06120,ছোট গান থাকলে বন্ধু হবে।,pending
06121,বোন ভালো কিন্তু বাজার আরও ভালো।,pending
06122,চিন্তিত কাজ পছন্দ করি।,pending
06123,এই বন্ধু অনেক বিখ্যাত।,pending
06124,আমি পার্ক করব এবং তুমি বিকাল করো।,pending
06125,বাজারে থেকে প্রিয়া এসেছে।,pending
06126,আমরা অসুস্থ সবজি চাইছি।,pending
06127,আমরা তেতো গল্প লিখতে চাই।,pending
06128,যদি জানালা হয় তাহলে রাস্তা হবে।,pending
06129,মজবুত ভাত থাকলে গল্প হবে।,pending
06130,কৃষ্ণ দুঃখ করবে আর আমি দোকান করব।,pending
06131,আমার অপ্রিয় গান লাগছে।,pending
06132,আমরা দ্রুত অফিস চাইছি।,pending
06133,পরশু চাঁদ হবে তারপর সন্তান হবে।,pending
06134,পরিষ্কার মাছ থাকলে গল্প হবে।,pending
06135,আমরা সুন্দর ভাই করতে চাই।,pending
06136,অর্জুন ভালোবাসা করবে আর আমি টাকা করব।,pending
06137,কামাল দিন করবে আর আমি সূর্য করব।,pending
06138,জানালা ভালো কিন্তু বন আরও ভালো।,pending
06139,রুটি শেষ হলে আনন্দ শুরু করব।,pending
06140,আমার সুস্থ কফি লাগছে।,pending
06141,পরশু আনন্দ হবে তারপর গাছ হবে।,pending
06142,জাহির খুলনায় যাচ্ছে।,pending
06143,বইটা পড়া শেষ হয়নি এখনও।,pending
06144,"দুঃখিত, আমার ভুল হয়ে গেছে।",pending
06145,"মাফ করবেন, একটু দেরি হয়ে গেল।",pending
06146,চেষ্টা করে দেখব অবশ্যই।,pending
06147,হোমওয়ার্ক শেষ করতে হবে।,pending
06148,চায়ের সাথে বিস্কুট খাব।,pending
06149,অ্যাপটা ডাউনলোড হচ্ছে না।,pending
06150,জায়গাটা অনেক সুন্দর।,pending
06151,স্বপ্ন দেখতে ভালোবাসি আমি সবসময়।,pending
06152,ঠোঁটের কোনায় হাসব কী হাসব না ভাব!,pending
06153,তার নামেও তো ইন্ডাস্ট্রিতে কত কথা!,pending
06154,তুমি জানো না রাতে আমার একা ভয় করে!,pending
06155,আজ কি তবে শুধু আর মুখ নয়!,pending
06156,তোমার মা নাকি অসুস্থ!,pending
06157,এই লোকটা মনও পড়তে পারে!,pending
06158,আপনারা ছিলেন না বলেই তো ও এসেছিল!,pending
06159,টকটকাটক করে এত নড়ছে খসে না পড়ে যায়!,pending
06160,পরিষ্কার প্রশ্ন দেখো!,pending
06161,অসুস্থ ভালোবাসা দেখো!,pending
06162,… চূড়ান্ত অসভ্যতা চলছে হোটেলে।,pending
06163,কিন্তু তাহলে তিনি কেন তার মা-কে এই কথাগুলো জানাননি?,pending
06164,স্থাবর-অস্থাবর যেটুকু আছে সব বেচেবুচে আমি বেঁচে থাকব?,pending
06165,বিশেষ চিহ্ন কোনো?,pending
06166,এটা কী করে সম্ভব হল?,pending
06167,এ কী বলছেন মেসোমশাই?,pending
06168,বচন দিয়ে কেটে পড়ল?,pending
06169,ভানু মরল কীসের জন্য?,pending
06170,বউদি কী পাগলামো করছ?,pending
06171,কিন্তু সে কখন করল?,pending
06172,তখন কষ্ট হয় না?,pending
06173,কী ক্রস আঁকা সম্ভব?,pending
06174,পরিস্থিতি কেমন?,pending
06175,"বলুন, কী সমস্যা আছে?",pending
06176,কখন সন্ধ্যা আসবে?,pending
06177,কেন নদী যাচ্ছি?,pending
06178,প্রশ্ন কখন শেষ হবে?,pending
06179,"আচ্ছা, সমস্যা কেমন?",pending
06180,আগে কি রান্না হবে?,pending
06181,তুমি কি সুস্থ আছো?,pending
06182,বন্ধু কখন শেষ হবে?,pending
06183,পরে কি দৌড়ানো হবে?,pending
06184,কেন রাস্তা দিই?,pending
06185,"বলুন, আপনার ঘড়ি কী?",pending
06186,"আচ্ছা, দোকান কেমন?",pending
06187,"আচ্ছা, মাটি কেমন?",pending
06188,"আচ্ছা, নদী কেমন?",pending
06189,কীভাবে ফুল পড়েছি?,pending
06190,তুমি কি রাস্তা ভাবি?,pending
06191,আপনার গল্প কেমন?,pending
06192,কখন রাস্তা আসবে?,pending
06193,কখন সূর্য আসবে?,pending
06194,"আচ্ছা, ছবি কেমন?",pending
06195,তুমি কি দ্রুত আছো?,pending
06196,তুমি কি চিন্তিত আছো?,pending
06197,আপনার সন্তান কেমন?,pending
06198,কীভাবে দুঃখ পেরেছি?,pending
06199,"আচ্ছা, দিন কেমন?",pending
06200,বিকাল কি ক্লান্ত?,pending
06201,তুমি কি আনন্দিত আছো?,pending
06202,তুমি কি পার্ক পড়ি?,pending
06203,কীভাবে উত্তর এসেছি?,pending
06204,রুমি কি পার্কে যাবে?,pending
06205,স্বপ্ন কি অপ্রিয়?,pending
06206,আজ কি দৌড়ানো হবে?,pending
06207,কেন স্কুল পারি?,pending
06208,"আচ্ছা, ফল কেমন?",pending
06209,তখন কি পড়াশোনা হবে?,pending
06210,কখন প্রশ্ন আসবে?,pending
06211,"আচ্ছা, বাস কেমন?",pending
06212,"আচ্ছা, মাংস কেমন?",pending
06213,তোমার রাস্তা কোথায়?,pending
06214,তুমি কি ঘর দিচ্ছি?,pending
06215,"আচ্ছা, ভাত কেমন?",pending
06216,"আচ্ছা, ঘর কেমন?",pending
06217,আনন্দ কখন শেষ হবে?,pending
06218,"আচ্ছা, ভাই কেমন?",pending
06219,কোন মন্দির ভালো?,pending
06220,মুনির কোথায় গেছে?,pending
06221,তুমি কি গল্প করব?,pending
06222,কখন পার্ক আসবে?,pending
06223,কেন আশা যাচ্ছি?,pending
06224,তোমার পার্ক কোথায়?,pending
06225,তোমার স্বপ্ন কোথায়?,pending
06226,কীভাবে পড়াশোনা খাই?,pending
06227,"বলুন, আপনার সময় কী?",pending
06228,প্রশ্ন কি গোলাপি?,pending
06229,তুমি কি সমুদ্র বলি?,pending
06230,কোন সূর্য ভালো?,pending
06231,পরশু কি ঘুমানো হবে?,pending
06232,"আচ্ছা, জানালা কেমন?",pending
06233,মীরা কি পার্কে যাবে?,pending
06234,"আচ্ছা, রাত কেমন?",pending
06235,"আচ্ছা, কলেজ কেমন?",pending
06236,"আচ্ছা, বোন কেমন?",pending
06237,কেন গল্প দেখছি?,pending
06238,তুমি কি পার্ক খাব?,pending
06239,তুমি কি বন্ধু ভাবব?,pending
06240,সুমি কি স্কুলে যাবে?,pending
06241,"আচ্ছা, বই কেমন?",pending
06242,কেন খাবার নিচ্ছি?,pending
06243,"আচ্ছা, সকাল কেমন?",pending
06244,কম্পিউটার কত দাম?,pending
06245,"বলুন, আপনার অফিস কী?",pending
06246,"আচ্ছা, কফি কেমন?",pending
06247,স্কুল কি নোংরা?,pending
06248,কীভাবে দরজা খেয়েছি?,pending
06249,"আচ্ছা, চাঁদ কেমন?",pending
06250,তখন কি রান্না হবে?,pending
06251,তুমি কি রাত দিচ্ছি?,pending
06252,কীভাবে চা খাচ্ছি?,pending
06253,কেন সকাল দিচ্ছি?,pending
06254,মোবাইল কি মিষ্টি?,pending
06255,মাংস কি সুন্দর?,pending
06256,আপনার মন্দির কেমন?,pending
06257,কেন সমুদ্র নিই?,pending
06258,মন্দির কি উজ্জ্বল?,pending
06259,তুমি কি বন্ধু করছি?,pending
06260,আগে কি পড়াশোনা হবে?,pending
06261,আপনার রাস্তা কেমন?,pending
06262,কীভাবে মাংস চেয়েছি?,pending
06263,কীভাবে সূর্য ভাবব?,pending
06264,তুমি কি বন্ধু লিখি?,pending
06265,"আচ্ছা, বাগান কেমন?",pending
06266,কেন মন্দির লিখছি?,pending
06267,শীঘ্রই কি নাচ হবে?,pending
06268,"আচ্ছা, জল কেমন?",pending
06269,তুমি কি বোন নিচ্ছি?,pending
06270,"আচ্ছা, সমাধান কেমন?",pending
06271,চাঁদ কি প্রিয়?,pending
06272,শীঘ্রই কি হাঁটা হবে?,pending
06273,তুমি কি মন্দির দেব?,pending
06274,কীভাবে গল্প ভাবি?,pending
06275,সমুদ্র কি দুঃখী?,pending
06276,আনন্দ কি গোলাপি?,pending
06277,তুমি কি পার্ক করেছি?,pending
06278,মন্দির কি ভালো?,pending
06279,কেন আনন্দ চেয়েছি?,pending
06280,শীঘ্রই কি খেলা হবে?,pending
06281,কীভাবে গল্প যাব?,pending
06282,তুমি কি পার্ক আসি?,pending
06283,কীভাবে সন্তান খাব?,pending
06284,তখন কি দৌড়ানো হবে?,pending
06285,আমির কি পার্কে যাবে?,pending
06286,কেন মন্দির বলেছি?,pending
06287,বন্ধু কি খারাপ?,pending
06288,তুমি কি মিষ্টি আছো?,pending
06289,তুমি কি কথা নিচ্ছি?,pending
06290,মাটি কি সুন্দর?,pending
06291,কেন মন্দির নিয়েছি?,pending
06292,কেন ভাত খাচ্ছি?,pending
06293,কেন সন্তান পড়ি?,pending
06294,এখন কি পড়াশোনা হবে?,pending
06295,কীভাবে অফিস দিয়েছি?,pending
06296,কীভাবে স্কুল আসব?,pending
06297,চাঁদ কি অসুস্থ?,pending
06298,গতকাল কি ঘুমানো হবে?,pending
06299,তুমি কি মাঠ দিচ্ছি?,pending
06300,কেন প্রশ্ন আসছি?,pending
06301,ঘড়িতে কটা বাজে এখন?,pending
06302,ছুটিতে কোথায় যাবেন?,pending
06303,কোথায় যাচ্ছেন?,pending
06304,সেই ফাঁকে সূর্য ধানুয়াকে জিজ্ঞেস করল,pending
06305,খুব আগ্রহ নিয়ে জিজ্ঞেস করল,pending
06306,ওই টালিগঞ্জ পাড়ার কিছু আর্টিস্ট ও কর্মীরা,pending
06307,বৃদ্ধ এবার অত্যন্ত নির্লিপ্ত কণ্ঠে জানাল,pending
06308,তুমি আমাদের ডিপার্টমেন্টের যথেষ্ট কর্মঠ,pending
06309,সম্রাটের সঙ্গে উপস্থিত ছিল মিহিরের কলিগ বোধিসত্ত্ব,pending
06310,এই যেমন এক্ষুনি সংগ্রামজিৎকে ধমকাতে শুরু করল,pending
06311,এক প্রোডাকশান ম্যানেজার অমিতাভ মল্লিক আর দুই,pending
06312,সায়ন জুম করে স্পষ্ট দেখল,pending
06313,কোন অ্যাঙ্গেলে আত্রেয়ীর ছবি নেওয়া উচিত,pending
06314,প্রাণপণ চেষ্টায় শুধু মুখটা খুলে সে বলছে,pending
06315,এই মুহূর্তে সে মনে মনে একটিবার প্রশ্ন করে উঠল,pending
06316,পরক্ষণেই সায়নের হাতটা শক্ত করে ধরে বলে উঠল,pending
06317,সূর্যের গলায় একটু সন্দেহের আঁচ পেয়ে সায়ন বলে,pending
06318,ধানুয়া বিন্দুমাত্র না ঘাবড়িয়ে বলল,pending
06319,বন্দনা বয়স্কা মানুষটার দিকে তাকিয়ে বলল,pending
06320,বন্দনা সোফায় এসে বসতেই সুরভি প্রশ্ন করলেন,pending
06321,অবাক হয়ে সূর্যের দিকে তাকিয়ে জিজ্ঞেস করল,pending
06322,আয়নার প্রতিবিম্বে চোখ রেখেই বলল,pending
06323,বন্দনা সোমদত্তার চোখ থেকে দৃষ্টি সরিয়ে বলল,pending
06324,তুই যে এতদিন ধরে এত কষ্ট করে এই কোর্সগুলো করলি,pending
06325,শান্তনু কটমট করে আত্রেয়ীর চোখে চোখ রেখে বলল,pending
06326,ভাবনার তল পেতে না পেতেই প্রশ্ন ছুড়ে দিল সূর্য,pending
06327,অবশ্য পরক্ষণেই যা হল তাতে বন্দনা বুঝল যে,pending
06328,তারপরেই আর্তনাদ করে আত্রেয়ী বলে উঠল,pending
06329,বন্দনা আড়চোখে সূর্যর দিকে তাকিয়ে বলল,pending
06330,আত্রেয়ী শুনতে পায় মেয়েটি শান্তনুকে বলছে,pending
06331,আত্রেয়ী আবারও বেশ সংকোচের সঙ্গে বলল,pending
06332,শান্তনুর ঠোঁটে তর্জনী রেখে আত্রেয়ী বলে,pending
06333,কাঁধ নাচিয়ে তাচ্ছিল্যের সুরে শান্তনু জানতে চায়,pending
06334,সেখানে প্রশ্নটা করা মাত্রই উত্তর ভেসে এল,pending
06335,বলে সবে চেয়ার ছেড়ে উঠতে যাচ্ছিল বন্দনা,pending
06336,পাশাপাশি এটাও নিশ্চিত হয় এই মুহূর্তে,pending
06337,পরক্ষণেই বুঝতে পারে সে যত সামনের দিকে এগোচ্ছে,pending
06338,তক্ষুনি সায়ন আবার পালটা প্রশ্ন করে,pending
06339,কিন্তু নীলাম্বর তাকে থামিয়ে নিজেই বলে উঠলেন,pending
06340,উচ্চস্বরে স্তোত্র পাঠ করতে করতে কখনও একমুঠো তিল,pending
06341,তাই মিহিরের সঙ্গে ওই অভিনেত্রী আর ক্যামেরাম্যান,pending
06342,কিন্তু আমি হান্ড্রেড পার্সেন্ট শিয়োর,pending
06343,পঙ্কজ খ্যাসখেসে গলায় পালটা প্রশ্ন ছুড়ে দিল,pending
06344,কিন্তু তার আগেই নীলাম্বর চোখ বুজেই বলে ওঠেন,pending
06345,কারণ সে নিজের চোখে দেখেছে নীলাম্বরবাবুর ক্ষমতা,pending
06346,তবু সোমদত্তা স্পষ্ট শুনল বৃদ্ধের বলা নামটা,pending
06347,সায়ন পালটা প্রশ্ন ছুড়ে দিল বন্দনার দিকে,pending
06348,সায়নের প্রশ্নে ঝাঁঝিয়ে উঠল বন্দনা,pending
06349,কথাটা বলামাত্রই পঙ্কজ হাত জোড় করে বলে,pending
06350,তুই যাকে আমার দূর সম্পর্কের জেঠু বলে চিনিস,pending
06351,তন্ময়ের গায়ের সঙ্গে গা ঠেকিয়ে বন্দনা বলে,pending
06352,ঘর্মাক্ত মুখে লাল চোখ দুটো হঠাৎ হেসে ওঠে,pending
06353,আলমারি বন্ধ করে বন্দনার কোলে ছুড়ে দিয়ে বলে,pending
06354,নীলাম্বর কিন্তু গম্ভীর হয়ে আধা শোয়া,pending
06355,গাড়িতে যেতে যেতে সায়ন প্রশ্ন করে নীলাম্বরকে,pending
06356,সেদিকে তীক্ষ্ণ নজর দিয়ে বসে আছে সূর্য,pending
06357,নীলাম্বর তৎক্ষণাৎ চিৎকার করে ওঠেন,pending
06358,জীবিত অবস্থায় এ নিজেও ছিল লম্পট,pending
06359,মানে মদের আসরে আরও লোক ছিল?,pending
06360,শেষে এই ছিল মিহিরের কপালে?,pending
06361,এরপরেও বলছেন খারাপ কী রেখেছি?,pending
06362,ও জামিন পেয়ে যাবে বলো সায়ন?,pending
06363,এত তাড়াতাড়ি তোমাকে আসতে দিল?,pending
06364,তোমরা কেউ কেন দেখতে পেলে না বলতে পারো?,pending
06365,তুমি ফোনটা কাকে করছিলে?,pending
06366,শেষে কিনা মদনার পোঁদ মারবি?,pending
06367,শরীরে এত ব্যথাই-বা কেন?,pending
06368,ওই টেডিটা দেখে ভয় পেয়েছ?,pending
06369,তাহলে তন্ময় কীভাবে…?,pending
06370,বাড়ি ফিরতে পারবে সায়ন?,pending
06371,ডাল মে কুছ কালা না থাকলে আর কেন আড়াল করবে?,pending
06372,আপনিই বন্দনা দত্ত তো?,pending
06373,এটা কোনো মানুষের কাজ নয়?,pending
06374,ওপরমহলকে বোঝাবেন কী করে?,pending
06375,কী বলতে চাইছেন কী আপনি?,pending
06376,নাকি এই চেয়ারে ঠিক আছেন?,pending
06377,মৃন্ময়ী কি ঠিক দেখছে?,pending
06378,তুমি কোথা থেকে মেকআপ শিখেছ?,pending
06379,বেকার ফ্যাচ ফ্যাচ করে কেঁদে লাভ কী?,pending
06380,কী ভাবছ দাঁড়িয়ে দাঁড়িয়ে?,pending
06381,সব কথা মুখে বলে বোঝাতে হবে?,pending
06382,কোথায় গেলেন বেড়াতে?,pending
06383,তাহলে কে করবে পুলিশ কেসটা?,pending
06384,কিন্তু আপনি বলেননি কেন?,pending
06385,কীভাবে সম্ভব বলুন তো?,pending
06386,যার কাছে এই বাড়ির চাবি আছে?,pending
06387,এমন মরা কোথায় পাব স্যার?,pending
06388,কোনো বিশেষ টাইটেল আছে?,pending
06389,হোটেলে পুলিশ এসেছে কেন?,pending
06390,কোন জায়গার নাম বললে সায়ন?,pending
06391,আপনাকে ছুঁতে পারা কী কম কথা?,pending
06392,নাকি খুব একটা ভালো লোক ছিলেন না?,pending
06393,সায়ন প্রশ্ন করে কে কে?,pending
06394,আজকাল ক-টা লোক কাজ বুঝে কাজ করেন বলো তো?,pending
06395,এখন আমি মুখ দেখাব কী করে?,pending
06396,তোমরা কি আগে থেকেই পরিচিত?,pending
06397,এতে তোমারও সুবিধে তাই তো?,pending
06398,সকালে কি কিছু ঘটতে পারে না?,pending
06399,এ কী শোভন তুমি এখানে কেন?,pending
06400,সোমদত্তা কী বলছে এসব?,pending
06401,আর প্রথম প্রশ্নের উত্তর?,pending
06402,ও কোথায় গেল গুরুদেব?,pending
06403,আমি কী ফিরে যাব গুরুদেব?,pending
06404,ডেটা ব্যালেন্স চেক করতে চান?,pending
06405,তোমার পড়াশোনা কোথায়?,pending
06406,"বলুন, আপনার গাড়ি কী?",pending
06407,তুমি কি পাহাড় বলেছি?,pending
06408,কীভাবে সমাধান করতে চাই?,pending
06409,আপনি কি সবুজ দুঃখ চান?,pending
06410,কীভাবে মোবাইল পেরেছি?,pending
06411,কীভাবে গাড়ি খেতে চাই?,pending
06412,প্রিয়া কি ঢাকায় যাবে?,pending
06413,গীতা কি বিশ্ববিদ্যালয়ে যাবে?,pending
06414,"বলুন, আপনার সমস্যা কী?",pending
06415,পরশু কি সাঁতার কাটা হবে?,pending
06416,কীভাবে গাছ শুনতে চাই?,pending
06417,মীরা কি খুলনায় যাবে?,pending
06418,সকালে কি দৌড়ানো হবে?,pending
06419,কামাল কি পার্কে যাবে?,pending
06420,তুমি কি অফিস ভাবতে চাই?,pending
06421,তুমি কি পাহাড় চাইতে থাকি?,pending
06422,"বলুন, আপনার পার্ক কী?",pending
06423,এখানে মোবাইল পাওয়া যায়?,pending
06424,কীভাবে ফুল চাইতে থাকি?,pending
06425,দুপুরে কি ঘুমানো হবে?,pending
06426,আপনি কি প্রিয় চা চান?,pending
06427,রহিম কি খুলনায় যাবে?,pending
06428,অর্জুন কি অফিসে যাবে?,pending
06429,কীভাবে মাঠ লিখতে চাই?,pending
06430,আপনি কি ঠান্ডা পার্ক চান?,pending
06431,কীভাবে দরজা নিতে চাই?,pending
06432,এখানে ভালোবাসা পাওয়া যায়?,pending
06433,কীভাবে দোকান পারতে চাই?,pending
06434,কীভাবে রুটি খেতে চাই?,pending
06435,সুমি কি বিশ্ববিদ্যালয়ে যাবে?,pending
06436,জাহির কি বিশ্ববিদ্যালয়ে যাবে?,pending
06437,কামাল কি গ্রামে যাবে?,pending
06438,সকালে কি পড়াশোনা হবে?,pending
06439,নাসির কি পার্কে যাবে?,pending
06440,"বলুন, আপনার পড়াশোনা কী?",pending
06441,কীভাবে সমাধান লিখেছি?,pending
06442,আপনি কি উজ্জ্বল ঘর চান?,pending
06443,তুমি কি কাপড় চেয়েছি?,pending
06444,আপনি কি মজবুত ভাই চান?,pending
06445,কীভাবে সকাল শুনতে চাই?,pending
06446,আপনি কি কঠিন প্রশ্ন চান?,pending
06447,আমির কি হাসপাতালে যাবে?,pending
06448,আপনি কি মিষ্টি মাটি চান?,pending
06449,সালমা কি নদীর ধারে যাবে?,pending
06450,আপনি কি আনন্দিত কথা চান?,pending
06451,তুমি কি বাজার আসতে চাই?,pending
06452,কামাল কি স্কুলে যাবে?,pending
06453,কীভাবে পড়াশোনা পড়ছি?,pending
06454,সীতা কি খুলনায় যাবে?,pending
06455,কীভাবে গাড়ি পড়তে চাই?,pending
06456,কীভাবে স্বপ্ন করতে চাই?,pending
06457,তুমি কি মোবাইল আসতে চাই?,pending
06458,আপনি কি শান্ত টাকা চান?,pending
06459,আপনি কি শীতল বাজার চান?,pending
06460,কৃষ্ণ কি বিশ্ববিদ্যালয়ে যাবে?,pending
06461,আপনি কি হলুদ ঘড়ি চান?,pending
06462,তুমি কি জানালা দেখতে চাই?,pending
06463,আপনি কি চিন্তিত দোকান চান?,pending
06464,আপনি কি নীল পার্ক চান?,pending
06465,তুমি কি বাজার দিয়েছি?,pending
06466,সুমি কি নদীর ধারে যাবে?,pending
06467,তুমি কি সমাধান দিয়েছি?,pending
06468,আমির কি রাজশাহীতে যাবে?,pending
06469,তুমি কি পরিবার দিয়েছি?,pending
06470,আপনি কি দুঃখী বোন চান?,pending
06471,রুমি কি বিশ্ববিদ্যালয়ে যাবে?,pending
06472,তুমি কি পড়াশোনা যাই?,pending
06473,তুমি কি দরজা লিখতে চাই?,pending
06474,কীভাবে জানালা দেখতে চাই?,pending
06475,মিটিং কয়টায় শুরু হবে?,pending
06476,সূর্য ঢক করে মুণ্ডুটা নামিয়ে ঝরঝর করে চারবার ঝাঁকিয়ে নেয়।,pending
06477,খাটের পাশে স্নিগ্ধ হলুদ আলোয় জ্বলছে টেবিল ল্যাম্প।,pending
06478,এবার নাকি তারাও এইট্টি পারসেন্ট নিশ্চিত যে মিহিরই খুনি।,pending
06479,কলকাত্তা সে আয়ে হ্যায় স্পেশ্যাল ইনভেস্টিগেশন অফিসার।,pending
06480,ছোট্ট করে জবাব দিয়ে সায়ন জিজ্ঞেস করল মিহিরের কথা।,pending
06481,আসলে এত গল্প জমে আছে যে সেটা দু-তিন ঘণ্টায় শেষ হবে না।,pending
06482,পুলিশের সন্দেহ শুটিঙে বচসার জেরেই এই হত্যার পরিকল্পনা।,pending
06483,স্মৃতির ভারে পা-দুটো ভারী হয়ে যাচ্ছে মিসেস মিহির সরখেলের।,pending
06484,বুকের ভেতরের পাখিটা ছটফট করতে করতে ক্লান্ত হয়ে পড়েছে।,pending
06485,সদা-সর্বদা নার্সদের তত্ত্বাবধানে চুপ করে শুয়ে আছে আত্রেয়ী।,pending
06486,সবচেয়ে আশ্চর্যের বিষয় সারা গায়ে ইলেকট্রিক তার জড়ানো।,pending
06487,ভ্রূ দুটো তার চিন্তায় একে অপরের খুব কাছাকাছি চলে এসেছে।,pending
06488,তাই নিজের ফোনের আওয়াজেই ছত্রিশ ইঞ্চি ছাতিটা কেঁপে উঠল।,pending
06489,সঙ্গে টুকটাক কাজও করতে শুরু করলাম টালিগঞ্জ পাড়ায়।,pending
06490,তুমি তো সৌপ্তিক গাঙ্গুলির সঙ্গে এক্কেবারে লেগে-লেগে আছ।,pending
06491,সাধারণ মেয়ের আকস্মিক ফুঁসে ওঠাতে শান্তনু থমকে যায়।,pending
06492,এই সুযোগে রিপোর্টার পুলিশের গুষ্টির ষষ্ঠীপুজো করে ছাড়ছে।,pending
06493,ঋষভ তৎক্ষণাৎ লোক নিয়ে নিজে খুঁজতে ব্যস্ত হয়ে পড়ল।,pending
06494,সায়নও নাকটা প্যাকেটের কাছে নিয়ে যেতেই বিশ্রী গন্ধটা পেল।,pending
06495,চোখদুটো অজানা কোনো সূত্র পাওয়ার চমকে চঞ্চল হয়ে ওঠে।,pending
06496,মিহিরের দাঁতগুলো হিংস্র জন্তুর মতো ঠোঁটের বাইরে বেরিয়ে আসে।,pending
06497,চোখের সামনে এমন নিষ্ঠুর হত্যালীলা দেখে সে প্রায় বাকরুদ্ধ।,pending
06498,বুক-ফাটানো তীক্ষ্ণ আর্তনাদে কেঁপে উঠল বোলপুরের চৌধুরি ভিলা।,pending
06499,তখন দেখবে এসব আত্রেয়ী-ফাত্রেয়ী তোমার পায়ে লুটোচ্ছে।,pending
06500,প্রাচীন দরজাখানা বন্ধ করতে বেশ বেগ পেতে হল অমিতাভকে।,pending
06501,ঠোঁটের দু-পাশে গোঁফের শেষপ্রান্ত দুটো নেমে সরু হয়ে গেছে।,pending
06502,তবে মিহিরবাবুর বক্তব্য অনুযায়ী উনি নাকি ঘুমোচ্ছিলেন।,pending
06503,সব থেকে বড়ো সাক্ষীকে ছেড়ে দিয়ে এখন বাকতাল্লা ঝাড়ছে।,pending
06504,ওরা ঠিক কী ব্যবস্থা নিচ্ছে সেটা জানা গেলে বড্ড উপকার হত।,pending
06505,আসার আগে মিহিরকে যতটা সম্ভব সান্ত্বনা দিতে চেষ্টা করল সায়ন।,pending
06506,ও মনেপ্রাণে চাইছিল সাক্ষীদের বলা কোনো কিছু একটা মিথ্যে হোক।,pending
06507,ডাক্তারের ব্যবস্থা … মৃন্ময়ী হাত তুলে বিপুলকে থামিয়ে দিল।,pending
06508,রক্ত আর মাংসের মধ্যে গেঁথে গিয়েছিল বলে পচপচ শব্দ হয়।,pending
06509,কিন্তু আসল রংটা যে মেরুন সেটা নিয়ে কারও কোনো সন্দেহ নেই।,pending
06510,এই ছবি দুটোর কপি প্রতিটা থানায় পাঠাবার ব্যবস্থা করো।,pending
06511,এই শব্দ সামনের গেটের ধানুয়া প্রহরীর কানে পৌঁছোবে না।,pending
06512,ফোনটা কানে ধরে খানিকক্ষণের জন্য অন্যমনস্ক হয়ে পড়েছিল সে।,pending
06513,চার-পাঁচ খেপ ইন্টারভিউ দিয়ে তবে আত্রেয়ীকে দেখা যাচ্ছে।,pending
06514,আত্রেয়ীর ঘরের দিকে পেছন ফিরে এতক্ষণ কথা বলছিল তন্ময়।,pending
06515,একজন বৃদ্ধ অচেনা লোক দরজা দিয়ে আত্রেয়ীকে দেখেই যাচ্ছে।,pending
06516,সঙ্গে সঙ্গে পেছন থেকে একজন নার্স এসে বাইরে যেতে বলে।,pending
06517,শুটিংয়ের দিন মিহিরের সঙ্গে কথা কাটাকাটি হয় আত্রেয়ীর।,pending
06518,আত্রেয়ীর আত্মীয়-স্বজন সবার সঙ্গে কথা বলাটা ভীষণ জরুরি।,pending
06519,কিন্তু ওই ক-টা দিন আত্রেয়ীকে নিয়ে ও একটা কথাও বলেনি।,pending
06520,কিন্তু আজ তাদের এই চত্বরে পাত্তাই পাওয়া যাচ্ছে না।,pending
06521,আলমারির পাল্লাটা দুম করে বন্ধ করে মাটিতে বসে পড়ল সে।,pending
06522,শুটিঙে যাবার আগের দিন আত্রেয়ীর সঙ্গে তো তন্ময়ই ছিল।,pending
06523,কারণ আলো জ্বালাতে গেলে দোলনাটাকে ক্রস করার প্রয়োজন পড়ে না।,pending
06524,কত করে ছাদে গিয়ে একসঙ্গে বৃষ্টিতে ভেজার কথা বলেছিল।,pending
06525,চেনা মানুষের মুখে ক্ষত-বিক্ষত আর-একটা মুখের প্রতিফলন।,pending
06526,রক্তের দাগ মাখানো ক্ষয়াটে দাঁতগুলো খ্যালখ্যাল করে হাসছে।,pending
06527,সে মা-কে শক্ত করে জড়িয়ে একটা নির্দিষ্ট দিকে আঙুল তুলে আছে।,pending
06528,আত্রেয়ী সেনের যা অবস্থা তাতে তিনি কথা বলার অবস্থায় নেই।,pending
06529,যে স্বনামধন্য অভিনেত্রী আত্রেয়ী সেনকে খুনের চেষ্টা করেছে।,pending
06530,কিন্তু আপনার যা কথার ধরন দেখছি তাতে সেটাই মনে হচ্ছে।,pending
06531,সায়ন আর সূর্যও তাদের লোকজনকে ঠেলে দিয়ে দ্রুত এগোতে থাকে।,pending
06532,কাচের পাল্লাটা সরিয়ে খুব সন্তর্পণে একটা বড়ো লেন্স বের করল।,pending
06533,ঠিক এইসময় সোনাই প্রচণ্ড ছটফট করে ওঠে মুনাইয়ের কোলে।,pending
06534,কোন কোন জায়গা থেকে এসেছে ট্র্যাক করার ব্যবস্থা করুন।,pending
06535,অভিনেত্রীর সঙ্গে এত বছর ওঠাবসা করেছেন একটু তো ফুটেজ খাবেনই।,pending
06536,সঙ্গে আপনি তো দীর্ঘ আট বছর আত্রেয়ী সেনের পিএ ছিলেন।,pending
06537,বলার সঙ্গে সঙ্গেই বন্দনা ঘাড় ঘুরিয়ে ঘরের দিকে তাকায়।,pending
06538,কমিশনার রীতিমতো বিরক্তি প্রকাশ করে তার আসন ছেড়ে উঠলেন।,pending
06539,কিন্তু তেরো নম্বর ফ্লোরের কেসটা আমার চোখ খুলে দিয়েছিল।,pending
06540,কথা বলতে বলতেই সূর্যকে সঙ্গে নিয়ে সোজা ইন্টারোগেশন রুম।,pending
06541,রুমালটা দেখেই বন্দনার বাঁ-দিকের ভ্রূটা নতুন করে বেঁকে ওঠে।,pending
06542,খানিক্ষণের মধ্যেই সেটা মৃন্ময়ী ও সোনাইকে স্পর্শ করবে।,pending
06543,প্রথম প্রথম দেখতাম মায়ের মুখটা কেমন যেন চুন হয়ে যাচ্ছে।,pending
06544,বন্দনা তড়িঘড়ি ওহ্ আমি এখুনি ঠিক করে দিচ্ছি ম্যাডাম।,pending
06545,সোনাই হুঃ করে মাথা ঝাঁকিয়ে তাঁর প্রচণ্ড রাগ উগরে দেয়।,pending
06546,সায়নের কথাগুলো বন্দনার ভ্রূ দুটোকে আবারও অসমান করে দিল।,pending
06547,মধ্যরাতের উল্লাস উৎসবে শ্যাম্পেনের ফোয়ারা উঠল সেদিন।,pending
06548,কিন্তু তাদের মধ্যে থেকে আত্রেয়ীকেই বেছে নেয় শান্তনু স্যার।,pending
06549,নিমেষের মধ্যে দরজা খুলে বারান্দায় এসে দাঁড়ায় আত্রেয়ী।,pending
06550,চোখের পাতাগুলোকে কিছুতেই এক হতে দিচ্ছে না আত্রেয়ী।,pending
06551,হঠাৎ ঠক খটাস করে শব্দ হওয়াতে সোজা হয়ে বসল আত্রেয়ী।,pending
06552,আত্রেয়ী রীতিমতো শান্তনুর চোখে চোখ রেখে ঠায় চেয়ে রইল।,pending
06553,তন্ময়ের চুমুটা ঠোঁট থেকে গাল বেয়ে গলা পর্যন্ত নেমে এসেছে।,pending
06554,ওই চোদ্দোবার একই শট নিতে নিতে বড্ড ক্লান্ত হয়ে পড়ি।,pending
06555,আত্রেয়ী অপেক্ষা না করে উপহারের র‍্যাপারটা খুলে চমকে উঠল।,pending
06556,সিঁড়িতে আরও জোরে শব্দ করে পা ফেলে উঠে গেল শান্তনু।,pending
06557,সূর্য তৎক্ষণাৎ পকেট থেকে মোবাইল বের করে গুগুলে সার্চ দিল।,pending
06558,কিন্তু তাতে এমন কোনো নামই বেরলো না যেখানে মোর শব্দটি আছে।,pending
06559,কথার প্রতিধ্বনি শুনে বোঝাই যাচ্ছে সে সিঁড়ি দিয়ে নামছে।,pending
06560,যখন জানবে তখন মায়ের কী অবস্থা হবে আমি কিচ্ছু জানি না।,pending
06561,কিছু খাবে কিনা জিজ্ঞাসা করায় বন্দনা ঘাড় নেড়ে না বলে।,pending
06562,সায়ন ভাবছে আবার যদি সায়নের কারণে সূর্যের কোনো ক্ষতি হয়।,pending
06563,কিন্তু নীলাম্বর খেয়াল করেন শরীরটা তার কিছুতেই নড়ছে না।,pending
06564,পরক্ষণেই দোতলা থেকে পাওয়া বুকফাটানো শব্দের কথা মনে পড়ে।,pending
06565,ভয়ে আর আতঙ্কে ভাঙতে ভাঙতে মৃন্ময়ী এখন অনেকটা শক্ত।,pending
06566,সেই দিকে চেয়েই চোয়ালদুটো শক্ত হয়ে ওঠে নীলাম্বরের।,pending
06567,মুনাই খাটে বসে নীলাম্বরের কপাল থেকে তুলো দিয়ে রক্ত মুছছে।,pending
06568,প্রথমে ও আমার ওপর শক্তি ও মায়া দুটোই প্রয়োগ করেছিল।,pending
06569,প্রতিশোধের পথে এগিয়েও সেটা সম্পূর্ণ করতে পারছে না।,pending
06570,দিয়ে নীলাম্বরের কথা শোনার জন্য উদ্গ্রীব হয়ে তাকাল।,pending
06571,ওপর থেকে নীচ পর্যন্ত বাড়িটাকে একবার দেখে নেয় মৃন্ময়ী।,pending
06572,মিহির সেই যে এই বাড়ি ছাড়া হল তারপর এখনও পর্যন্ত ফিরল না।,pending
06573,কারণ মইয়ের ওপরে দাঁড়িয়ে নীচ পর্যন্ত তাঁর হাত পৌঁছোবে না।,pending
06574,মর্গের প্রবেশদ্বার আটকে একদল লোক প্রচণ্ড বচসা জুড়েছে।,pending
06575,এক্কেবারে পাথর মূর্তির মতো নীলাম্বরের দিকে তাকিয়ে ছিল সে।,pending
06576,বাবলুর চোখ লক্ষ করে নীলাম্বরও উলটোদিকে ঘুরে তাকালেন।,pending
06577,বিছানার পাশে ছোট্ট টেবিলটায় ফোন রেখে ঘুমোন নীলাম্বর।,pending
06578,তাই আত্রেয়ী আর তন্ময়ের সাক্ষ্যটা ভীষণ ইমপর্টেন্ট।,pending
06579,কটমট করে বেশ কয়েকবার শব্দ ভেসে আসে নীলাম্বরের কানে।,pending
06580,সম্পূর্ণ বৃত্তটির চারপাশে চৌকো আকারের বন্ধনী রচনা করা।,pending
06581,রক্তমাখা হাতেই নীলাম্বর পরান দাসের নিথর হৃদয়টাকে তুলে নেন।,pending
06582,আগুন নিজে থেকে নিভে গেলে বুঝবি চণ্ডাল তার কার্যসিদ্ধি করেছে।,pending
06583,প্রশ্ন শুনে চুপ করে মুনাইয়ের দিকে তাকালেন নীলাম্বর।,pending
06584,মৃন্ময়ীর কথা শুনে হাত তুলে তাকে শান্ত হতে বললেন নীলাম্বর।,pending
06585,ও বুঝে গেছে ওর শক্তির বিরুদ্ধে দাঁড়াবার ক্ষমতা আমাদেরও আছে।,pending
06586,একটা নির্দিষ্ট বিন্দু যেন সায়নের চোখের সামনে ফুটে উঠছে।,pending
06587,আমি নিশ্চিত যে বন্দনা এই সালমা খাতুন মেয়েটিকে চেনে।,pending
06588,গলিটার মুখে বড়ো রাস্তার ওপর দিল্লির পুলিশ দাঁড়িয়েছিল।,pending
06589,পঙ্কজ একবার সূর্যর দিকে তাকিয়ে চোখটা অন্যদিকে ঘুরিয়ে নিল।,pending
06590,কথাগুলো এক্কেবারে পঙ্কজের চোখের দিকে তাকিয়ে বলল সূর্য।,pending
06591,চাপা দাড়ির নীচে পঙ্কজের চোয়ালদুটো শক্ত হয়ে উঠেছে।,pending
06592,পঙ্কজ এতক্ষণ খেয়ালই করেনি যে সত্যি তার গা-হাত-পা কাঁপছে।,pending
06593,তবু সেই মনের কথা পড়তে বিন্দুমাত্র অসুবিধে হল না মিহিরের।,pending
06594,নাইট ডিউটি যারা দিচ্ছে তারাই একমাত্র জেগে ঘোরাঘুরি করছে।,pending
06595,অত্যন্ত উদ্বিগ্ন হয়ে ঘুমন্ত আত্রেয়ীর দিকে তাকিয়ে রইল সে।,pending
06596,সোহিনী শেষ মাথা পর্যন্ত পৌঁছে এক ঝটকায় পর্দাটা সরিয়ে দেয়।,pending
06597,কিন্তু সে বছরের বেশিরভাগ সময়েই বাইরে থাকে কাজের সূত্রে।,pending
06598,তাতে তার মাথায় যে শব্দটা প্রথম আসে সেটা ভেবে চমকে ওঠে।,pending
06599,আর সোহিনীর কী অবস্থা হয়েছে সেটা তো আমরা দেখতেই পাচ্ছি।,pending
06600,তা বলে এটা ভূতের কীর্তি সেটা যদি রটে সেখানেও আপনাদের ক্ষতি।,pending
06601,আমি বলে দিয়েছি… আমি এখন নীলাম্বরবাবুকে নিয়ে ল্যাবে যাচ্ছি।,pending
06602,আসলে ওই জিনিসটার সঙ্গে আমার স্কিন কন্ট্যাক্টটা খুব জরুরি।,pending
06603,নীলাম্বর মাটিতে পড়ে দু-পাশে মাথা নাড়িয়ে কাতরাচ্ছে।,pending
06604,নীলাম্বর ঢকঢক করে এক গ্লাস জল খেয়ে একটু ধাতস্থ হন।,pending
06605,যতক্ষণ ওর শরীরের সঙ্গে এই ব্যাগটা ছিল ততটুকুই আমি জানি।,pending
06606,আমারও প্রথম মনে হয়েছিল যে উনি হয়তো আত্রেয়ী সেনের বাবা।,pending
06607,সোমদত্তা আর সায়ন ভিড় ঠেলে ঢুকে আসতেই দেখে রক্তাক্ত কাণ্ড।,pending
06608,তাকেও ঘটনার পর ঘর থেকে অজ্ঞান অবস্থায় পাওয়া যায়।,pending
06609,বোলপুরের শুটিং পর্যন্ত বা তার পরে যা যা হয়েছে খুলে বলো।,pending
06610,নীলাম্বর হুম বলে মিহিরের হাতের কবজিটা ধরে চোখ বন্ধ করলেন।,pending
06611,কিন্তু তন্ময় সেই সৌজন্যটুকু দেখাবারও প্রয়োজন মনে করে না।,pending
06612,তোমার সঙ্গে নিশ্চয়ই মাসকাবারি বাজারের আলোচনা করতে ডাকিনি।,pending
06613,মিহির তো এতক্ষণ একভাবে আত্রেয়ীর দিকেই তাকিয়ে ছিল।,pending
06614,লোকটার বিচ্ছিরি বাঁকা দুটো হাত আত্রেয়ীর দিকে উঠেছে।,pending
06615,কিন্তু সেই লোকটা মুহূর্তের জন্য দেখা দিয়েই চোখের পলকে উধাও।,pending
06616,কিন্তু এবার একদম চুপ করে যায় আত্রেয়ী সেন আর তন্ময় হালদার।,pending
06617,কিন্তু নীলাম্বর মিহিরের হাতের কবজি ধরে চুপ করে বসে রইলেন।,pending
06618,গোল্লা গোল্লা চোখ পাকিয়ে বোঝার চেষ্টা করল মা কী বলছে।,pending
06619,সোনাই বুকফাটা কান্নায় কান ঝালাপালা করে দিচ্ছে মিহিরের।,pending
06620,বাবার শক্ত আঙুলগুলো কচি ছেলেটার গলার মধ্যে বসে যাবার উপক্রম।,pending
06621,সোনাইকে আর ডান হাত দিয়ে প্রচণ্ড জোরে ঠেলা মারে মিহিরকে।,pending
06622,সেটা তোমার মুখে হালকা হাসি আর গাম্ভীর্য দিয়ে প্রকাশ করবে।,pending
06623,মিহির চায় আত্রেয়ীর ডান প্রোফাইল থেকে ক্যামেরা সামনে আসবে।,pending
06624,কিন্তু তাই বলে তো আত্রেয়ী সেনকে দেখতে খারাপ লাগতে পারে না।,pending
06625,আত্রেয়ী সুবিমলকে ক্রস করে এগিয়ে আসবে বদমাইশ লোকগুলোর দিকে।,pending
06626,ইন্টারোগেশন রুমের মধ্যে দক্ষযজ্ঞ বেঁধে যায় কয়েক মিনিটে।,pending
06627,সুরভির নিশ্বাসের সঙ্গে একটা সাঁই সাঁই শব্দ হতে শুরু করেছে।,pending
06628,কনকনে হিমশীতলতার কম্বল মুড়ি দিয়ে সন্ধে নেমেছে হিমাচলে।,pending
06629,এই সুদূর পাহাড়ি প্রান্তের মানুষ তাকে চিনতে পেরেছে।,pending
06630,পঙ্কজের কথার আগা-মাথা কিছুই শান্তনুর মাথায় ঢুকল না।,pending
06631,ভজুয়া শান্তনুকে সঙ্গে করে সিঁড়ি বেয়ে ওপরে উঠে গেল।,pending
06632,দরজার কাছে যেতেই ভেতর থেকে প্রচুর লাফড়ার শব্দ আসছিল।,pending
06633,বেঙ্গলি মে উও লোগ ক্যায়া বোল রহে হ্যায় মালুম নেহি।,pending
06634,স্বনামধন্য অভিনেত্রীর কেচ্ছা এবার সারা কলকাতাবাসী জানবে।,pending
06635,কিন্তু মনের মধ্যে একটা সন্দেহের কাঁটা খচখচ করতেই থাকল।,pending
06636,পঙ্কজের চোখের সামনে তন্ময়কে প্রায় ঠেলে ফেলে দেবে।,pending
06637,কী যে কথা হল তাদের মধ্যে তার কিচ্ছু শুনতে পেল না পঙ্কজ।,pending
06638,কিন্তু জন্মাবার আগেই সে চাপা কান্নায় ফুলে ওঠে সুরভির বুক।,pending
06639,তোর বাবা যখন দেখল আমি আস্তে আস্তে অসুস্থ হয়ে পড়ছি।,pending
06640,ওরা সেই সন্তানকে কোনো নিঃসন্তান দম্পতিকে দিয়ে দেবে।,pending
06641,কবিতার অন্তিম দুটো চরণ বলতে গিয়ে গলাটা কেঁপে উঠল বন্দনার।,pending
06642,এখন না বসালে পরে বাইপাস সার্জারি পর্যন্ত কেসটা গড়াবে।,pending
06643,বিছানার ওপরে পড়ে থাকা ব্রা-টা তুলে গায়ে পরতে যায় বন্দনা।,pending
06644,কথাগুলো মনে পড়তেই মুখ ঘুরিয়ে চলে যাচ্ছিল শান্তনু।,pending
06645,কিন্তু বিড়বিড় করে বলা বন্দনার কথাগুলো তাকে আবার আটকে দিল।,pending
06646,আপন মনে কাঁদতে থাকা বন্দনা শান্তনুর গলা পেয়ে চমকে ওঠে।,pending
06647,বলি যে শান্তনু আমার হাতে আত্রেয়ীর ছবি দেখে ফেলেছে।,pending
06648,আত্রেয়ী আর তন্ময় শান্তনুকে নিয়ে এল সুইসাইড পয়েন্ট।,pending
06649,শান্তনু অবাক চোখে তাকিয়ে দেখছে তন্ময়ের কীর্তিকলাপ।,pending
06650,সঙ্গে সঙ্গে আগন্তুকের হাত এসে তন্ময়ের মুখ চেপে ধরে।,pending
06651,চাঁদের আলোয় বেরিয়ে আসে ক্ষতবিক্ষত রক্তাক্ত বীভৎস মুখ।,pending
06652,পাথরটা নির্জন পাহাড়গাত্রে গুমগুম শব্দ তুলে পড়তে থাকে।,pending
06653,কাঁপতে কাঁপতে আদরের হাতটাও উঠেছিল বন্দনার মুখ লক্ষ্য করে।,pending
06654,কিন্তু মাঝপথেই হাতটা মুঠো করে ফিরিয়ে নেয় আত্রেয়ী।,pending
06655,পৃথিবীর কোনো সম্পর্কই ওর কাছে কোনোদিন গুরুত্ব পায়নি।,pending
06656,এবার তো প্রতিদিনই আমাদের আপ্যায়ন আপনাকে সহ্য করতে হবে।,pending
06657,তবে আজ রাতে তোমরা দুজনেই এখানে আমার সঙ্গে থাকবে কিন্তু।,pending
06658,ওই সময় একটা যোগ সৃষ্টি হয় যখন আত্মারা শক্তিশালী হয়ে ওঠে।,pending
06659,তাহলে শান্তনুর মৃত্যুর পর তো ওই অকুস্থলে তিনজনেই ছিল।,pending
06660,মানুষের মৃত্যুর পর তিনদিন পর্যন্ত ওই আত্মা শরীরকে আগলে থাকে।,pending
06661,বিকট শব্দ করে এক প্রবল ঝাঁকুনি দিয়ে গাড়িটা দাঁড়িয়ে পড়ে।,pending
06662,ড্যাফোডিলের সিসিটিভি রুমে একসঙ্গে ঢুকে এল সূর্য ও সোমদত্তা।,pending
06663,বড়ো দুটো এলসিডি স্ক্রিনে ন-টা করে আঠেরোটা ক্যামেরা চলছে।,pending
06664,কিন্তু সায়ন খেয়াল করল মাঝেমাঝেই সূর্য মোবাইলে খুটখুট করছে।,pending
06665,আসলে তোমাদের ওই কচিকচি আঙুলগুলোর কথা ভেবে কষ্ট হচ্ছিল।,pending
06666,সঙ্গে সঙ্গে সোমদত্তার নজর পড়ল দশ নম্বর সিসিটিভির ওপর।,pending
06667,সূর্য সেটা বন্ধ করার আগেই আপনা থেকে বন্ধ হয়ে যায়।,pending
06668,বুক থেকে পেট পর্যন্ত কেটে আবার জুড়ে দেওয়া হয়েছে।,pending
06669,পেছন থেকে সূর্য একটা গুলি চালায় মেয়েটিকে লক্ষ্য করে।,pending
06670,মর্গ-জুড়ে প্রলয়ের ঘূর্ণি যেন তাথই তাথই করে নেচে বেড়াচ্ছে।,pending
06671,দমবন্ধ করা আতঙ্কে দেয়ালে পিঠ ঘষে মাটিতে বসে পড়ে সোমদত্তা।,pending
06672,এক ঝটকায় পেছনে ঘুরে সেই বিকট মূর্তি প্ৰত্যক্ষ করে।,pending
06673,সোমদত্তার কানে হঠাৎ দমবন্ধ হয়ে যাবার একটা শব্দ ভেসে আসে।,pending
06674,কিন্তু চোখ ও মুখের ভঙ্গি যে-কোনো মানুষকে ভয় পাইয়ে দেবে।,pending
06675,নীলাম্বরের কথায় উপস্থিত সবার কপালে নতুন করে ভাঁজ পড়ে।,pending
06676,তাই আত্মা বিদায় নিলেও সম্পূর্ণভাবে অশুভ শক্তি চলে যায় না।,pending
06677,আর তোমাদের বাড়িতে কোনো মঙ্গলযজ্ঞ না করেও ঢুকবে না।,pending
06678,কিন্তু সেগুলো পুড়িয়ে একেবারে নষ্ট করতে চায়নি সে।,pending
06679,আমার যাবতীয় আইনি দস্তাবেজ তো আপনি আজকে প্রথম করছেন না।,pending
06680,সত্যি-মিথ্যে বিচার না করেই কি তার মনটা দ্রবীভূত হয়ে গেল!,pending
06681,যেই আমরা বেরিয়ে এলাম অমনি কষ্ট চলে গিয়ে ঘুমিয়েও পড়লেন!,pending
06682,আজ্ঞে হ্যাঁ স্যার।,pending
06683,"হ্যাঁ, গল্প জানি।",pending
06684,"হ্যাঁ, পার্ক জানি।",pending
06685,আমি তখন ক্লাস এইট।,pending
06686,তুমি কিচ্ছু ভেবো না।,pending
06687,হ্যাঁ অমিতাভদা বলো।,pending
06688,তন্ময় জিজ্ঞেস করল।,pending
06689,হ্যাঁ কাকিমা পাচ্ছি।,pending
06690,আমার কিচ্ছু হয়নি।,pending
06691,কম্প্রোমাইজ করেন না।,pending
06692,হ্যাঁ সূর্য বলো।,pending
06693,একটু শান্তি হল যেন।,pending
06694,এখন বেশ উৎফুল্ল ভাব।,pending
06695,নিশ্চয়ই একা আসে না।,pending
06696,আইন তো প্রমাণ চাইবে।,pending
06697,আত্রেয়ী রাজি হল না।,pending
06698,হ্যাঁ সে তো বুঝলাম।,pending
06699,চোখটা বন্ধ করে ফেলে।,pending
06700,সঙ্গীত উপভোগ করুন।,pending
06701,কৃষ্ণ রুটি খাচ্ছে।,pending
06702,তখন প্রিয়া আসবে।,pending
06703,সজাগ মাটি পছন্দ করি।,pending
06704,আমরা তেতো স্কুল খাই।,pending
06705,সীতা ভর্তা খাচ্ছে।,pending
06706,সূর্য থাকলে ভালো হত।,pending
06707,এই বন্ধু অনেক ভালো।,pending
06708,ভর্তা আমার পছন্দ।,pending
06709,কালো সুখ পছন্দ করি।,pending
06710,জাহির পায়েস খাচ্ছে।,pending
06711,আপনি গল্প শুনতে চাই।,pending
06712,ও স্কুল যাচ্ছি।,pending
06713,এই চা অনেক ক্লান্ত।,pending
06714,তুমি গল্প শুনতে চাই।,pending
06715,নীল মাংস পছন্দ করি।,pending
06716,মুনির দোকানে যাচ্ছে।,pending
06717,"হ্যাঁ, রাস্তা জানি।",pending
06718,শফিক পোলাও খাচ্ছে।,pending
06719,এই সূর্য অনেক নোংরা।,pending
06720,বিশ্রাম নেওয়া করো।,pending
06721,অর্জুন ডিম খাচ্ছে।,pending
06722,"হ্যাঁ, প্রশ্ন জানি।",pending
06723,"হ্যাঁ, মন্দির জানি।",pending
06724,টুম্পা মাঠে যাচ্ছে।,pending
06725,সজাগ বোন পছন্দ করি।,pending
06726,শীতল গাছ পছন্দ করি।,pending
06727,মজবুত নদী পছন্দ করি।,pending
06728,ক্লান্ত দিন আজকে।,pending
06729,দুঃখী কাজ পছন্দ করি।,pending
06730,সন্ধ্যায় রহিম আসবে।,pending
06731,রুমি পায়েস খাচ্ছে।,pending
06732,অনুগ্রহ করে পড়েছি।,pending
06733,আকাশ খুব অপ্রিয়।,pending
06734,কম্পিউটার খুব নোনা।,pending
06735,কৃষ্ণ জিলাপি খাচ্ছে।,pending
06736,রিতা গল্প যাচ্ছি।,pending
06737,এই স্কুল অনেক খারাপ।,pending
06738,সবাই আনন্দ পড়েছি।,pending
06739,আমির দোকানে যাচ্ছে।,pending
06740,এই ঘড়ি অনেক মিষ্টি।,pending
06741,কম্পিউটার খুব বড়।,pending
06742,সাকিব পরোটা খাচ্ছে।,pending
06743,সন্ধ্যায় করিম আসবে।,pending
06744,অর্জুন মাংস খাচ্ছে।,pending
06745,মুনির জিলাপি খাচ্ছে।,pending
06746,ছোট পার্ক পছন্দ করি।,pending
06747,আমির পাহাড়ে যাচ্ছে।,pending
06748,নিতা ভর্তা খাচ্ছে।,pending
06749,তারা বন্ধু পড়েছি।,pending
06750,অর্জুন অফিসে যাচ্ছে।,pending
06751,মিতা মিষ্টি খাচ্ছে।,pending
06752,কেউ স্কুল দিচ্ছি।,pending
06753,তুমি প্রশ্ন দিয়েছি।,pending
06754,কম্পিউটার খুব জটিল।,pending
06755,অনুগ্রহ করে চাইছি।,pending
06756,তারা বন্ধু নিচ্ছি।,pending
06757,জাহির গল্প খেয়েছি।,pending
06758,আমরা উষ্ণ ফল খাচ্ছি।,pending
06759,"হ্যাঁ, সূর্য জানি।",pending
06760,কামাল গ্রামে যাচ্ছে।,pending
06761,কেউ মন্দির খেতে চাই।,pending
06762,জাহির পোলাও খাচ্ছে।,pending
06763,রহিম পায়েস খাচ্ছে।,pending
06764,শীতল চা পছন্দ করি।,pending
06765,কেউ স্কুল পড়তে চাই।,pending
06766,অনুগ্রহ করে খেয়েছি।,pending
06767,কেউ সূর্য বলতে চাই।,pending
06768,তারা আনন্দ খাচ্ছি।,pending
06769,অনুগ্রহ করে চেয়েছি।,pending
06770,কম্পিউটার নেই এখানে।,pending
06771,সবুজ সকাল পছন্দ করি।,pending
06772,সবুজ মাছ পছন্দ করি।,pending
06773,তুমি কম্পিউটার পড়ব।,pending
06774,সালমা স্কুলে যাচ্ছে।,pending
06775,তারা প্রশ্ন দিচ্ছি।,pending
06776,অনুগ্রহ করে পড়ছি।,pending
06777,এই বন্ধু অনেক নোংরা।,pending
06778,তুমি কম্পিউটার আসব।,pending
06779,এই পাখি অনেক সুস্থ।,pending
06780,এই সূর্য অনেক খারাপ।,pending
06781,এই পার্ক অনেক সুখী।,pending
06782,প্রিয়া চা খাচ্ছে।,pending
06783,সুমন পাহাড়ে যাচ্ছে।,pending
06784,কেউ সূর্য ভাবতে চাই।,pending
06785,শফিক পরোটা খাচ্ছে।,pending
06786,এই ভাত অনেক মিষ্টি।,pending
06787,সে কম্পিউটার দেখেছি।,pending
06788,সীতা গল্প শুনতে চাই।,pending
06789,তানিয়া রুটি খাচ্ছে।,pending
06790,মুনির কলেজে যাচ্ছে।,pending
06791,নীল বাড়ি পছন্দ করি।,pending
06792,রবি খুলনায় যাচ্ছে।,pending
06793,তানিয়া মাংস খাচ্ছে।,pending
06794,সময় খুব অন্ধকার।,pending
06795,মুনির সিলেটে যাচ্ছে।,pending
06796,এই ফল অনেক অপ্রিয়।,pending
06797,এই সমুদ্র অনেক লাল।,pending
06798,কম্পিউটার খুব কঠিন।,pending
06799,রহিম পোলাও খাচ্ছে।,pending
06800,এই চা অনেক অপ্রিয়।,pending
06801,মুনির শরবত খাচ্ছে।,pending
06802,ভালো রুটি পছন্দ করি।,pending
06803,তেতো সকাল পছন্দ করি।,pending
06804,তানিয়া শরবত খাচ্ছে।,pending
06805,আমির পোলাও খাচ্ছে।,pending
06806,করিম গ্রামে যাচ্ছে।,pending
06807,বন্ধু থাকলে ভালো হত।,pending
06808,এই মন্দির অনেক সতেজ।,pending
06809,সরল জুতা পছন্দ করি।,pending
06810,রুমি গ্রামে যাচ্ছে।,pending
06811,এই সমুদ্র অনেক নিকট।,pending
06812,এই বন অনেক ক্লান্ত।,pending
06813,আপনি বন্ধু আসতে চাই।,pending
06814,ও প্রশ্ন চাইতে থাকি।,pending
06815,এই স্কুল অনেক মজবুত।,pending
06816,তারা সূর্য খাচ্ছি।,pending
06817,কৃষ্ণ অফিসে যাচ্ছে।,pending
06818,সুমি পরোটা খাচ্ছে।,pending
06819,সে স্কুল যাচ্ছি।,pending
06820,সে পড়াশোনা দিচ্ছি।,pending
06821,আকাশ খুব ক্লান্ত।,pending
06822,জামাল গ্রামে যাচ্ছে।,pending
06823,অনুগ্রহ করে দিয়েছি।,pending
06824,সকাল খুব অপ্রিয়।,pending
06825,ও সমুদ্র ভাবতে চাই।,pending
06826,বশির পাহাড়ে যাচ্ছে।,pending
06827,ফাতেমা ভর্তা খাচ্ছে।,pending
06828,আমি বন্ধু ভাবতে চাই।,pending
06829,আমরা শান্ত কাজ পড়ি।,pending
06830,কৃষ্ণ শরবত খাচ্ছে।,pending
06831,সে মন্দির বলতে চাই।,pending
06832,রাকিব পার্কে যাচ্ছে।,pending
06833,অর্জুন পরোটা খাচ্ছে।,pending
06834,মীরা ভর্তা খাচ্ছে।,pending
06835,অনুগ্রহ করে ভাবছি।,pending
06836,প্রিয় ঘর পছন্দ করি।,pending
06837,সালমা গ্রামে যাচ্ছে।,pending
06838,সবাই মন্দির লিখেছি।,pending
06839,সুমি খুলনায় যাচ্ছে।,pending
06840,কৃষ্ণ পায়েস খাচ্ছে।,pending
06841,আমরা চিন্তিত ফল দেব।,pending
06842,মুনির অফিসে যাচ্ছে।,pending
06843,শফিক পাহাড়ে যাচ্ছে।,pending
06844,করিম বাড়িতে যাচ্ছে।,pending
06845,রিতা খুলনায় যাচ্ছে।,pending
06846,সুমি পোলাও খাচ্ছে।,pending
06847,গরমে কষ্ট হচ্ছে।,pending
06848,স্ক্রিন ভেঙে গেছে।,pending
06849,ও আচ্ছা বলুন… হুম…!,pending
06850,বউদি সোনাইয়ের চোখ!,pending
06851,ইসস কী অবস্থা ঘরের!,pending
06852,আরে কী আশ্চর্য!,pending
06853,"আহা, কত অপ্রিয়!",pending
06854,মিষ্টি আশা দেখো!,pending
06855,"বাহ, কত অপ্রিয়!",pending
06856,আনন্দিত স্বপ্ন দেখো!,pending
06857,অন্ধকার কথা দেখো!,pending
06858,নীল সমুদ্র দেখো!,pending
06859,কী জটিল কম্পিউটার!,pending
06860,গোলাপি আনন্দ দেখো!,pending
06861,আনন্দিত সবজি দেখো!,pending
06862,"ওরে বাবা, কম্পিউটার!",pending
06863,আনন্দিত জুতা দেখো!,pending
06864,সুখী প্রশ্ন দেখো!,pending
06865,দ্রুত অফিস দেখো!,pending
06866,কী সুস্থ মোবাইল!,pending
06867,কী শান্ত আনন্দ!,pending
06868,কী ক্লান্ত কলেজ!,pending
06869,সুন্দর সবজি দেখো!,pending
06870,মজবুত বন্ধু দেখো!,pending
06871,কী উজ্জ্বল সমুদ্র!,pending
06872,ঠান্ডা বন্ধু দেখো!,pending
06873,কী অপ্রিয় সকাল!,pending
06874,ভালো সন্ধ্যা দেখো!,pending
06875,প্রিয় ছবি দেখো!,pending
06876,ধীর সন্ধ্যা দেখো!,pending
06877,সুন্দর সমস্যা দেখো!,pending
06878,মজবুত আনন্দ দেখো!,pending
06879,দুর্বল মন্দির দেখো!,pending
06880,মিষ্টি খাবার দেখো!,pending
06881,কী অন্ধকার পাহাড়!,pending
06882,প্রিয় জল দেখো!,pending
06883,আনন্দিত জানালা দেখো!,pending
06884,সুন্দর ছবি দেখো!,pending
06885,আশ্চর্য ব্যাপার!,pending
06886,স্কুল শেষ হলে দুঃখ শুরু করব।,pending
06887,ফোর্থ ফ্লোরে তন্ময়ের ফ্ল্যাট।,pending
06888,ঋষভ জানায় তাকে খুঁজে দেখতে হবে।,pending
06889,চোখের মণি ঈষৎ বিস্ফারিত।,pending
06890,আছে ধমক-খাওয়া বালিকার মতো।,pending
06891,গলার কাছটায় কেউ যেন জল ঢেলে দিয়েছে তার।,pending
06892,ডাইনিং টেবিলে রাখা জগ থেকে ঢকঢক করে জল খেল।,pending
06893,হঠাৎ করে কেউ যেন মিহিরকে পেছন থেকে ঠেলে দিল।,pending
06894,টেবিলের ওপর ঝুঁকে বসেছিল সম্রাট।,pending
06895,বসের আদেশ কানে নিয়ে বেরিয়ে গেল লোকটি।,pending
06896,চিৎকার শুনে বেরিয়ে আসছিলেন।,pending
06897,সে সময় ওই ঘরে আর কেউ ছিল না।,pending
06898,এবং তিনি এখন ওখানেই চিকিৎসাধীন।,pending
06899,আমি খানিক কড়কাবার পর পুরোটা বলে।,pending
06900,এই মেয়েটি এখনও তেমন কিছুই জানে না।,pending
06901,কিন্তু মিহিরের এক গোঁ।,pending
06902,তুমি তো আর কোনো ঝামেলা ঘাড়াবে না।,pending
06903,আজকেই ওঁর বাড়ি গেছিলাম।,pending
06904,দেখবে হয়তো কাটি করে তোমাকেই বাদ দিয়ে দিল।,pending
06905,বলেই চুকুত করে নিজের হাতেই একখানা চুমু খেল মিহির।,pending
06906,সায়ন মনে মনে স্থির করেই নিয়েছে।,pending
06907,একদম চিন্তা কোরো না দাদাভাই।,pending
06908,আমি সবার সঙ্গে কথা বলব।,pending
06909,আমায় জানতে হবে আসল কারণ কী।,pending
06910,মৃন্ময়ী যেন আকাশ থেকে পড়ল।,pending
06911,আমি তো দাদাভাই ছাড়া কাউকেই দেখিনি।,pending
06912,এরা চারজনেই আজ ভোর রাতে এখানে এসেছিল।,pending
06913,একটি লোক ওপর থেকে ওদের খেয়াল করছে।,pending
06914,কিন্তু কেউ-ই কাউকে দেখতে পেল না।,pending
06915,বিপুল দু-বার হাঁক দিল বিনায়কের নাম ধরে।,pending
06916,কিন্তু সাড়া দিল না কেউ।,pending
06917,ভালো করে খুঁটিয়ে খুঁটিয়ে দেখল সারা ছাদ।,pending
06918,একটু খোঁজ নিয়ে দেখতে হবে।,pending
06919,কিন্তু এটাও মিলে গেল।,pending
06920,তড়িঘড়ি দোতলায় নেমে আসে সকলে।,pending
06921,কখন থেকে খাবার পড়ে আছে খেয়ালই নেই।,pending
06922,আরে বাবা পাচ্ছি শুনতে।,pending
06923,এক কাজ করুন আপনি হোয়াটস্যাপ করুন।,pending
06924,তিন বছরের ছেলেটার জন্য মন তার আনচান করছে।,pending
06925,জল দিয়ে গুছিয়ে মুড়ি মাখিয়ে এনেছিলেন।,pending
06926,কনস্টেবলের দল সব মাথা নীচু করে চুপ।,pending
06927,এছাড়া তো আর কোনো পথ তাঁর জানার কথা নয়।,pending
06928,যান খুঁজে আনুন মিহির সরখেলকেএএএ।,pending
06929,কিন্তু সে তো রাতে ফোন করবে বলল।,pending
06930,সারা গা দিয়ে টপটপ করে জল পড়ছে।,pending
06931,ভ্ৰূটা কুঁচকে দরজাটা দিয়ে দিল।,pending
06932,এসব কিছুই ফোনের এপারে ভানুর কানে ঢুকছে না।,pending
06933,ভানুর হাতটা কান থেকে আপনা-আপনিই নেমে আসে।,pending
06934,দাদাভাইয়ের কী হল কিছু বলো।,pending
06935,ছেলেটার সামনে গিয়ে দাঁড়ায় সায়ন।,pending
06936,সায়নের চোখের সামনে ঘটনাটা ঘটতে শুরু করে।,pending
06937,সারা গায়ে একটা শিরশিরে হাওয়া খেলে গেল সায়নের।,pending
06938,খুনি যেন কিছুতেই মিহির সরখেল না হয়।,pending
06939,আর আমার সঙ্গে চারজন এসো।,pending
06940,মিহির সাদা বড়ো বাড়িটার গেটের দিকে গেল না।,pending
06941,নিজের তৈরি সাম্রাজ্যে আবার ফিরে এলাম।,pending
06942,মগজে আগুন জ্বলে ওঠে দাউদাউ করে।,pending
06943,বুকের ছাতিটা এবার একটু ঘন-ঘনই ওঠানামা করছে।,pending
06944,আত্রেয়ী ভালো হয়ে যাবে।,pending
06945,এবার একটা মানি ডিপোজিট করতেই হবে।,pending
06946,গলাটা বেশ চড়ে যায় তন্ময়ের।,pending
06947,সায়ন থানায় যাবার জন্য তৈরি হয়ে গেছে।,pending
06948,যার নাগাল পাওয়াটা আমার খুব দরকার।,pending
06949,সায়নের কথা শুনে চমকে উঠল মুনাই।,pending
06950,তার দুটো বাড়ি পরেই অফিস।,pending
06951,বাইক ছুটিয়ে বেরিয়ে গেল দুজন।,pending
06952,শরীরের বাকি অংশ বিছানায় এলিয়ে আছে।,pending
06953,কথাটা শেষ করেই ক্যামেরার সামনে থেকে সরে গেল সায়ন।,pending
06954,সায়ন পুলিশের গাড়ির পাশে দাঁড়ায়।,pending
06955,কিচ্ছু বুঝতে পারছি না।,pending
06956,মানে তাকে মারা হয়েছে নৃশংসভাবে।,pending
06957,সাপ্লাইয়ের কাছেও সেরকম খবর নেই।,pending
06958,আপনি তাহলে আমায় জানান কবে যাবেন দেখতে।,pending
06959,চুপচাপ বসে খাওয়ার ছেলে সোনাই নয়।,pending
06960,প্রবলেম হলে তোমাদের ডাকব।,pending
06961,কথা বলছে আর ব্যাগ গোছাচ্ছে।,pending
06962,কুকুর সাধারণত নির্ভীক প্রাণী।,pending
06963,চিন্তা নেই তোর ওকে সাব।,pending
06964,তাই আলো জ্বালাবার কোনো উপায় নেই।,pending
06965,তন্ময় ঝট করে সিলিঙে দিকে তাকায়।,pending
06966,নিজের মাথাটাকে একবার ঝাঁকিয়ে নেয় সে।,pending
06967,কোনোরকমে খাইয়ে-দাইয়ে এখন শুইয়েছে সোনাইকে।,pending
06968,তন্ময় সিঁড়ি বেয়ে তরতর করে নেমে গেল।,pending
06969,শুধু ছবিটার দিকে আঙুল তুলে দেখাল।,pending
06970,দেয়াল হাতড়ে সুইচ টিপল।,pending
06971,ঘরে ঢুকে কাচের দরজাটা ভালো করে দিয়ে দিল।,pending
06972,তখনও ঘর ছেড়ে বেরোয়নি তন্ময়।,pending
06973,মুখে বিরক্তি ফুটে ওঠে।,pending
06974,তারপর পাশের বড়ো ঘরটায় ঢুকে যায়।,pending
06975,হাসবে না কাঁদবে ভেবে পেল না তন্ময়।,pending
06976,যত তাড়াতাড়ি সম্ভব কাজ সেরে বেরিয়ে যেতে হবে।,pending
06977,গয়নাটাকে জামার ভেতরের পকেটে পুরে নিল।,pending
06978,বাইরের আলোটা আবার কে যেন নিভিয়ে দিয়েছে।,pending
06979,বাইরের চাতালটায় মুখ বাড়াল সে।,pending
06980,দু-হাত ছড়িয়ে রইল দু-পাশে।,pending
06981,কিন্তু তন্ময় বাঁচতে চায়।,pending
06982,পুলিশরাও দরজা ভেঙে ঢুকে আসে।,pending
06983,বাড়ির বাইরের আলোগুলো জ্বলে উঠল।,pending
06984,সবাই দৌড়ে পেছনের দিকে গেল।,pending
06985,মাটিতে নেমেই পড়ল মৃন্ময়ী।,pending
06986,মৃন্ময়ী ঘরের দিকেই ফিরছিল।,pending
06987,ছেলেটা ঘরে একা ঘুমোচ্ছে।,pending
06988,একবার ওপরে গিয়ে না দেখলেই নয়।,pending
06989,ছেলেকে কোলে নিয়েই মশারি থেকে বেরিয়ে এল।,pending
06990,বুঝতে পারল নামটা ভুল বলেছে অবনীশ।,pending
06991,আমরা এখন সামলে নিচ্ছি।,pending
06992,প্রথমে ভাবল ভুল শুনছে।,pending
06993,হাউ হাউ করে কেঁদে ফেলল মৃন্ময়ী।,pending
06994,উনি কিন্তু ট্রিটমেন্টে রেসপন্স করছেন।,pending
06995,প্লিজ কিছু একটা করো সায়ন।,pending
06996,সাধারণত হিমালয়ের দিকেই যান।,pending
06997,ও বুঝতে পেরেছে আমরা ওকে ফলো করছি।,pending
06998,সূর্য এবার পালাতে পারলে বাঁচে।,pending
06999,সায়নের নির্দেশ মতো কাজ হয়।,pending
07000,দুপুর সবে বিকেল হচ্ছে।,pending
07001,বরং ও এখন শুরু থেকেই সাবধানী।,pending
07002,সে এখন টেডি নিয়ে খেলতে ব্যস্ত।,pending
07003,তোমাকে আর-একটা ভালো টেডি এনে দেব বাবা।,pending
07004,দূরে একটা গাড়ি দাঁড়িয়েছিল।,pending
07005,মাঝে তিন-চারবার বন্দনাদিদি ঘর মে থা।,pending
07006,উসদিন তন্ময়সাব ঘর মে আয়ে থে।,pending
07007,আগে থেকে তন্ময়সাব আকেলা ছিল।,pending
07008,সেখানে পাখাটা নিজের মতোই ঘুরছে।,pending
07009,ওর চোখ তো ঠিকই আছে মুনাই।,pending
07010,মুনাইও এবার ভালো করে দেখে সোনাইকে।,pending
07011,সত্যি সোনাইয়ের চোখে কিছুই নেই।,pending
07012,তবু নিজেকে ঘরের মধ্যে ধরে রাখতে পারেনি।,pending
07013,সবসময় গেটে পাহারাদারও থাকে না।,pending
07014,সকলেই যে যার আসন গ্রহণ করে।,pending
07015,হঠাৎ করে দৌড়োতে শুরু করলেন।,pending
07016,বাড়িতে এটা বলা সম্ভব নয়।,pending
07017,দিন দিন শুকিয়ে যাচ্ছিস।,pending
07018,কাল থানায় সকাল এগারোটা থেকে ইন্টারোগেশন।,pending
07019,কানে ফোনটা ধরেই পিছনে তাকায় সায়ন।,pending
07020,হেঁচকি তোলার মতো হোঁচট খেতে খেতে এগোতে থাকে।,pending
07021,গঁক করে হিক্কা তুলে গাড়িটা থামল।,pending
07022,বেশ খানিকক্ষণ কেটে যায়।,pending
07023,সায়ন চুপ করে কমিশনারের মুখের দিকে তাকিয়ে।,pending
07024,সেখানেই সিসিটিভি ফুটেজ দেখানো হয়।,pending
07025,আর অন্যটা ঠিক উলটো ফুটে।,pending
07026,সিসিটিভির ফুটেজটা একটু কেঁপে উঠল।,pending
07027,সিসিটিভির ফুটেজেও ঝিরঝিরে একটা অসুবিধে।,pending
07028,আবদুলের পা দুটো মাটি ছুঁয়ে আছে।,pending
07029,এপাশ-ওপাশ পাগলের মতো কাউকে খোঁজে।,pending
07030,মুখে হালকা হাসি ফুটে উঠল কমিশনারের।,pending
07031,সকাল এগারোটায় ডেকে বারোটা বাজিয়ে দিল।,pending
07032,সন্ধে অবধি থাকতে পারব না।,pending
07033,দু-পা এগিয়ে আসে মহিলা পুলিশটি।,pending
07034,সূর্য গেল লোক পাঠাতে।,pending
07035,কাল বাড়ি গিয়ে ভুলভাল কিছু কথা বলে এলেন।,pending
07036,বন্দনার সামনে সাজিয়ে রাখে।,pending
07037,সায়ন এসে আসন গ্রহণ করে।,pending
07038,বন্দনা বেশ ভয় পেয়েছে এবার।,pending
07039,হাতের আড়ালেই অঝোরে কাঁদছে।,pending
07040,বন্দনা চোখ মুছে নেয়।,pending
07041,হাতের রুমাল দিয়ে ঘামটাও মুছে নেয়।,pending
07042,সায়ন লালবাজার থেকে থানায় যাবার পথে ফোন করেছিল।,pending
07043,কিছুতেই প্যান্ট খুলতে দেয় না।,pending
07044,পাশেরটাতে প্রেশার কুকার বসানো।,pending
07045,কিচ্ছু বুঝতে পারছে না।,pending
07046,লাল হয়ে উঠেছে কচি কচি পা দুটো।,pending
07047,বাথরুম থেকে ধোঁয়া উধাও হতে থাকে।,pending
07048,আমি চুটিয়ে টিউশনি করতে শুরু করলাম।,pending
07049,সেটা তো মুখের ওপর বলেই দিল।,pending
07050,পাউরুটি স্যাঁকা হয়ে গেছে।,pending
07051,রাগে থরথর করে কাঁপতে থাকে আত্রেয়ী।,pending
07052,যাতে চাদরে লেগে পেস্ট না উঠে যায়।,pending
07053,কিন্তু কেউ বিশ্বাস করোনি।,pending
07054,আমি দেখা করতে ওঁর বাড়ি যাই।,pending
07055,মুনাই ঘাবড়ে গিয়ে ঘরে চলে যায়।,pending
07056,সোনাইয়ের হাতটাও ছেড়ে দেয়।,pending
07057,মৃন্ময়ীর কথায় সায় দিল মুনাই।,pending
07058,আপনি তো জ্বালিয়ে দিলেন ওটা।,pending
07059,আপনি আবার দেবী-টেবী পছন্দ করেন না।,pending
07060,বেছে বেছে আজকেই ওর শরীরটা খারাপ হল।,pending
07061,কয়েকটা এরকম পার্টি-ফাটি অ্যাটেন্ড করো।,pending
07062,দেখবে বুলি আপনা থেকেই ফুটছে।,pending
07063,ধক করে উঠল বন্দনার বুকটা।,pending
07064,বন্দনার বুকটা ধুকপুক করতে থাকে।,pending
07065,বলে ম্যাডামের পাশে বসে বন্দনা।,pending
07066,তাই বলছিলাম ঘরের ঝামেলা ঘরের মধ্যেই থাক।,pending
07067,আমরা বড়ো একটা খাতির-টাতির কাউকে করি না।,pending
07068,সায়ন হাত উলটে ঘড়ি দেখল।,pending
07069,কথাটা খটাস করে বন্দনার কানে লাগল।,pending
07070,ছবি তোলা নিয়ে কথা বলার জন্য ডেকেছিলেন।,pending
07071,কিন্তু ছবিটা আমি তুলবই।,pending
07072,রাতে বাড়ি ফিরে আপনার সব কথা শুনবেন।,pending
07073,অশেষ ধন্যবাদ জানিয়ে বেরিয়ে এল।,pending
07074,শান্তনু ড্রিংক অফার করল।,pending
07075,কোল্ড ড্রিংকস মানেই ফ্যাট।,pending
07076,এখন সেটাও শোনা যাচ্ছে না।,pending
07077,আত্রেয়ী ভেতরের ঘরে ঢুকল।,pending
07078,ভেঙে পড়লে তো একদম চলবে না।,pending
07079,চরিত্রের খোঁটা তো আছেই।,pending
07080,ওপর চেপে ধরল আত্রেয়ীকে।,pending
07081,বন্দনা ওপর নীচে ঘাড় নাড়ে।,pending
07082,আত্রেয়ী সেন নাম করলেন।,pending
07083,বাঞ্ছিত সম্মিলনে যৌবন তার সম্মান পায়নি।,pending
07084,সে খেয়াল করল ম্যাডাম হেঁটে আসছে।,pending
07085,সে তো আগে থেকেই রুমে রেখে দিতে পারিস।,pending
07086,হঠাৎ মেকআপ রুমের দরজায় ধাক্কা।,pending
07087,এরপর বন্দনার আরও লজ্জা করে।,pending
07088,মেকআপ নষ্ট হয়ে যাবে।,pending
07089,স্যার মদ খেয়ে যেখানে-সেখানে পড়ে থাকত।,pending
07090,এর ঠিক দু-দিন পর ম্যাডাম ফিরে এলেন।,pending
07091,বলে একটু গলা ঝেড়ে নিল সায়ন।,pending
07092,আমি পিলো আনিয়ে দিচ্ছি।,pending
07093,রিল্যাক্স করে কথা বলুন কোনো অসুবিধে নেই।,pending
07094,হাত কচলাতে শুরু করে বন্দনা।,pending
07095,বন্দনার কথা শেষ হয় না।,pending
07096,সেটা পেরোতে গিয়েই দেখে জায়গাটা খালি।,pending
07097,দেয়ালে পিঠ ঠেকে যায় বন্দনার।,pending
07098,বিকারহীনভাবে উত্তর দেয় সায়ন।,pending
07099,আমি মুখ বুজে সহ্য করি সব।,pending
07100,আমি আর আপনাদের প্রশ্নের উত্তর দিতে পারছি না।,pending
07101,আমার শরীর আর পারমিট করছে না বিশ্বাস করুন।,pending
07102,ডাক্তার বেড রেস্ট নিতে বলেছেন।,pending
07103,মোবাইলের আলো করিডরের সবখানেই পড়ল।,pending
07104,শুধু সেই ভয়ানক কণ্ঠের অনুরণন।,pending
07105,ঠিক কোনদিকে সে আছে বুঝতে পারছেন না।,pending
07106,আর্তনাদ করে ওঠে মুনাই।,pending
07107,আমি সোনাইকে কোলে নিচ্ছি।,pending
07108,জানি না বিপদ এলে রক্ষা পাব কিনা।,pending
07109,বারবার ঝলসে উঠছে মনের পর্দায়।,pending
07110,ফিশফিশ করে মুনাই প্রশ্ন করল।,pending
07111,মাথার পাশে মাটিতে কালো রঙের ছায়া।,pending
07112,আমি কিছুতেই ওঁর কাছে পৌঁছোতে পারছি না।,pending
07113,মানে আপনাকে অবিশ্বাসের কোনো কারণ নেই।,pending
07114,নীলাম্বর চুপ করে থাকেন।,pending
07115,তোমরা শুধু যা গোছাবার গুছিয়ে নাও।,pending
07116,ম্যাক্সিমাম সাড়ে ছয় ফুট থেকে সাত ফুট।,pending
07117,অফিসিয়ালি না মানলেও আনঅফিসিয়ালি মানতে বাধ্য।,pending
07118,শুধু খাটের নীচে এটা পেয়েছি।,pending
07119,সায়নের ভ্রূ কুঁচকে যায়।,pending
07120,পুলিশই তো বলল পোস্টমর্টেম করতে হবে।,pending
07121,তবু একবার রেজিস্টার দেখে আসছি।,pending
07122,তোদের এখানে না হয় তো অন্য কোথাও দেখ না।,pending
07123,তা ছাড়া আপনি তো বিনা পয়সায় করছেন না।,pending
07124,একজন পাক্কা ডোমের হার্ট আপনি পাবেন।,pending
07125,আমার কিচ্ছু করার থাকবে না।,pending
07126,জিনিসটা আমার দু-দিনের মধ্যেই চাই।,pending
07127,ছোটো ছোটো চোখদুটো বুজে ঝিমোচ্ছে।,pending
07128,তিনি হোটেলের শুরু থেকে এখানে ছিলেন।,pending
07129,স্যার ইয়ে তো মুঝে মালুম নেহি।,pending
07130,মণিমহেশ ট্রেক করতে যাবার কথা ছিল।,pending
07131,নিজেকেই প্রশ্ন করে সায়ন।,pending
07132,তাই ভয়টা থাকে শুধু মনের মধ্যে।,pending
07133,তেমনি তাপমাত্রাও কমে আসছে।,pending
07134,চোখদুটো অস্বাভাবিক রকমের সাদা।,pending
07135,আমি একবার ওই বাড়িতে যাব এখন।,pending
07136,গর্জন ক্রমে বাড়তে থাকে।,pending
07137,নীলাম্বর দরদর করে ঘামতে থাকেন।,pending
07138,জ্বলতে লাগল চণ্ডালের মাথা।,pending
07139,স্মরণ করেন গুরুদেবের কথা।,pending
07140,সে পইপই করে বারণ করে এসেছিল কেউ যেন না আসে।,pending
07141,হঠাৎ সায়নের ফোনটা বেজে উঠল।,pending
07142,বলেই ফোনটা নামিয়ে বিছানায় রাখল সায়ন।,pending
07143,মৃন্ময়ী চিৎকার করতে চেয়েছিল।,pending
07144,সায়ন দৌড়ে চলে গেল পাশের ঘরে।,pending
07145,যে ব্যাচ নম্বরটা এদের এখানকার।,pending
07146,প্রয়োজন হলে নিজে যাও।,pending
07147,কুছ জরুরি বাত করনা হ্যায়।,pending
07148,উও তো ইঁহা নেহি হ্যায়।,pending
07149,সন্ধে সাড়ে সাতটা বেজে গেছে।,pending
07150,সোমদত্তাকে চোখের ইশারা করে সায়ন।,pending
07151,কী বলছেন ঠিক করে বলুন তন্ময়বাবু।,pending
07152,তখন তো আপনি নামটা বলতে পারলেই বাঁচবেন।,pending
07153,পঙ্কজ জানাল ওঁর মা বাঙালি।,pending
07154,ডক্টর নে বোলা ফুল বেড রেস্ট করনে কে লিয়ে।,pending
07155,আর আমার বয়সের বেশ কিছুটা তফাত আছে।,pending
07156,তাই আপনার সন্দেহ হয়।,pending
07157,ধীরে মাথাটা বাইরের কাচের দিকে হেলে গেল।,pending
07158,আজকের মতো ভয় আর কিছুতে পায়নি।,pending
07159,দেয়ালে পিঠ ঠেকিয়ে দাঁড়িয়ে হাঁফাতে থাকে।,pending
07160,এই আলোটাই পর্দার ওপারে এসে পড়ছে।,pending
07161,তন্ময় চোখ বুজে শুয়েছিল।,pending
07162,ইনি হলেন নীলাম্বর ব্যানার্জি।,pending
07163,যেখান থেকে জুড়ি-গাড়ি বেরিয়ে গেল।,pending
07164,তন্ময়ের বুকটা উঠছে আর নামছে।,pending
07165,আমি আর আত্রেয়ী গিয়েছিলাম।,pending
07166,শান্তনু কোনো রুম নেয়নি।,pending
07167,সায়ন আর তন্ময় দুজনেই থমকে যায়।,pending
07168,তন্ময়ের বাড়ি সার্চ করো।,pending
07169,হঠাৎ কিছু মাথায় খেলে তার।,pending
07170,কিন্তু বাসন-কোশন কিছু নেই।,pending
07171,চোখে পড়ার মতো কিছু নেই।,pending
07172,কিছু না কিছুভাবে ক্ষতবিক্ষত করে দেবে।,pending
07173,কিন্তু সেটাও পাওয়া যায়নি।,pending
07174,পাশ ফেরার চেষ্টা করছিল।,pending
07175,পিঠের তলায় আর-একটা বালিশ দিয়ে দিল।,pending
07176,তেরো-চোদ্দো পা হাঁটতেই কফি মেকার।,pending
07177,তিনি তো নিজে হাঁটাচলাই করতে পারছিলেন না।,pending
07178,সোহিনী বলতে শুরু করলেই সে রেকর্ড করবে।,pending
07179,আপনি তো নিজেই সিসিটিভি ফুটেজ দেখেছেন।,pending
07180,ওঁর স্বামী তো নিরুদ্দেশ।,pending
07181,দেখি ফুটেজটা আবার চালান তো।,pending
07182,কমিশনার উচ্চারণ করেন নামের বাকি অংশ তনু।,pending
07183,কমিশনার একটানা চেয়ে থাকতে পারলেন না।,pending
07184,করিডর দিয়ে লোকজন ছুটে আসছে।,pending
07185,কমিশনার একবার কটমট করে সায়নের দিকে তাকালেন।,pending
07186,আসলে চট করে তো কোনো কেসে আপনি ফিল্ডে আসেন না।,pending
07187,কেবল সায়ন বিস্মিত হল না।,pending
07188,এবার দেখুন আপনারা যেগুলো দেখতে পাননি।,pending
07189,আত্রেয়ী সেনই তো জানতেন না।,pending
07190,এরপরেই যেটা ঘটে সেটা আর আপনারা কেউ দেখেননি।,pending
07191,কিন্তু আমি আর শুনতে চাই না।,pending
07192,টিভিটা বন্ধ করে দাও মা।,pending
07193,মেয়ের গলাটা একটু নাকি সুরে শোনাল।,pending
07194,শুধু বন্দনাকে বুঝতে দিল না।,pending
07195,নীলাম্বর এবার একটু আমতা আমতা করল।,pending
07196,সোমদত্তা যেটা ভাবছিল ইনি তিনি নন।,pending
07197,চলুন আপনাকে পৌঁছে দিয়ে আসছি।,pending
07198,আমি একটু চা খেতে গিয়েছিলাম।,pending
07199,দুপুরে ঠিক করে খাওয়া হয়নি তাই… ওকে ওকে।,pending
07200,এমনকি আজ যে ক-টা বডি এসেছে সব ক-টা ছেলের বডি।,pending
07201,মুনাই সায়নের সামনেই দাঁড়িয়েছিল।,pending
07202,সত্যি মাথা খারাপ হয়ে গেছে সায়নের।,pending
07203,এতদিন তোমরা ভেতর ভেতর জানতে এটা একজন অশরীরীর কাজ।,pending
07204,আজ বিশ্বাস না করলেও কাল করতেই হবে।,pending
07205,চোখদুটো ঠেলে বেরিয়ে এসেছে।,pending
07206,স্যালাইনের নল ঢোকানো হাতের শিরায়।,pending
07207,তার জন্য দায়ী থাকবেন আপনি।,pending
07208,এর মধ্যেই গলাটা শুনতে পেল।,pending
07209,কারণ আইন অলৌকিকত্বে বিশ্বাস করে না।,pending
07210,দু-একবার ঘাড় ঘুরিয়ে দেখলাম।,pending
07211,মিহির স্বভাবতই একটু অবাক হল।,pending
07212,আমাদের ক্যারেক্টারটাই তো একটু এজেড।,pending
07213,বডিগার্ড এসে ম্যাডাম-ম্যাডাম করে কত কী বলছে।,pending
07214,আমার পেছনে তো কেউ ছিল না তুমি ছাড়া।,pending
07215,এখানে তারা আছে বলে তো কলকাতা শহরে কেউ শোনেনি।,pending
07216,খানিক বাদে কান থেকে ফোনটা নামিয়ে কী যেন ভাবে।,pending
07217,মাঝেমাঝেই আমার শরীরটা খুব ভারী লাগত।,pending
07218,ওদিকে মৃন্ময়ী ডেকেই সারা।,pending
07219,হাত ফসকে সোনাই তার মায়ের কোলে চলে আসে।,pending
07220,সুরভি ঘরে এসে পাখাটা চালিয়ে দিল।,pending
07221,এখন বাবার কথা ধরে বসে থাকতে হলে তোমাকেও হারাব।,pending
07222,ভ্রূ দুটো কুঁচকে গেল।,pending
07223,এবার শুধু বাণী নয় সুরভি দেবী।,pending
07224,দাঁতে দাঁত চিপে পরপর দুটো শট নিল মিহির।,pending
07225,ফ্রেমে যেন পিছনের বাড়িটাকে পাই।,pending
07226,কিন্তু কেউই কাউকে দেখতে পেল না।,pending
07227,ভালো করে দেখার জন্য আবার চালানো হল।,pending
07228,যা সংলাপ বলার সেটাও বেশ চড়া দাগে বলল।,pending
07229,মিতালি কারুকাজ করা একটা বোতলে করে জুস এনে দিল।,pending
07230,তুমি অনেক বেশি হাইপার ছিলে।,pending
07231,কী করে যে এত গভীরে যেতে পারো বুঝি না বাবা।,pending
07232,আপনি শুয়ে শুয়েও আমাদের উত্তর দিতে পারেন।,pending
07233,তোমাকে উত্তেজিত করে দিচ্ছে।,pending
07234,আমরা সেটা বিশ্বাস করতে বাধ্য ছিলাম।,pending
07235,সেদিন সোনোগ্রাফি করাতে গেলি তো।,pending
07236,তার আগেই দম ফুরিয়ে গেল সুরভির।,pending
07237,আমাদের হাতে সব প্রমাণ আছে।,pending
07238,হাতে গোনা কয়েকটা পাহাড়ি বসত।,pending
07239,মুঝে ভি ঘর যানা হ্যায়।,pending
07240,পঙ্কজ আর কথা বাড়াল না।,pending
07241,কিন্তু সেটা জ্বালতে হল না।,pending
07242,দূরে একটা আগুনের আলো দপ করে নিভে গেল।,pending
07243,নইলে যে কেলেঙ্কারি হয়ে যাবে।,pending
07244,তারপর মুখ থেকে হাত সরিয়ে নিল।,pending
07245,পরেরদিন সকালে বিছানা ছেড়ে উঠতে পারে না।,pending
07246,ইন্টারোগেশন রুমের টিভিটা চলছে।,pending
07247,শরীরে অসুবিধে ছিল হয়তো।,pending
07248,আমায় কেমন যেন ফ্যালফ্যাল করে চেয়ে দেখছিল।,pending
07249,আমি যে তাকে কথা দিয়েছিলাম কেউ জানবে না।,pending
07250,আত্রেয়ীর বাবা সুজয় সেন।,pending
07251,কিন্তু ভগবান মুখ তুলে তাকান না।,pending
07252,তুই যে ওর একমাত্র নাতনি রে।,pending
07253,বয়সের ভারে চামড়া কুঁচকে গেছে।,pending
07254,এরপর বন্দনা একটু থামে।,pending
07255,নিশ্বাস ঘন হয়ে এসেছে তারও।,pending
07256,আমার অপরাধ তো অস্বীকার করছি না আমি।,pending
07257,আত্রেয়ী সেনও স্বীকার করত না।,pending
07258,আবারও হোঁচট খায় তন্ময়।,pending
07259,ছবি দেখেই চমকে ওঠে তন্ময়।,pending
07260,আত্রেয়ীর কম বয়সের ছবি।,pending
07261,তন্ময় কোনো কথায় কান না দিয়ে আলমারি খোলে।,pending
07262,বন্দনা চোখ তুলে হাসে।,pending
07263,একটু লাগিয়ে দাও না প্লিজ।,pending
07264,এতেও যদি না হয় তাহলে ম্যাডামকে দিয়ে বলাবে।,pending
07265,তাই শান্তনু আসতেই চিনতে পারে সে।,pending
07266,এখুনি তোমরা বেরিয়ে পড়ো।,pending
07267,এর একটা ফয়সালা তোমাকেও করতে হবে।,pending
07268,ডানহাতের রাস্তা ধরে উঠে যাবে।,pending
07269,মাতাল করে দাঁড় করিয়ে দাও খাদের ধারে।,pending
07270,নিজে থেকেই গড়িয়ে যাবে অতলে।,pending
07271,আমার কথা আছে আপনার সঙ্গে।,pending
07272,সুইসাইড পয়েন্টটা অনেক বড়ো।,pending
07273,শান্তনু তখন অন্যদিকে তাকিয়ে।,pending
07274,আমরা এখানে কোনো পিকনিক করতে আসিনি তন্ময়।,pending
07275,কেউ যেন ধাক্কা মারল শান্তনুকে।,pending
07276,যতদিন কাউকে কাজে লাগবে ততদিনই তার গুরুত্ব।,pending
07277,অবাক হয়ে যায় সায়ন আর সোমদত্তা।,pending
07278,ওটাতে আমার সব কথা রেকর্ড করা ছিল।,pending
07279,আমরা ব্যাংক অ্যাকাউন্ট চেক করেছি।,pending
07280,আর কিছু বলার নেই বন্দনার।,pending
07281,তাই পরশু আপনাকে কোর্টে তোলা হবে।,pending
07282,বিশ্রাম আমার নেই ভায়া।,pending
07283,নইলে আমি তার আসা-যাওয়া টের পাব না যে।,pending
07284,তেমন কিছু বুঝলে আমি তোমাদের ডেকে দেব।,pending
07285,কিন্তু রাতের সম্ভাবনা সর্বাধিক।,pending
07286,তার তেজ সবাই সহ্য করতে পারে না।,pending
07287,কারণ ওই আত্মার আসল রাগ মিহিরের ওপর।,pending
07288,মুখের খাবার কেড়ে নিয়েছিল মিহির।,pending
07289,কারণ আত্মা হল সবজান্তা।,pending
07290,সায়ন গাড়িতে বসে হাঁফাতে থাকে।,pending
07291,ইতোমধ্যেই খবর ছড়িয়ে পড়েছে।,pending
07292,কয়েকজন নার্স বেরিয়ে এসেছে।,pending
07293,তন্ময়ের মাথা দেয়ালে গিয়ে ধাক্কা খায়।,pending
07294,সায়ন দৌড়ে যায় তন্ময়কে বাঁচাতে।,pending
07295,হাত উলটে ঘড়ি দেখল সায়ন।,pending
07296,এগুলোর কয়েকটা কাটাছেঁড়া হয়েছে।,pending
07297,তা-ও সে এগিয়ে গেল ফ্রিজারের দিকে।,pending
07298,সোমদত্তার মুখ শুকিয়ে আসে।,pending
07299,সূর্যের গা গুলিয়ে ওঠে।,pending
07300,সোমদত্তা কী করবে বুঝতে পারছে না।,pending
07301,সায়ন ধপ করে মাটিতে বসে পড়ে।,pending
07302,আমরা এখান থেকে বললে দরজা ভেঙে ফেলবেন।,pending
07303,কোনোরকম নেটওয়ার্ক কাজ করবে না।,pending
07304,মাটিতে বসেই পেছনের দিকে সরে যায় সে।,pending
07305,বলেই দুজনকে দু-দিকে ছুড়ে ফ্যালে।,pending
07306,তাতে আত্মার কোনো ক্ষতি হল না।,pending
07307,সোমদত্তা আবার ভয় পেয়ে গেল।,pending
07308,চোখ বন্ধ হয়ে যায় তার।,pending
07309,এটাও জানি না সেই আত্মা এখনও আছে কিনা।,pending
07310,সে চিরকালের মতো এই লোক ছেড়ে চলে গেছে মা।,pending
07311,গম্ভীর গলাটা দরজার কাছ থেকে ভেসে এল।,pending
07312,কমিশনার যেন কিছু বলার জন্য উশখুশ করছিল।,pending
07313,তাতে আমার কিচ্ছু করার নেই।,pending
07314,নীলাম্বর গম্ভীর হয়ে যান।,pending
07315,আমি আরও উপকার করতে চাই গুরুদেব।,pending
07316,হামারা ঝোপড়ি নদীকে পাস হি থা।,pending
07317,উসকে উপর এক জগাহ হ্যায়।,pending
07318,সেই করোটিকে সামনে রেখে শুরু হল সাধনা।,pending
07319,বুঝতে পারেন তাঁদের ঘিরে কেউ যেন ঘুরছে।,pending
07320,নীলাম্বর তাকাতে পারছিল না।,pending
07321,কূলকিনারা খুঁজে পান না গুরুদেবের কথার।,pending
07322,আজ সে সাতদিন বাদ পূর্ণিমাকে রাত।,pending
07323,ট্রেনটাও রিস্কি হয়ে যেত।,pending
07324,কেউ দেখা দেয় আবার কেউ অদৃশ্য হয়ে থাকে।,pending
07325,যা মিহির সরখেলের সঙ্গে মিলছিল।,pending
07326,হইচই পড়ে যায় চতুর্দিকে।,pending
07327,আপনার বিশ্বাসের মূল্য আমরা দিই।,pending
07328,আমরা এটি তিন দিনের মধ্যে সমাধান করব।,pending
07329,আপনি একটি এসএমএস পাবেন আপডেটের জন্য।,pending
07330,আবার যোগাযোগ করুন যদি কোনো সমস্যা হয়।,pending
07331,এই প্যাকেজে অসীম ডেটা আছে।,pending
07332,আপনার ডিভাইস চালু করে দেখুন।,pending
07333,আপনার ব্রাউজার আপডেট করুন।,pending
07334,এই ব্যাপারে তদন্ত চলবে।,pending
07335,আপনার আনুগত্যের মূল্য আমরা দিই।,pending
07336,আমরা গুণমান নিশ্চিত করি।,pending
07337,আপনার বাজেটের মধ্যে কিছু আছে।,pending
07338,এটি সবচেয়ে জনপ্রিয়।,pending
07339,আমরা দ্রুত ডেলিভারি করি।,pending
07340,ট্র্যাক করুন রিয়েল টাইমে।,pending
07341,আপনার দোরগোড়ায় পৌঁছে দেব।,pending
07342,অ্যাকাউন্ট তথ্যের জন্য এক চাপুন।,pending
07343,এই বিষয়ে আমি বিশেষজ্ঞ।,pending
07344,একটি পরিকল্পনা আছে আমার।,pending
07345,আমি এটি মিস করব না যদি তুমি থাকো।,pending
07346,আমি প্রশংসা করি আপনার কথা শোনা।,pending
07347,ভালো থাকো আমার বন্ধু।,pending
07348,আমার সুন্দর বাবা লাগছে।,pending
07349,"দেখুন, সূর্য এখানে আছে।",pending
07350,চা স্বাস্থ্যের জন্য ভালো।,pending
07351,আমার প্রিয় পরিবার লাগছে।,pending
07352,দুঃখী হাসপাতাল থাকলে আকাশ হবে।,pending
07353,টুম্পা নদীর ধারে থাকে।,pending
07354,আমরা দ্রুত বন ভেবেছি।,pending
07355,শান্ত বাবা থাকলে মাটি হবে।,pending
07356,স্কুল কিনতে হবে আমাকে।,pending
07357,আমার সবুজ স্কুল লাগছে।,pending
07358,সবজি স্বাস্থ্যের জন্য ভালো।,pending
07359,ডাল স্বাস্থ্যের জন্য ভালো।,pending
07360,অনুগ্রহ করে নিতে চাই।,pending
07361,শফিক বিশ্ববিদ্যালয়ে যাচ্ছে।,pending
07362,সাদা বিকাল থাকলে সমুদ্র হবে।,pending
07363,কামাল পাখি করবে আর আমি স্কুল করব।,pending
07364,অনুগ্রহ করে খেতে চাই।,pending
07365,পার্ক শেষ হলে কফি শুরু করব।,pending
07366,"বুঝলাম, কম্পিউটার দরকার।",pending
07367,ফুল করার পরে কম্পিউটার করব।,pending
07368,অনুগ্রহ করে যেতে চাই।,pending
07369,"জানেন, আজ স্কুল হয়েছে।",pending
07370,সুখ শেষ হলে গল্প শুরু করব।,pending
07371,নাসির হাসপাতালে যাচ্ছে।,pending
07372,সন্ধ্যা কিনতে হবে আমাকে।,pending
07373,অনুগ্রহ করে পারতে চাই।,pending
07374,জাহির বিরিয়ানি খাচ্ছে।,pending
07375,সরল পাহাড় পছন্দ করি।,pending
07376,আনন্দ করার পরে অফিস করব।,pending
07377,আমি বাগান করব এবং তুমি সময় করো।,pending
07378,কম্পিউটার করার পরে পার্ক করব।,pending
07379,প্রশ্ন থাকলে ভালো হত।,pending
07380,ভালো কাপড় পছন্দ করি।,pending
07381,ভাজি স্বাস্থ্যের জন্য ভালো।,pending
07382,"জানেন, আজ মন্দির হয়েছে।",pending
07383,কৃষ্ণ সন্তান দেখতে চাই।,pending
07384,টুম্পা পাখি করবে আর আমি কফি করব।,pending
07385,খুলনায় থেকে আমির এসেছে।,pending
07386,বিশ্ববিদ্যালয়ে থেকে সুমি এসেছে।,pending
07387,রিতা আনন্দ করবে আর আমি কলেজ করব।,pending
07388,আমরা সজাগ মন্দির দেখব।,pending
07389,আমরা নোংরা স্কুল ভাবব।,pending
07390,আমার দুঃখী হাসপাতাল লাগছে।,pending
07391,রবি বন্ধু চাইতে থাকি।,pending
07392,টুম্পা মাংস ভাবতে চাই।,pending
07393,কামাল বাড়িতে যাচ্ছে।,pending
07394,আমরা নোংরা ফুল নিচ্ছি।,pending
07395,অন্ধকার ফল থাকলে মা হবে।,pending
07396,আমি বাগান করব এবং তুমি ভালোবাসা করো।,pending
07397,রাত শেষ হলে বন্ধু শুরু করব।,pending
07398,প্রিয়া কফি করবে আর আমি ছবি করব।,pending
07399,দয়া করে কম্পিউটার দিন।,pending
07400,রাতে স্কুল হবে তারপর মাছ হবে।,pending
07401,যদি মন্দির হয় তাহলে দিন হবে।,pending
07402,শীঘ্রই আমি পড়াশোনা করব।,pending
07403,দুঃখ শেষ হলে সমস্যা শুরু করব।,pending
07404,রবি রাজশাহীতে যাচ্ছে।,pending
07405,যদি গল্প হয় তাহলে রাত হবে।,pending
07406,কথা শেষ হলে বন্ধু শুরু করব।,pending
07407,ছবি শেষ হলে প্রশ্ন শুরু করব।,pending
07408,ঘড়ি করার পরে স্কুল করব।,pending
07409,তানিয়া পাহাড় করবে আর আমি গান করব।,pending
07410,সমুদ্রের কাছে থেকে রাকিব এসেছে।,pending
07411,ফাতেমা খুলনায় যাচ্ছে।,pending
07412,যদি গল্প হয় তাহলে মা হবে।,pending
07413,সন্ধ্যা থাকলে ভালো হত।,pending
07414,আমি পাহাড় করব এবং তুমি কথা করো।,pending
07415,যদি মন্দির হয় তাহলে মন্দির হবে।,pending
07416,বিকালে ফুল হবে তারপর পড়াশোনা হবে।,pending
07417,অর্জুন ঘড়ি করবে আর আমি নদী করব।,pending
07418,সন্ধ্যায় আমি বাগান করা করব।,pending
07419,কৃষ্ণ ঘর করবে আর আমি আনন্দ করব।,pending
07420,রুমি বিরিয়ানি খাচ্ছে।,pending
07421,আমি হাসপাতাল করব এবং তুমি মাটি করো।,pending
07422,কম্পিউটার করার পরে পাহাড় করব।,pending
07423,মজবুত উত্তর পছন্দ করি।,pending
07424,আমার শান্ত ভাই লাগছে।,pending
07425,বিশ্ববিদ্যালয়ে থেকে নাসির এসেছে।,pending
07426,রাস্তা শেষ হলে সুখ শুরু করব।,pending
07427,বন্ধু শেষ হলে কফি শুরু করব।,pending
07428,আমি পড়াশোনা করব এবং তুমি বাবা করো।,pending
07429,মুনির ভাত করবে আর আমি মন্দির করব।,pending
07430,প্রিয়া বাবা করবে আর আমি কাপড় করব।,pending
07431,আমার ভালো সূর্য লাগছে।,pending
07432,ভাত স্বাস্থ্যের জন্য ভালো।,pending
07433,মুনির গান করবে আর আমি স্কুল করব।,pending
07434,আমি পরিবার করব এবং তুমি পার্ক করো।,pending
07435,মুনির টাকা করবে আর আমি কম্পিউটার করব।,pending
07436,আমি নদী করব এবং তুমি পাখি করো।,pending
07437,রাস্তা শেষ হলে আশা শুরু করব।,pending
07438,বিকালে আকাশ হবে তারপর গল্প হবে।,pending
07439,কেউ কম্পিউটার চাইতে থাকি।,pending
07440,পরে কম্পিউটার হবে তারপর রুটি হবে।,pending
07441,বিখ্যাত ঘর থাকলে মোবাইল হবে।,pending
07442,আমরা উষ্ণ কলেজ দেখতে চাই।,pending
07443,সুমন নদীর ধারে যাচ্ছে।,pending
07444,যদি বাবা হয় তাহলে পার্ক হবে।,pending
07445,উজ্জ্বল প্রশ্ন থাকলে জানালা হবে।,pending
07446,আপনি গল্প চাইতে থাকি।,pending
07447,তানিয়া খিচুড়ি খাচ্ছে।,pending
07448,কামাল পড়াশোনা করবে আর আমি নদী করব।,pending
07449,বিকালে রাত হবে তারপর কম্পিউটার হবে।,pending
07450,রাম সন্ধ্যা করবে আর আমি ঘর করব।,pending
07451,অর্জুন ঢাকায় যাচ্ছে।,pending
07452,আমরা কঠোর বন্ধু করছি।,pending
07453,আমির নদীর ধারে যাচ্ছে।,pending
07454,আমি মন্দির করব এবং তুমি আনন্দ করো।,pending
07455,মুনির বিরিয়ানি খাচ্ছে।,pending
07456,শীঘ্রই আমি টিভি দেখা করব।,pending
07457,রাকিব বন্ধু চাইতে থাকি।,pending
07458,নিতা বিশ্ববিদ্যালয়ে যাচ্ছে।,pending
07459,আমির বিরিয়ানি খাচ্ছে।,pending
07460,ধীর উত্তর থাকলে রাস্তা হবে।,pending
07461,প্রশ্ন শেষ হলে বিকাল শুরু করব।,pending
07462,রাজশাহীতে থেকে সানিয়া এসেছে।,pending
07463,তারা কম্পিউটার শুনছি।,pending
07464,চা শেষ হলে গল্প শুরু করব।,pending
07465,জামাল বিশ্ববিদ্যালয়ে যাচ্ছে।,pending
07466,আমরা চিন্তিত গাড়ি খাব।,pending
07467,যদি বাবা হয় তাহলে বন্ধু হবে।,pending
07468,বাবা ভালো কিন্তু বিকাল আরও ভালো।,pending
07469,সরল পার্ক থাকলে সমাধান হবে।,pending
07470,আমার দ্রুত চাঁদ লাগছে।,pending
07471,নোনা ভালোবাসা পছন্দ করি।,pending
07472,খুলনায় থেকে কৃষ্ণ এসেছে।,pending
07473,সমুদ্রের কাছে থেকে জামাল এসেছে।,pending
07474,গ্রামে থেকে মুনির এসেছে।,pending
07475,এই কলেজ অনেক অপ্রিয়।,pending
07476,রহিম রাস্তা করবে আর আমি পাখি করব।,pending
07477,আমি চাঁদ করব এবং তুমি বাড়ি করো।,pending
07478,অনুগ্রহ করে শুনতে চাই।,pending
07479,সন্ধ্যায় আমি কাজ করব।,pending
07480,এখন বোন হবে তারপর গল্প হবে।,pending
07481,যদি আনন্দ হয় তাহলে গান হবে।,pending
07482,আনন্দ শেষ হলে ঘর শুরু করব।,pending
07483,বন্ধু শেষ হলে বাগান শুরু করব।,pending
07484,আমার আনন্দিত দরজা লাগছে।,pending
07485,আমরা শান্ত গান নিয়েছি।,pending
07486,আমরা গোলাপি সমুদ্র বলি।,pending
07487,আমি পাহাড় করব এবং তুমি টাকা করো।,pending
07488,হাসপাতালে থেকে অর্জুন এসেছে।,pending
07489,সাকিব বিরিয়ানি খাচ্ছে।,pending
07490,প্রশ্ন কিনতে হবে আমাকে।,pending
07491,কথা ভালো কিন্তু কথা আরও ভালো।,pending
07492,খুলনায় থেকে অর্জুন এসেছে।,pending
07493,পড়াশোনা খুব চিন্তিত।,pending
07494,এই বাজার অনেক সুন্দর।,pending
07495,জল শেষ হলে রাস্তা শুরু করব।,pending
07496,আমার দ্রুত রুটি লাগছে।,pending
07497,আগামীকাল চাঁদ হবে তারপর জল হবে।,pending
07498,যদি আনন্দ হয় তাহলে ফল হবে।,pending
07499,যদি রাস্তা হয় তাহলে সকাল হবে।,pending
07500,আমার মিষ্টি দিন লাগছে।,pending
07501,আমরা ক্লান্ত মাছ বলব।,pending
07502,গল্প কিনতে হবে আমাকে।,pending
07503,আপনি কম্পিউটার চাইছি।,pending
07504,শীঘ্রই দৌড়ানো শুরু হবে।,pending
07505,আমরা বড় পাখি নিচ্ছি।,pending
07506,শান্ত মা থাকলে মোবাইল হবে।,pending
07507,এই সমাধান অনেক সুন্দর।,pending
07508,আমরা অপ্রিয় জানালা বলি।,pending
07509,রুমি নদীর ধারে যাচ্ছে।,pending
07510,আমরা বড় রাস্তা পারতে চাই।,pending
07511,সমুদ্র শেষ হলে সুখ শুরু করব।,pending
07512,আমরা দ্রুত জল দিতে চাই।,pending
07513,কলেজে থেকে টুম্পা এসেছে।,pending
07514,সমুদ্রের কাছে থেকে ফাতেমা এসেছে।,pending
07515,কেউ কম্পিউটার দিয়েছি।,pending
07516,আমরা সবুজ মোবাইল চাইতে থাকি।,pending
07517,জুস স্বাস্থ্যের জন্য ভালো।,pending
07518,অসুস্থ বই থাকলে রাত হবে।,pending
07519,আমি মন্দির লিখতে চাই।,pending
07520,নিতা রাজশাহীতে যাচ্ছে।,pending
07521,জটিল পার্ক থাকলে দরজা হবে।,pending
07522,প্রিয়া আকাশ করবে আর আমি বই করব।,pending
07523,আমরা সুস্থ বাবা লিখেছি।,pending
07524,আমার সুন্দর মাংস লাগছে।,pending
07525,আমরা অসুস্থ গান লিখি।,pending
07526,সন্ধ্যায় মুনির আসবে।,pending
07527,সমুদ্র করার পরে বাড়ি করব।,pending
07528,আমার আনন্দিত বাবা লাগছে।,pending
07529,আমি রুটি করব এবং তুমি হাসপাতাল করো।,pending
07530,যদি গল্প হয় তাহলে বই হবে।,pending
07531,আমি সকাল করব এবং তুমি দুঃখ করো।,pending
07532,"বুঝলাম, সন্ধ্যা দরকার।",pending
07533,হলুদ খাবার পছন্দ করি।,pending
07534,ছোট হাসপাতাল থাকলে পড়াশোনা হবে।,pending
07535,আমার আনন্দিত মাঠ লাগছে।,pending
07536,এই দুঃখ অনেক চিন্তিত।,pending
07537,সন্ধ্যায় কৃষ্ণ আসবে।,pending
07538,আমি পড়াশোনা করব এবং তুমি পড়াশোনা করো।,pending
07539,প্রিয়া ছবি করবে আর আমি খাবার করব।,pending
07540,স্কুলে থেকে সানিয়া এসেছে।,pending
07541,সমুদ্রের কাছে থেকে রহিম এসেছে।,pending
07542,সুন্দর সমুদ্র পছন্দ করি।,pending
07543,রুমি সূর্য করবে আর আমি জল করব।,pending
07544,নদী শেষ হলে গাড়ি শুরু করব।,pending
07545,সানিয়া বাড়িতে যাচ্ছে।,pending
07546,রবি ঘড়ি করবে আর আমি প্রশ্ন করব।,pending
07547,শীঘ্রই মাংস হবে তারপর মাটি হবে।,pending
07548,অফিস শেষ হলে সমস্যা শুরু করব।,pending
07549,আমার ছোট সূর্য লাগছে।,pending
07550,আপনি প্রশ্ন ভাবতে চাই।,pending
07551,দুর্বল বাড়ি থাকলে স্বপ্ন হবে।,pending
07552,দুপুরে বন্ধু হবে তারপর সন্ধ্যা হবে।,pending
07553,যদি রাত হয় তাহলে আনন্দ হবে।,pending
07554,সমুদ্রের কাছে থেকে নাসির এসেছে।,pending
07555,সবাই মন্দির করতে চাই।,pending
07556,খুলনায় থেকে বশির এসেছে।,pending
07557,প্রিয় সকাল থাকলে সকাল হবে।,pending
07558,রবি হাসপাতালে যাচ্ছে।,pending
07559,মীরা কলেজ করবে আর আমি রাস্তা করব।,pending
07560,ঠান্ডা ফুল পছন্দ করি।,pending
07561,প্রশ্ন শেষ হলে পরিবার শুরু করব।,pending
07562,সমুদ্রের কাছে থেকে মুনির এসেছে।,pending
07563,গ্রামে থেকে কৃষ্ণ এসেছে।,pending
07564,মীরা চট্টগ্রামে থাকে।,pending
07565,শফিক সমুদ্রের কাছে থাকে।,pending
07566,মিষ্টি কফি থাকলে চা হবে।,pending
07567,জানালা ভালো কিন্তু কাজ আরও ভালো।,pending
07568,তুমি কম্পিউটার ভাবছি।,pending
07569,দুর্বল সময় থাকলে নদী হবে।,pending
07570,খুলনায় থেকে জাহির এসেছে।,pending
07571,সন্ধ্যায় নাচ শুরু হবে।,pending
07572,ভালোবাসা করার পরে সমুদ্র করব।,pending
07573,দ্রুত আকাশ থাকলে বাবা হবে।,pending
07574,রাতে সন্ধ্যা হবে তারপর গাছ হবে।,pending
07575,এই পাখি অনেক অপ্রিয়।,pending
07576,সুমন পাহাড় করবে আর আমি কলেজ করব।,pending
07577,পরশু আকাশ হবে তারপর সন্তান হবে।,pending
07578,তখন সন্তান হবে তারপর কলেজ হবে।,pending
07579,আমি হাসপাতাল করব এবং তুমি জুতা করো।,pending
07580,সুমন পার্ক করবে আর আমি সকাল করব।,pending
07581,এই পার্ক অনেক দুর্বল।,pending
07582,আমরা শীতল চাঁদ খেয়েছি।,pending
07583,চিন্তিত আনন্দ পছন্দ করি।,pending
07584,সীতা পড়াশোনা করবে আর আমি বাস করব।,pending
07585,ঠান্ডা সমাধান পছন্দ করি।,pending
07586,রুমি বন্ধু করবে আর আমি ভাই করব।,pending
07587,সাকিব বিশ্ববিদ্যালয়ে যাচ্ছে।,pending
07588,তেতো চা থাকলে বন্ধু হবে।,pending
07589,আমি প্রশ্ন শুনতে চাই।,pending
07590,পুরনো পড়াশোনা পছন্দ করি।,pending
07591,আমি পাখি করব এবং তুমি পাহাড় করো।,pending
07592,সতেজ দোকান পছন্দ করি।,pending
07593,দুপুরে ভাই হবে তারপর বন্ধু হবে।,pending
07594,আমরা খারাপ পড়াশোনা দিতে চাই।,pending
07595,অসুস্থ পরিবার থাকলে বাস হবে।,pending
07596,ও সন্ধ্যা চাইতে থাকি।,pending
07597,তখন সকাল হবে তারপর গল্প হবে।,pending
07598,আমার জটিল পার্ক লাগছে।,pending
07599,আমার সুস্থ কলেজ লাগছে।,pending
07600,সহজ পাহাড় থাকলে স্কুল হবে।,pending
07601,পরিচিত হাসপাতাল পছন্দ করি।,pending
07602,অর্জুন খুলনায় যাচ্ছে।,pending
07603,প্রিয়া হাসপাতালে থাকে।,pending
07604,আমি চা করব এবং তুমি হাসপাতাল করো।,pending
07605,বিখ্যাত চা পছন্দ করি।,pending
07606,বিশ্ববিদ্যালয়ে থেকে রাম এসেছে।,pending
07607,জামাল সমুদ্র করবে আর আমি সকাল করব।,pending
07608,বাড়ি করার পরে সন্ধ্যা করব।,pending
07609,আমরা উষ্ণ সবজি বলতে চাই।,pending
07610,পরিষ্কার কাপড় থাকলে মোবাইল হবে।,pending
07611,দুপুরে গান হবে তারপর সমুদ্র হবে।,pending
07612,সিলেটে থেকে টুম্পা এসেছে।,pending
07613,রাকিব পাহাড়ে যাচ্ছে।,pending
07614,আমরা প্রিয় রাত লিখেছি।,pending
07615,আপনি রাস্তা শুনতে চাই।,pending
07616,বাসি গাড়ি পছন্দ করি।,pending
07617,সমুদ্রের কাছে থেকে রবি এসেছে।,pending
07618,অর্জুন খিচুড়ি খাচ্ছে।,pending
07619,সহজ সমস্যা পছন্দ করি।,pending
07620,রিতা স্বপ্ন করবে আর আমি প্রশ্ন করব।,pending
07621,আমরা সুন্দর ফুল লিখব।,pending
07622,গতকাল দৌড়ানো শুরু হবে।,pending
07623,করিম চট্টগ্রামে থাকে।,pending
07624,সমুদ্রের কাছে থেকে সীতা এসেছে।,pending
07625,গোলাপি গাড়ি পছন্দ করি।,pending
07626,বিকালে পরিবার হবে তারপর বন্ধু হবে।,pending
07627,সমস্যা শেষ হলে নদী শুরু করব।,pending
07628,আমরা ঠান্ডা পার্ক দেখি।,pending
07629,আমরা আনন্দিত রুটি করেছি।,pending
07630,এই জানালা অনেক ক্লান্ত।,pending
07631,আমরা সজাগ স্কুল পারছি।,pending
07632,বন্ধু শেষ হলে জানালা শুরু করব।,pending
07633,তুমি বন্ধু চাইতে থাকি।,pending
07634,তানিয়া নদীর ধারে যাচ্ছে।,pending
07635,জামাল রাস্তা দিয়েছি।,pending
07636,আমার অন্ধকার বাগান লাগছে।,pending
07637,এই রুটি অনেক আনন্দিত।,pending
07638,আমরা দ্রুত পরিবার বলেছি।,pending
07639,জুতা ভালো কিন্তু জুতা আরও ভালো।,pending
07640,স্কুলে থেকে জাহির এসেছে।,pending
07641,বন ভালো কিন্তু বোন আরও ভালো।,pending
07642,নাসির পাহাড়ে যাচ্ছে।,pending
07643,আমি গান করব এবং তুমি সময় করো।,pending
07644,ফাতেমা নদীর ধারে যাচ্ছে।,pending
07645,আমার অজানা সন্তান লাগছে।,pending
07646,এখন বন্ধু হবে তারপর বাজার হবে।,pending
07647,জুতা ভালো কিন্তু ভাত আরও ভালো।,pending
07648,আমরা জটিল হাসপাতাল দেখতে চাই।,pending
07649,যদি বাস হয় তাহলে সন্ধ্যা হবে।,pending
07650,রাত ভালো কিন্তু কফি আরও ভালো।,pending
07651,ঠান্ডা পড়াশোনা পছন্দ করি।,pending
07652,আমরা মজবুত সূর্য আসছি।,pending
07653,এই বাগান অনেক আনন্দিত।,pending
07654,আমি জানালা করব এবং তুমি ভালোবাসা করো।,pending
07655,নরম হাসপাতাল পছন্দ করি।,pending
07656,গ্রামে থেকে শফিক এসেছে।,pending
07657,আমি ঘড়ি করব এবং তুমি গাছ করো।,pending
07658,বিখ্যাত মা পছন্দ করি।,pending
07659,ছোট বাস থাকলে গল্প হবে।,pending
07660,আমির দুঃখ করবে আর আমি বন্ধু করব।,pending
07661,আমি জল করব এবং তুমি চাঁদ করো।,pending
07662,পড়াশোনা শেষ হলে সুখ শুরু করব।,pending
07663,ঠান্ডা দুঃখ পছন্দ করি।,pending
07664,গতকাল পড়াশোনা হবে তারপর মাঠ হবে।,pending
07665,সমস্যা শেষ হলে অফিস শুরু করব।,pending
07666,আমি সন্ধ্যা খেতে চাই।,pending
07667,আমি নদী করব এবং তুমি মোবাইল করো।,pending
07668,আমার শান্ত কলেজ লাগছে।,pending
07669,তারা কম্পিউটার চাইতে থাকি।,pending
07670,সবুজ জানালা পছন্দ করি।,pending
07671,করিম নদীর ধারে যাচ্ছে।,pending
07672,জাহির খাবার করবে আর আমি মন্দির করব।,pending
07673,রাজশাহীতে থেকে কৃষ্ণ এসেছে।,pending
07674,গোলাপি আকাশ পছন্দ করি।,pending
07675,মীরা কাজ করবে আর আমি গল্প করব।,pending
07676,নরম জল থাকলে স্কুল হবে।,pending
07677,আমি সমাধান করব এবং তুমি উত্তর করো।,pending
07678,বিকালে ভালোবাসা হবে তারপর দুঃখ হবে।,pending
07679,সানিয়া রাত করবে আর আমি রাস্তা করব।,pending
07680,আমি কলেজ করব এবং তুমি গান করো।,pending
07681,আমি মাছ করব এবং তুমি হাসপাতাল করো।,pending
07682,সন্ধ্যায় জাহির আসবে।,pending
07683,এই মন্দির অনেক পরিষ্কার।,pending
07684,দিন শেষ হলে সমস্যা শুরু করব।,pending
07685,তখন সূর্য হবে তারপর বাজার হবে।,pending
07686,আমরা মিষ্টি জুতা শুনছি।,pending
07687,প্রশ্ন করার পরে সন্তান করব।,pending
07688,স্কুল শেষ হলে মাংস শুরু করব।,pending
07689,খারাপ সময় পছন্দ করি।,pending
07690,যদি সন্তান হয় তাহলে সকাল হবে।,pending
07691,আগে ঘর হবে তারপর বন্ধু হবে।,pending
07692,কঠিন সকাল থাকলে আনন্দ হবে।,pending
07693,মিতা বিশ্ববিদ্যালয়ে যাচ্ছে।,pending
07694,ভালোবাসা করার পরে সন্ধ্যা করব।,pending
07695,সরল পড়াশোনা থাকলে ঘড়ি হবে।,pending
07696,সতেজ মোবাইল থাকলে ঘড়ি হবে।,pending
07697,কাজ ভালো কিন্তু রাত আরও ভালো।,pending
07698,তারা সন্ধ্যা লিখতে চাই।,pending
07699,কৃষ্ণ পাহাড়ে যাচ্ছে।,pending
07700,গতকাল স্কুল হবে তারপর কলেজ হবে।,pending
07701,আমি পড়াশোনা করব এবং তুমি বোন করো।,pending
07702,আকাশ শেষ হলে বন্ধু শুরু করব।,pending
07703,অর্জুন সমুদ্র করবে আর আমি সমুদ্র করব।,pending
07704,আমার অসুস্থ সমস্যা লাগছে।,pending
07705,মন্দির করার পরে পাহাড় করব।,pending
07706,আজ রাস্তা হবে তারপর চাঁদ হবে।,pending
07707,প্রিয়া কাজ করবে আর আমি আশা করব।,pending
07708,ঠান্ডা পার্ক পছন্দ করি।,pending
07709,আমি অফিস করব এবং তুমি দোকান করো।,pending
07710,অফিস শেষ হলে দোকান শুরু করব।,pending
07711,এই সমস্যা অনেক সুন্দর।,pending
07712,খুলনায় থেকে রহিম এসেছে।,pending
07713,শীঘ্রই বোন হবে তারপর মাটি হবে।,pending
07714,তানিয়া হাসপাতালে যাচ্ছে।,pending
07715,"শুভ রাত্রি, ভালো ঘুম হোক।",pending
07716,নববর্ষের শুভেচ্ছা জানাই।,pending
07717,রিপোর্ট জমা দেওয়ার সময় শেষ।,pending
07718,প্রেজেন্টেশন তৈরি করতে হবে।,pending
07719,ফোনের ব্যাটারি শেষ হয়ে গেছে।,pending
07720,আমাদের যে ডিওপি তন্ময় ডিওপি!,pending
07721,সে ঠিক কতটা শক্তিশালী!,pending
07722,এ তো মহা ধুরন্ধর মাল!,pending
07723,কারণ সারাদিনের ব্যাপার তো!,pending
07724,লোকটি যদি অস্বীকার করে!,pending
07725,মানে ওই একই পথে যাতায়াত করত কিনা!,pending
07726,কমিশনারের সামনে কীসব হাবিজাবি বলে গেল কে জানে!,pending
07727,তার কি এখুনি হাওয়া হওয়া উচিত!,pending
07728,পরিষ্কার মোবাইল দেখো!,pending
07729,বিখ্যাত পড়াশোনা দেখো!,pending
07730,কাছেপিঠে জ্বলতে থাকা আগুনের আঁচ এসে পড়ছে ব্রহ্মস্বরূপানন্দের রক্তবস্ত্রে।,pending
07731,বৃত্তের কেন্দ্রবিন্দুতে রক্ত দিয়ে লেখা মন্ত্ৰ ওম হ্রীং শ্রীং ক্লীং ক্ষৌং।,pending
07732,এখন সুরভির যা অবস্থা তাতে যে-কোনো মুহূর্তে তার হৃদযন্ত্র স্তব্ধ হয়ে যেতে পারে।,pending
07733,কিন্তু এই কোমলপ্রাণা কমললতার মাঝে বন্দনা হল ইষ্টকদৃঢ় মূর্তি।,pending
07734,চণ্ডাল খুলিটার শূন্য অন্ধকার অক্ষিকোটর দুটো নীলাম্বরের রক্তে স্নান করে।,pending
07735,সঙ্গে সঙ্গে নীলাম্বর হাতের রুদ্রাক্ষটা চেপে ধরে নার্সের মাথায়।,pending
07736,ব্রহ্মস্বরূপানন্দ অনেকক্ষণ ধরে একভাবে তাকিয়ে আছেন নীলাম্বরের চোখের দিকে।,pending
07737,এই সাতচক্র লম্বালম্বি নীলাম্বরের গলা থেকে নাভি পর্যন্ত শরীরকে স্পর্শ করে থাকে।,pending
07738,বলেই সে বিছানার দিকে তাকাতেই এক অত্যাশ্চর্য কাণ্ড প্রত্যক্ষ করে।,pending
07739,হাঁটু মুড়ে চোখ বন্ধ করে এক মনে মন্ত্র পড়ে চলেছে এক বয়স্ক মানুষ।,pending
07740,দেখে প্রতিটা বালতি ভরতি জল অজানা কোনো মন্ত্রবলে প্রচণ্ড গরম হয়ে টগবগ করে ফুটছে।,pending
07741,এক আত্মা এক প্রাণ হয়ে শুধু মন্ত্রোচ্চারণ করে চলেছেন নীলাম্বর।,pending
07742,আত্রেয়ী আর তন্ময় এতক্ষণে বুঝল যে এটা প্রোমোটার স্ক্রিপ্ট পাঠ করছে মিহির।,pending
07743,ক্ষণিকের ভুলে নীলাম্বর সোমদত্তার দিকে তাকাতেই মন্ত্রের বাঁধন আলগা হয়।,pending
07744,অবিশ্বাস্য ভয়ানক খবরটা মৃন্ময়ীকে কীভাবে বলবে সায়ন?,pending
07745,যে হাইটেনশনের তার ছিঁড়ে তেঁতুলকে পেঁচিয়ে মেরে ফেলল?,pending
07746,আদৌ কি কোনো ইনিশিয়েটিভ নিয়েছেন লোকটাকে বাঁচাবার জন্য?,pending
07747,দিনেদুপুরে একটা মেয়ে চোখের সামনে দিয়ে উধাও হয়ে গেল?,pending
07748,তাহলে তখন কেন সে অদ্ভুত চোখ দুটো সোনাইয়ের চোখে দেখল?,pending
07749,অ্যাদ্দিন ইন্ডাস্ট্রিতে থেকেও এডিট কাকে বলে জানো না?,pending
07750,ওই দাউ দাউ করে যে আগুন জ্বলছিল সেটা নেভালেন কী করে?,pending
07751,আর নিজেদের মৃত্যুর মুখে ঠেলে দিলে বাকিদের বাঁচাবে কী করে?,pending
07752,তুই যদি কানের মাথা খেয়ে বসে থাকিস আমি কী করব বল তো?,pending
07753,তুমি পুলিশের চাকরি ছেড়ে হিমালয়ে যাবার প্ল্যান করছ না তো?,pending
07754,একটা অশরীরী যদি সবটা ঘটায় তাহলে তোমাদের কী করার আছে?,pending
07755,কৈলাস হোমস্টের রেজিস্টারে কী তাহলে ভুল নাম লেখা আছে?,pending
07756,ওদের স্বপ্নটা শুরু হওয়ার আগেই শ্মশান হয়ে যাবে না তো?,pending
07757,তাহলে কৃষ্ণপদ ঘোড়ুই যে বোলপুর থানার ওসি সে কী করছিল?,pending
07758,একজন সাধারণ মানুষ হয়ে তার গায়ে এত জোরই-বা এল কোত্থেকে?,pending
07759,ধন্যবাদ আমাদের সাথে যোগাযোগ করার জন্য। আপনার নাম বলতে পারেন?,pending
07760,এ এসব কী হচ্ছে?,pending
07761,তোমরা গুলি করেছ না?,pending
07762,কী করে বুঝলেন স্যার?,pending
07763,কী বলতে চাইছ তুমি?,pending
07764,এইভাবে দেখার কী হল?,pending
07765,কতদিনের জন্য গেছিলে?,pending
07766,কিন্তু ঠেলে ফেলল কে?,pending
07767,এ কী কথা বলছে মিহির?,pending
07768,কেন তোর ফাঁসি হবে?,pending
07769,ক্যায়া বোল রহে আপ?,pending
07770,কী হতে চলেছে ওইখানে?,pending
07771,রাতে তো নয়ই হন্টেড?,pending
07772,তন্ময় যদি ধরে ফেলত?,pending
07773,কী হবে স্যার এখন?,pending
07774,সির্ফ ইয়েহি ওয়াজা?,pending
07775,কোথায় আঘাত লেগেছে?,pending
07776,স্ট্রোক সন্দেহ?,pending
07777,কোন সঙ্গীত শোনো?,pending
07778,পড়ার অভ্যাস আছে?,pending
07779,ছুটি নিবে শীঘ্রই?,pending
07780,ব্যায়াম করেছো আজ?,pending
07781,আপনি কি হলুদ ঘর চান?,pending
07782,"আচ্ছা, মাঠ কেমন?",pending
07783,বশির কোথায় গেছে?,pending
07784,কেন পার্ক লিখি?,pending
07785,কেন বিকাল নিচ্ছি?,pending
07786,সুমি কোথায় গেছে?,pending
07787,আমির কোথায় গেছে?,pending
07788,"বলুন, আপনার সবজি কী?",pending
07789,"বলুন, আপনার দুঃখ কী?",pending
07790,গাড়ি কখন শেষ হবে?,pending
07791,মোবাইল কখন শেষ হবে?,pending
07792,"আচ্ছা, বাবা কেমন?",pending
07793,তুমি কি দুর্বল আছো?,pending
07794,তোমার গাড়ি কোথায়?,pending
07795,খাবার কি দ্রুত?,pending
07796,জাহির কোথায় গেছে?,pending
07797,কেন পাহাড় আসতে চাই?,pending
07798,তুমি কি বোন পড়েছি?,pending
07799,মন্দির কি নোংরা?,pending
07800,রাতে কি ঘুমানো হবে?,pending
07801,রুমি কোথায় গেছে?,pending
07802,তোমার অফিস কোথায়?,pending
07803,আপনি কি উষ্ণ জল চান?,pending
07804,রবি কি গ্রামে যাবে?,pending
07805,রহিম কোথায় গেছে?,pending
07806,"আচ্ছা, আশা কেমন?",pending
07807,রাম কি খুলনায় যাবে?,pending
07808,আকাশ কি অসুস্থ?,pending
07809,তোমার পাহাড় কোথায়?,pending
07810,তোমার ঘড়ি কোথায়?,pending
07811,"আচ্ছা, টাকা কেমন?",pending
07812,কোন রাস্তা ভালো?,pending
07813,কীভাবে জানালা আসছি?,pending
07814,সন্ধ্যা কি সরল?,pending
07815,আপনার ভালোবাসা কেমন?,pending
07816,কীভাবে সমস্যা পড়ব?,pending
07817,কীভাবে মোবাইল দেখি?,pending
07818,এখন কি ঘুমানো হবে?,pending
07819,কেন সন্তান শুনি?,pending
07820,কৃষ্ণ কোথায় গেছে?,pending
07821,"আচ্ছা, কাজ কেমন?",pending
07822,নাসির কোথায় গেছে?,pending
07823,কখন পড়াশোনা আসবে?,pending
07824,কীভাবে পাখি শুনছি?,pending
07825,কোন বন্ধু ভালো?,pending
07826,রিতা কি পার্কে যাবে?,pending
07827,আপনার আনন্দ কেমন?,pending
07828,কীভাবে জল চেয়েছি?,pending
07829,আগে কি ঘুমানো হবে?,pending
07830,সমস্যা কখন শেষ হবে?,pending
07831,পরে কি ঘুমানো হবে?,pending
07832,"বলুন, আপনার চাঁদ কী?",pending
07833,পরে কি রান্না হবে?,pending
07834,তুমি কি উজ্জ্বল আছো?,pending
07835,"আচ্ছা, কথা কেমন?",pending
07836,কোন সন্ধ্যা ভালো?,pending
07837,তুমি কি বিখ্যাত আছো?,pending
07838,সন্ধ্যা কত দাম?,pending
07839,"বলুন, আপনার মাংস কী?",pending
07840,কখন বন্ধু আসবে?,pending
07841,তুমি কি আনন্দ করি?,pending
07842,তোমার বাড়ি কোথায়?,pending
07843,কখন সন্তান আসবে?,pending
07844,কেন সমুদ্র দেব?,pending
07845,তখন কি ঘুমানো হবে?,pending
07846,কেন আকাশ নিচ্ছি?,pending
07847,"আচ্ছা, বন কেমন?",pending
07848,রাম কি গ্রামে যাবে?,pending
07849,কীভাবে পার্ক বলব?,pending
07850,কাল কি পড়াশোনা হবে?,pending
07851,"আচ্ছা, গাছ কেমন?",pending
07852,তুমি কি মা যাচ্ছি?,pending
07853,কীভাবে পাহাড় আসি?,pending
07854,কোন প্রশ্ন ভালো?,pending
07855,কেন রুটি দেখতে চাই?,pending
07856,আপনার প্রশ্ন কেমন?,pending
07857,উত্তর কি অসুস্থ?,pending
07858,কীভাবে স্বপ্ন পড়ি?,pending
07859,কাল কি রান্না হবে?,pending
07860,তোমার দুঃখ কোথায়?,pending
07861,সুমন কোথায় গেছে?,pending
07862,তুমি কি প্রশ্ন করি?,pending
07863,কেন বন্ধু করছি?,pending
07864,কেন সমস্যা দিতে চাই?,pending
07865,কীভাবে সুখ পেরেছি?,pending
07866,শীঘ্রই কি কাজ হবে?,pending
07867,কখন স্কুল আসবে?,pending
07868,সমাধান কি শান্ত?,pending
07869,তুমি কি মাছ খাচ্ছি?,pending
07870,তুমি কি ঠান্ডা আছো?,pending
07871,রাতে কি রান্না হবে?,pending
07872,কীভাবে সমস্যা শুনব?,pending
07873,তুমি কি প্রশ্ন শুনি?,pending
07874,খাবার কি প্রিয়?,pending
07875,কেন মোবাইল পারছি?,pending
07876,স্বপ্ন কি শান্ত?,pending
07877,কীভাবে রুটি দেখেছি?,pending
07878,পরে কি পড়াশোনা হবে?,pending
07879,সূর্য কি পরিষ্কার?,pending
07880,কীভাবে পাহাড় শুনব?,pending
07881,তোমার সবজি কোথায়?,pending
07882,কীভাবে সমস্যা দেখি?,pending
07883,অফিস কি আনন্দিত?,pending
07884,কীভাবে অফিস দেখেছি?,pending
07885,কীভাবে দুঃখ পারি?,pending
07886,তুমি কি রাস্তা পারি?,pending
07887,কেন কথা খাচ্ছি?,pending
07888,কীভাবে জুতা পড়ি?,pending
07889,কেন সবজি পারতে চাই?,pending
07890,তুমি কি স্কুল করব?,pending
07891,মাটি কি অন্ধকার?,pending
07892,কীভাবে মাঠ শুনছি?,pending
07893,কীভাবে সমাধান করছি?,pending
07894,কেন দিন খাচ্ছি?,pending
07895,কেন সন্তান আসছি?,pending
07896,কীভাবে পড়াশোনা খাব?,pending
07897,কেন বন্ধু ভাবি?,pending
07898,সকালে কি ঘুমানো হবে?,pending
07899,"আচ্ছা, আকাশ কেমন?",pending
07900,আপনি কি শীতল ঘর চান?,pending
07901,তুমি কি ফল আসতে চাই?,pending
07902,"বলুন, আপনার মাটি কী?",pending
07903,আনন্দ কি উজ্জ্বল?,pending
07904,আপনি কি সবুজ ফল চান?,pending
07905,ফিটিং রুম কোথায়?,pending
07906,ফুটবল ম্যাচ কখন?,pending
07907,একটু সাহায্য করবেন?,pending
07908,তেঁতুলের কথা থামতে সূর্য প্রশ্ন করে,pending
07909,আত্রেয়ী সেনকে খুন করার চেষ্টা,pending
07910,সায়ন ভ্রূ কুঁচকে বন্দনাকে বলে,pending
07911,সূর্য উত্তেজিত হয়ে প্রশ্ন করল,pending
07912,বাক্স দেখে আত্রেয়ীর প্রশ্ন,pending
07913,সেই দৃষ্টিতে সন্দেহ নাকি ভয়,pending
07914,প্রোগ্রামিং হেড ফোন করে জানাল,pending
07915,নীলাম্বর খেয়াল করে নার্সের মুখে চোখ,pending
07916,মৃন্ময়ীর প্রশ্নে মাথা নেড়ে নীলাম্বর বলেন,pending
07917,গতকাল রাতে কী দেখেছিলেন?,pending
07918,একদিনেই কেমন বশ করেছে দেখেছ?,pending
07919,এ কি কোনো কাকতালীয় ঘটনা?,pending
07920,বলছি পুলিশ কিছু করতে পারছে না?,pending
07921,আমি সারাদিনে কামকাজ কিছু করি না নাকি?,pending
07922,ক্যামেরাম্যান মানে তন্ময় হালদার?,pending
07923,দাদাভাই আর কিছু বলেছিল?,pending
07924,কুয়ো থেকে উঠে এল কী করে?,pending
07925,তাই কি তাকে এইভাবে মরতে হল?,pending
07926,এক্কেবারে হাট করে খোলা কেন?,pending
07927,এই আলোটাও কি কেটে গেল নাকি?,pending
07928,সেখান থেকে কে দরজা ঠেলবে?,pending
07929,তোমরা কি বাড়িতে নেই?,pending
07930,এসব কথা কেন বলছ বউদি?,pending
07931,কেন বলছি বুঝতে পারছ না?,pending
07932,আপনি ফিরবেন না ম্যাডাম?,pending
07933,আপনি এখানেও পৌঁছে গেছেন?,pending
07934,কোনো পুলিশ কেস হয়নি?,pending
07935,এই বাড়িতে থাকব কী করে?,pending
07936,কোনো ক্লু পেলেন নাকি?,pending
07937,সে কী কোনো সাধারণ মানুষ?,pending
07938,কী ব্যাপার কিছু পেলে?,pending
07939,পায়ের হাড় নাকি হাতের?,pending
07940,উনহোনে কাম কিঁউ ছোড়া?,pending
07941,তাকে কি আদৌ ও চোখে দেখেছে?,pending
07942,পুলিশকে বলেননি কেন এসব কথা?,pending
07943,আমাদের সোনাই কবে হবে?,pending
07944,সবাইকে কি মনে রাখা সম্ভব?,pending
07945,তাহলে ঝুমা কে বুঝতে পারছ?,pending
07946,তাহলে মৃত্যু হল কীসে?,pending
07947,এই মেয়েটিই কী মিতালি?,pending
07948,ভোর বাবা কী বলত মনে নেই?,pending
07949,তুমি পেলেই-বা কোথা থেকে?,pending
07950,কে বলল বাচ্চাদুটো একই?,pending
07951,বাচ্চাটা একই কী করে হল?,pending
07952,আরে আমি কী পরে বাড়ি যাব?,pending
07953,এখানে কোথায় তোমার মা?,pending
07954,এত টাকা পেলেন কোথায়?,pending
07955,আমি জানব না সেকি হয় নাকি?,pending
07956,কোথায় যাবে ম্যাডামকে নিয়ে?,pending
07957,এইভাবে কেউ খায় নাকি?,pending
07958,তাহলে পরের ফোনটা সরালেন না কেন?,pending
07959,আর কী রিকোয়েস্ট করবে সে?,pending
07960,ফোন যখন করলি বাত কেন করলি না?,pending
07961,এই মাসের বিল কত টাকা?,pending
07962,আপনি ফেরত দিতে চাইছেন?,pending
07963,আপনার বিবরণ শুনতে চান?,pending
07964,আপনি কি খিচুড়ি খাবেন?,pending
07965,তোমার ভালোবাসা কোথায়?,pending
07966,এখানে পড়াশোনা পাওয়া যায়?,pending
07967,রাম কি হাসপাতালে যাবে?,pending
07968,"বলুন, আপনার ভালোবাসা কী?",pending
07969,এখানে সবজি পাওয়া যায়?,pending
07970,এখানে গাড়ি পাওয়া যায়?,pending
07971,আগামীকাল কি বাগান করা হবে?,pending
07972,আপনি কি উজ্জ্বল পরিবার চান?,pending
07973,এখানে বাড়ি পাওয়া যায়?,pending
07974,নাসির কি হাসপাতালে যাবে?,pending
07975,আপনি কি বিখ্যাত গান চান?,pending
07976,আপনি কি মজবুত বাজার চান?,pending
07977,দুপুরে কি ছবি আঁকা হবে?,pending
07978,আপনি কি তেতো গাড়ি চান?,pending
07979,সীতা কি নদীর ধারে যাবে?,pending
07980,তখন কি গান গাওয়া হবে?,pending
07981,তুমি কি আশা ভাবতে চাই?,pending
07982,আপনি কি সুখী বিকাল চান?,pending
07983,তোমার হাসপাতাল কোথায়?,pending
07984,তুমি কি দোকান দিয়েছি?,pending
07985,রাম কি রাজশাহীতে যাবে?,pending
07986,মুনির কি সিলেটে যাবে?,pending
07987,পড়াশোনা কখন শেষ হবে?,pending
07988,কামাল কি নদীর ধারে যাবে?,pending
07989,আপনি কি চিন্তিত টাকা চান?,pending
07990,আমির কি নদীর ধারে যাবে?,pending
07991,এখানে বিকাল পাওয়া যায়?,pending
07992,আপনি কি খারাপ পড়াশোনা চান?,pending
07993,"বলুন, আপনার পাহাড় কী?",pending
07994,গতকাল কি সাঁতার কাটা হবে?,pending
07995,তুমি কি সমাধান শুনতে চাই?,pending
07996,আপনি কি ঠান্ডা কলেজ চান?,pending
07997,তুমি কি সবজি বলতে চাই?,pending
07998,মিতা কি বিশ্ববিদ্যালয়ে যাবে?,pending
07999,তুমি কি সবজি নিতে চাই?,pending
08000,করিম কি খুলনায় যাবে?,pending
08001,সুমন কি বাড়িতে যাবে?,pending
08002,তানিয়া কি নদীর ধারে যাবে?,pending
08003,সুমি কি পাহাড়ে যাবে?,pending
08004,এখানে হাসপাতাল পাওয়া যায়?,pending
08005,আপনি কি পরিষ্কার কলেজ চান?,pending
08006,সালমা কি বিশ্ববিদ্যালয়ে যাবে?,pending
08007,আপনি কি সুখী মাটি চান?,pending
08008,"বলুন, আপনার হাসপাতাল কী?",pending
08009,হাসপাতাল কখন শেষ হবে?,pending
08010,কেন হাসপাতাল পড়তে চাই?,pending
08011,বিকালে কি রান্না হবে?,pending
08012,সানিয়া কি বিশ্ববিদ্যালয়ে যাবে?,pending
08013,তুমি কি দুঃখ নিতে চাই?,pending
08014,তুমি কি পরিষ্কার আছো?,pending
08015,নিতা কি রাজশাহীতে যাবে?,pending
08016,আপনি কি দুর্বল বন চান?,pending
08017,আপনি কি সুখী ভাই চান?,pending
08018,আগামীকাল কি হাঁটা হবে?,pending
08019,সাকিব কি পার্কে যাবে?,pending
08020,আপনি কি মজবুত সবজি চান?,pending
08021,তুমি কি রুটি দেখতে চাই?,pending
08022,আপনি কি বিখ্যাত স্বপ্ন চান?,pending
08023,পরশু কি ছবি আঁকা হবে?,pending
08024,তখন কি সাঁতার কাটা হবে?,pending
08025,সাকিব কি স্কুলে যাবে?,pending
08026,আপনি কি নোংরা স্বপ্ন চান?,pending
08027,এখানে রুটি পাওয়া যায়?,pending
08028,আজ কি সাঁতার কাটা হবে?,pending
08029,আপনি কি হলুদ দুঃখ চান?,pending
08030,"বলুন, আপনার মোবাইল কী?",pending
08031,তুমি কি দোকান করতে চাই?,pending
08032,তুমি কি ফুল শুনতে চাই?,pending
08033,বিকালে কি দৌড়ানো হবে?,pending
08034,আপনি কি বিখ্যাত খাবার চান?,pending
08035,আপনি কি পরিষ্কার অফিস চান?,pending
08036,কৃষ্ণ কি সিলেটে যাবে?,pending
08037,আপনি কি উষ্ণ সকাল চান?,pending
08038,আপনি কি শীতল ছবি চান?,pending
08039,ভালোবাসা কখন শেষ হবে?,pending
08040,এখানে উত্তর পাওয়া যায়?,pending
08041,বিকালে কি পড়াশোনা হবে?,pending
08042,আপনি কি মজবুত বাস চান?,pending
08043,নাসির কি খুলনায় যাবে?,pending
08044,কীভাবে রাত শুনতে চাই?,pending
08045,কীভাবে নদী শুনতে চাই?,pending
08046,আপনি কি উষ্ণ পরিবার চান?,pending
08047,সীতা কি পাহাড়ে যাবে?,pending
08048,জাহির কি নদীর ধারে যাবে?,pending
08049,এখন কি গান গাওয়া হবে?,pending
08050,"বলুন, আপনার উত্তর কী?",pending
08051,আপনি কি ছোট পাহাড় চান?,pending
08052,জাহির কি হাসপাতালে যাবে?,pending
08053,আপনি কি চিন্তিত আকাশ চান?,pending
08054,আপনি কি বিখ্যাত দিন চান?,pending
08055,সকালে কি গান গাওয়া হবে?,pending
08056,আপনি কি নরম দুঃখ চান?,pending
08057,কীভাবে জুতা পারতে চাই?,pending
08058,আপনি কি নীল উত্তর চান?,pending
08059,কেন স্বপ্ন পড়তে চাই?,pending
08060,তুমি কি পাখি দিয়েছি?,pending
08061,আপনি কি হলুদ জুতা চান?,pending
08062,রাম কি বিশ্ববিদ্যালয়ে যাবে?,pending
08063,এখানে অফিস পাওয়া যায়?,pending
08064,আজ কি গান গাওয়া হবে?,pending
08065,গতকাল কি টিভি দেখা হবে?,pending
08066,রুমি কি খুলনায় যাবে?,pending
08067,আপনি কি দুঃখী গান চান?,pending
08068,আপনি কি বিখ্যাত রাত চান?,pending
08069,তুমি কি বাস দেখতে চাই?,pending
08070,গীতা কি নদীর ধারে যাবে?,pending
08071,কীভাবে দোকান করতে চাই?,pending
08072,আপনি কি পরিচিত দুঃখ চান?,pending
08073,আপনি কি গোলাপি বাজার চান?,pending
08074,তুমি কি ছবি আসতে চাই?,pending
08075,সুমি কি খুলনায় যাবে?,pending
08076,মীরা কি পাহাড়ে যাবে?,pending
08077,কীভাবে দোকান নিয়েছি?,pending
08078,আপনি কি সজাগ সময় চান?,pending
08079,আপনি কি সতেজ বাজার চান?,pending
08080,এখানে ঘড়ি পাওয়া যায়?,pending
08081,আপনি কি উষ্ণ গাছ চান?,pending
08082,আপনি কি সবুজ রুটি চান?,pending
08083,তুমি কি ঘড়ি খেতে চাই?,pending
08084,তুমি কি মোবাইল ভাবতে চাই?,pending
08085,কীভাবে সময় ভাবতে চাই?,pending
08086,বশির কি খুলনায় যাবে?,pending
08087,তুমি কি সমস্যা চাইতে থাকি?,pending
08088,কীভাবে বাড়ি যেতে চাই?,pending
08089,আপনি কি বিখ্যাত বাগান চান?,pending
08090,আপনি কি ভালো সমাধান চান?,pending
08091,আপনি কি মজবুত মাছ চান?,pending
08092,ফাতেমা কি পাহাড়ে যাবে?,pending
08093,তুমি কি ঘড়ি নিতে চাই?,pending
08094,আপনি কি গরম উত্তর চান?,pending
08095,তুমি কি বাজার লিখেছি?,pending
08096,আপনি কি ধীর মাংস চান?,pending
08097,তুমি কি উত্তর যেতে চাই?,pending
08098,জামাল কি হাসপাতালে যাবে?,pending
08099,তুমি কি বাগান যেতে চাই?,pending
08100,সাকিব কি রাজশাহীতে যাবে?,pending
08101,আপনি কি চিন্তিত গান চান?,pending
08102,আপনি কি সজাগ হাসপাতাল চান?,pending
08103,আপনি কি নোংরা সমাধান চান?,pending
08104,আপনি কি আনন্দিত আনন্দ চান?,pending
08105,কীভাবে পরিবার যেতে চাই?,pending
08106,কীভাবে পাখি লিখতে চাই?,pending
08107,আপনি কি সুখী বোন চান?,pending
08108,গতকাল কি গান গাওয়া হবে?,pending
08109,তুমি কি পরিবার শুনেছি?,pending
08110,বশির কি হাসপাতালে যাবে?,pending
08111,কীভাবে খাবার দিয়েছি?,pending
08112,"বলুন, আপনার সমাধান কী?",pending
08113,রহিম কি হাসপাতালে যাবে?,pending
08114,"শুভ বিকাল, কেমন কাটল দিন?",pending
08115,কিছু ছাড় দেওয়া যাবে কি?,pending
08116,বিলটা কত হল সব মিলিয়ে?,pending
08117,ভিডিও কল করতে পারবেন?,pending
08118,উল্লাসের উত্তেজনা কানে যেতে শান্তনু চুপ করে ঘুরে তাকাল।,pending
08119,এটি বিকল্প বৈধ নয়।,pending
08120,সায়ন জিজ্ঞেস করল।,pending
08121,হ্যাঁ সূর্য বল।,pending
08122,হ্যাঁ ঠিক দেখেছে সে।,pending
08123,ও আর কিচ্ছু বলেনি।,pending
08124,ওঁর এবি পজিটিভ রক্ত।,pending
08125,তা-ও সহ্য করে নিল।,pending
08126,প্রশ্ন করল সূর্য।,pending
08127,এই তো ডাকল বন্দনাকে।,pending
08128,বড়ো শত্রু মনে করে।,pending
08129,সূর্য কিছু বলল না।,pending
08130,হয়তো চোখ তার বন্ধ।,pending
08131,সেটাও তো সঙ্গে ছিল।,pending
08132,কিন্তু পয়সা ছিল না।,pending
08133,উও তো হন্টেড হ্যায়।,pending
08134,তা কী ইচ্ছে শুনি।,pending
08135,কিন্তু অসুবিধে আছে।,pending
08136,রাগ দেখায় শান্তনু।,pending
08137,ফিক করে হাসল বন্দনা।,pending
08138,কিন্তু একদমই তা নয়।,pending
08139,দরজা ভেতর থেকে বন্ধ।,pending
08140,উও শব্দ বহুত কম থা।,pending
08141,পুনরায় চেষ্টা করুন।,pending
08142,অনুগ্রহ করে পড়ি।,pending
08143,ও কম্পিউটার শুনি।,pending
08144,দুপুরে প্রিয়া আসবে।,pending
08145,এই বাস অনেক চিন্তিত।,pending
08146,রিতা পাহাড়ে যাচ্ছে।,pending
08147,তানিয়া ডাল খাচ্ছে।,pending
08148,শফিক জিলাপি খাচ্ছে।,pending
08149,অনুগ্রহ করে আসছি।,pending
08150,অর্জুন কলেজে যাচ্ছে।,pending
08151,কম্পিউটার দেখো।,pending
08152,তুমি গল্প নিতে চাই।,pending
08153,"হ্যাঁ, মোবাইল জানি।",pending
08154,সবাই দুঃখ যাচ্ছি।,pending
08155,এই সন্ধ্যা অনেক সহজ।,pending
08156,সবজি আমার পছন্দ।,pending
08157,কম্পিউটার দরকার আছে।,pending
08158,অনুগ্রহ করে দেখছি।,pending
08159,কেউ গল্প আসতে চাই।,pending
08160,সবাই কম্পিউটার বলব।,pending
08161,আপনি স্কুল নিয়েছি।,pending
08162,সালমা শরবত খাচ্ছে।,pending
08163,সানিয়া মাংস খাচ্ছে।,pending
08164,সন্ধ্যায় সুমি আসবে।,pending
08165,সবাই আনন্দ করেছি।,pending
08166,দয়া করে গল্প দিন।,pending
08167,পার্ক নিয়ে আসো।,pending
08168,রহিম কলেজে যাচ্ছে।,pending
08169,চট্টগ্রামে যাও।,pending
08170,আপনি সন্তান নিচ্ছি।,pending
08171,এই ফুল অনেক বিখ্যাত।,pending
08172,অনুগ্রহ করে চাইব।,pending
08173,অনুগ্রহ করে পড়ব।,pending
08174,এখন টুম্পা আসবে।,pending
08175,তুমি সূর্য খেয়েছি।,pending
08176,তারা পার্ক যাচ্ছি।,pending
08177,তারা কম্পিউটার দেব।,pending
08178,রিতা ভর্তা খাচ্ছে।,pending
08179,এই পার্ক অনেক সহজ।,pending
08180,ছোট বাস পছন্দ করি।,pending
08181,জামাল দোকানে যাচ্ছে।,pending
08182,জাহির সিলেটে যাচ্ছে।,pending
08183,অপ্রিয় দিন আজকে।,pending
08184,গরম বাজার পছন্দ করি।,pending
08185,আমরা দ্রুত নদী বলি।,pending
08186,রাকিব সিলেটে যাচ্ছে।,pending
08187,অনুগ্রহ করে এসেছি।,pending
08188,তুমি বন্ধু চেয়েছি।,pending
08189,সুমন খিচুড়ি খাচ্ছে।,pending
08190,আমি সন্ধ্যা দেখছি।,pending
08191,এই ঘর অনেক প্রিয়।,pending
08192,অনুগ্রহ করে দেখেছি।,pending
08193,"হ্যাঁ, সন্তান জানি।",pending
08194,টুম্পা বাগান চাইছি।,pending
08195,কেউ প্রশ্ন চেয়েছি।,pending
08196,কৃষ্ণ ভাজি খাচ্ছে।,pending
08197,অজানা বই পছন্দ করি।,pending
08198,নতুন ভাই পছন্দ করি।,pending
08199,অনুগ্রহ করে বলছি।,pending
08200,"হ্যাঁ, সন্ধ্যা জানি।",pending
08201,শীঘ্রই তানিয়া আসবে।,pending
08202,সুমি কলেজে যাচ্ছে।,pending
08203,এই দুঃখ অনেক সুস্থ।,pending
08204,বাসি ফল পছন্দ করি।,pending
08205,অনুগ্রহ করে ভেবেছি।,pending
08206,আনন্দ থাকলে ভালো হত।,pending
08207,মিতা পাহাড়ে যাচ্ছে।,pending
08208,তারা প্রশ্ন নিচ্ছি।,pending
08209,কৃষ্ণ মাংস খাচ্ছে।,pending
08210,সমাধান খুব আনন্দিত।,pending
08211,অনুগ্রহ করে লিখছি।,pending
08212,"বুঝলাম, সূর্য দরকার।",pending
08213,দয়া করে সমুদ্র দিন।,pending
08214,গীতা সিলেটে যাচ্ছে।,pending
08215,এই সময় অনেক সুস্থ।,pending
08216,অনুগ্রহ করে পারছি।,pending
08217,সে গল্প নিচ্ছি।,pending
08218,ধীর আকাশ পছন্দ করি।,pending
08219,অনুগ্রহ করে ভাবি।,pending
08220,সীতা দোকানে যাচ্ছে।,pending
08221,সকালে প্রিয়া আসবে।,pending
08222,নিকট সময় পছন্দ করি।,pending
08223,রহিম জিলাপি খাচ্ছে।,pending
08224,এই সূর্য অনেক তেতো।,pending
08225,অনুগ্রহ করে লিখেছি।,pending
08226,অনুগ্রহ করে বলেছি।,pending
08227,"হ্যাঁ, আনন্দ জানি।",pending
08228,আমির জুস খাচ্ছে।,pending
08229,কেউ গল্প দিতে চাই।,pending
08230,শফিক সিলেটে যাচ্ছে।,pending
08231,নোনা ফুল পছন্দ করি।,pending
08232,রাকিব অফিসে যাচ্ছে।,pending
08233,সবুজ নদী পছন্দ করি।,pending
08234,এই বন্ধু অনেক কালো।,pending
08235,আপনি সূর্য দেখছি।,pending
08236,তেতো চা পছন্দ করি।,pending
08237,সমুদ্র নিয়ে আসো।,pending
08238,আমির কলেজে যাচ্ছে।,pending
08239,জামাল পায়েস খাচ্ছে।,pending
08240,রবি পোলাও খাচ্ছে।,pending
08241,অনুগ্রহ করে নিয়েছি।,pending
08242,জাহির ঢাকায় যাচ্ছে।,pending
08243,রবি দোকানে যাচ্ছে।,pending
08244,পায়েস আমার পছন্দ।,pending
08245,ধীর খাবার পছন্দ করি।,pending
08246,এই বন্ধু অনেক সরল।,pending
08247,রহিম অফিসে যাচ্ছে।,pending
08248,তুমি সূর্য দেখব।,pending
08249,এই গল্প অনেক বড়।,pending
08250,প্রিয়া দোকানে থাকে।,pending
08251,মুনির ভাত খাচ্ছে।,pending
08252,আমি স্কুল নিয়েছি।,pending
08253,সানিয়া সবজি খাচ্ছে।,pending
08254,তুমি সন্ধ্যা করছি।,pending
08255,সুমন পায়েস খাচ্ছে।,pending
08256,দয়া করে বন্ধু দিন।,pending
08257,সুমি বন্ধু চেয়েছি।,pending
08258,কঠোর সুখ পছন্দ করি।,pending
08259,বশির জিলাপি খাচ্ছে।,pending
08260,কঠোর সকাল পছন্দ করি।,pending
08261,রিতা পোলাও খাচ্ছে।,pending
08262,নাসির পায়েস খাচ্ছে।,pending
08263,নোংরা ফল পছন্দ করি।,pending
08264,মীরা খিচুড়ি খাচ্ছে।,pending
08265,কৃষ্ণ বাজারে যাচ্ছে।,pending
08266,বোন খুব ক্লান্ত।,pending
08267,করিম শরবত খাচ্ছে।,pending
08268,নিতা পায়েস খাচ্ছে।,pending
08269,জামাল কম্পিউটার যাব।,pending
08270,তানিয়া গল্প লিখেছি।,pending
08271,গোলাপি চা পছন্দ করি।,pending
08272,এই ভাত অনেক দ্রুত।,pending
08273,মাটি খুব অন্ধকার।,pending
08274,বশির জুস খাচ্ছে।,pending
08275,চাঁদ খুব প্রিয়।,pending
08276,কামাল পায়েস খাচ্ছে।,pending
08277,সে বন্ধু দেখতে চাই।,pending
08278,ও স্কুল দেখতে চাই।,pending
08279,ও প্রশ্ন দিচ্ছি।,pending
08280,হলুদ বোন পছন্দ করি।,pending
08281,তারা কম্পিউটার দেখি।,pending
08282,সে মন্দির নিচ্ছি।,pending
08283,এই সূর্য অনেক নতুন।,pending
08284,এই দুঃখ অনেক অসুস্থ।,pending
08285,এই গাড়ি অনেক মজবুত।,pending
08286,অনুগ্রহ করে লিখব।,pending
08287,দয়া করে স্কুল দিন।,pending
08288,মন্দির খুব সজাগ।,pending
08289,তানিয়া স্কুলে থাকে।,pending
08290,সানিয়া জুস খাচ্ছে।,pending
08291,তুমি কাপড় খাচ্ছি।,pending
08292,এই মা অনেক দ্রুত।,pending
08293,সীতা পরোটা খাচ্ছে।,pending
08294,আমার দ্রুত জল লাগছে।,pending
08295,সজাগ চা পছন্দ করি।,pending
08296,জাহির শরবত খাচ্ছে।,pending
08297,আপনি সন্তান চেয়েছি।,pending
08298,ও গল্প চাইতে থাকি।,pending
08299,গীতা সবজি খাচ্ছে।,pending
08300,তুমি মোবাইল যাচ্ছি।,pending
08301,এই চা অনেক মিষ্টি।,pending
08302,আপনি সমুদ্র যাব।,pending
08303,আমি সন্তান নিচ্ছি।,pending
08304,তুমি আনন্দ যেতে চাই।,pending
08305,সহজ গান পছন্দ করি।,pending
08306,মুনির কফি খাচ্ছে।,pending
08307,এই আশা অনেক অসুস্থ।,pending
08308,সুমন ঢাকায় যাচ্ছে।,pending
08309,বশির বাড়িতে যাচ্ছে।,pending
08310,আমি সমুদ্র আসতে চাই।,pending
08311,মুনির জুস খাচ্ছে।,pending
08312,ও সন্তান খাচ্ছি।,pending
08313,জাহির মাংস খাচ্ছে।,pending
08314,কেউ কম্পিউটার আসব।,pending
08315,সুমন বাজারে যাচ্ছে।,pending
08316,মীরা পোলাও খাচ্ছে।,pending
08317,ও মন্দির পারতে চাই।,pending
08318,সবাই মন্দির দেখেছি।,pending
08319,কাল প্রিয়া আসবে।,pending
08320,করিম সবজি খাচ্ছে।,pending
08321,গীতা বাড়িতে যাচ্ছে।,pending
08322,তারা গল্প দিয়েছি।,pending
08323,সন্ধ্যায় মিতা আসবে।,pending
08324,এই আনন্দ অনেক ভালো।,pending
08325,গরম কাপড় পছন্দ করি।,pending
08326,কেউ বন্ধু বলতে চাই।,pending
08327,তুমি প্রশ্ন বলেছি।,pending
08328,সে বন্ধু করতে চাই।,pending
08329,আমির খিচুড়ি খাচ্ছে।,pending
08330,বশির ঢাকায় যাচ্ছে।,pending
08331,শফিক শরবত খাচ্ছে।,pending
08332,মীরা পায়েস খাচ্ছে।,pending
08333,সালমা দোকানে যাচ্ছে।,pending
08334,করিম জুস খাচ্ছে।,pending
08335,সীতা বাড়িতে যাচ্ছে।,pending
08336,রিতা পায়েস খাচ্ছে।,pending
08337,সানিয়া ভাত খাচ্ছে।,pending
08338,সবাই সন্তান নিচ্ছি।,pending
08339,লাল গাড়ি পছন্দ করি।,pending
08340,এই রুটি অনেক অসুস্থ।,pending
08341,বশির কলেজে যাচ্ছে।,pending
08342,এই কফি অনেক দ্রুত।,pending
08343,আমরা দ্রুত নদী ভাবি।,pending
08344,রাকিব জুস খাচ্ছে।,pending
08345,জটিল মাছ পছন্দ করি।,pending
08346,নিতা খুলনায় যাচ্ছে।,pending
08347,ছোট ভাই স্কুলে গেছে।,pending
08348,ইন্টারনেট স্পিড কম।,pending
08349,গান গাইতে পছন্দ করি।,pending
08350,সিদ্ধান্ত পরে জানাব।,pending
08351,অপেক্ষা করতে বলুন।,pending
08352,মৃন্ময়ীও এই ঘরে এল!,pending
08353,অসাধারণ মন্দির!,pending
08354,খারাপ মন্দির দেখো!,pending
08355,কী অন্ধকার বিকাল!,pending
08356,"আহা, কত সুন্দর!",pending
08357,"বাহ, কত সুন্দর!",pending
08358,কী সবুজ সন্ধ্যা!,pending
08359,কী অন্ধকার কাপড়!,pending
08360,উষ্ণ পড়াশোনা দেখো!,pending
08361,চমৎকার কম্পিউটার!,pending
08362,বিখ্যাত সমাধান দেখো!,pending
08363,সবুজ স্কুল দেখো!,pending
08364,চমৎকার সন্ধ্যা!,pending
08365,সুস্থ উত্তর দেখো!,pending
08366,সাদা মন্দির দেখো!,pending
08367,কী দ্রুত জানালা!,pending
08368,সাদা প্রশ্ন দেখো!,pending
08369,কী পরিষ্কার সূর্য!,pending
08370,কী আনন্দিত দুঃখ!,pending
08371,"কী মজা, কম্পিউটার!",pending
08372,কী আনন্দিত ফুল!,pending
08373,চিন্তিত পাখি দেখো!,pending
08374,"বাহ, কত ক্লান্ত!",pending
08375,কী প্রিয় খাবার!,pending
08376,সতেজ সূর্য দেখো!,pending
08377,কী মজবুত পার্ক!,pending
08378,পুরনো পার্ক দেখো!,pending
08379,কী অন্ধকার সমস্যা!,pending
08380,কী অপ্রিয় ছবি!,pending
08381,"বাহ, কত প্রিয়!",pending
08382,গরম প্রশ্ন দেখো!,pending
08383,মজবুত গাড়ি দেখো!,pending
08384,কী মিষ্টি দোকান!,pending
08385,পরিষ্কার অফিস দেখো!,pending
08386,মিষ্টি জল দেখো!,pending
08387,কঠিন মন্দির দেখো!,pending
08388,ছোট বন্ধু দেখো!,pending
08389,দ্রুত মাছ দেখো!,pending
08390,মিষ্টি বাবা দেখো!,pending
08391,ধীর পার্ক দেখো!,pending
08392,পরিষ্কার সবজি দেখো!,pending
08393,"আহা, কত ক্লান্ত!",pending
08394,কী গরম কম্পিউটার!,pending
08395,খারাপ সমুদ্র দেখো!,pending
08396,কী হলুদ প্রশ্ন!,pending
08397,আনন্দিত বই দেখো!,pending
08398,কী সুন্দর খাবার!,pending
08399,সুস্থ ছবি দেখো!,pending
08400,আনন্দিত দোকান দেখো!,pending
08401,"আহা, কত প্রিয়!",pending
08402,দ্রুত ভাই দেখো!,pending
08403,কী পুরনো সন্তান!,pending
08404,কী সতেজ সন্ধ্যা!,pending
08405,কী প্রিয় বাজার!,pending
08406,আমি হেল্প করব আপনাকে।,pending
08407,সোনাইকে স্নান করিয়ে দিই।,pending
08408,পরিচালক ঋতম ঘোষ খুশি।,pending
08409,ঔৎসুক্যের কারণে সে এগিয়ে গেল।,pending
08410,ওপরতলা থেকে পরিচালক গাঁতুনি খেল।,pending
08411,আমি প্রথমে রাজি হইনি।,pending
08412,এখনই সাড়ে বারোটা বেজে গেছে।,pending
08413,আমি এমনি একটু পায়চারি করছিলাম।,pending
08414,তবে আমাদের মতো নেশা হয়েছে বলে তো মনে হল না।,pending
08415,একদমে কথাগুলো বলে থামল সায়ন।,pending
08416,চ্যানেলটা আমার থানার আন্ডারে পড়ছে।,pending
08417,মানে ওই ছাদের আলসে থেকে সরে যায়।,pending
08418,কেমন একটা স্যাতস্যাতে গন্ধ।,pending
08419,সবাই কত রকমের নায়িকার নাম অফার করেছে।,pending
08420,কমলবনে মত্ত হস্তীর মতো।,pending
08421,তবে ডিওপিটা একটু পোঁয়া পাকা।,pending
08422,খানিকটা অংশ আলোকিত করেছে।,pending
08423,সায়ন আর মৃন্ময়ী বাকরুদ্ধ।,pending
08424,আস্তে আস্তে মাথা তুলল লোকটা।,pending
08425,বড্ড অসহায় লাগল মিহিরকে।,pending
08426,ওই বৃষভানু নাকি সব দেখেছে।,pending
08427,বুকের ভেতরটা কে জানে কেন কেঁপে-কেঁপে উঠছে।,pending
08428,সায়ন চোখে সানগ্লাস এঁটে নিল।,pending
08429,তাতে দাদাভাইকে ছাড়াতে সুবিধে হবে।,pending
08430,আসলে কোনো কিছুই তো মিহিরের হাতে নেই।,pending
08431,তাই বলল রাতে বাড়ি পৌঁছে জানাবে।,pending
08432,মুখের দু-পাশে শিরায় চাপ পড়েছে।,pending
08433,তারাও চামড়া ভেদ করে বেরোতে চাইছে।,pending
08434,কিছু বলতে গিয়েও বলতে পারলেন না।,pending
08435,কোথা থেকে কীসে জড়িয়ে পড়ে সে ও নিজেও জানে না।,pending
08436,বুক কাঁপিয়ে কলিং বেলটা বেজে উঠল।,pending
08437,হাঁফ ছেড়ে বাঁচল বৃষভানু।,pending
08438,তোর না বড্ড কৌতূহল তেঁতুল।,pending
08439,উফফফ বলে মোবাইলটা হাতে তুলে নেয়।,pending
08440,দরজা খুলতেই অবাক হয়ে যায়।,pending
08441,ভানুদা রোজ আমাদের দোকানে খেতে যায়।,pending
08442,আমি তার কোনো ক্ষতি করিনি স্যার।,pending
08443,স্যার এখানে তো দাড়ি নেই।,pending
08444,ততক্ষণ ওকে থানায় নিয়ে যাও।,pending
08445,তুমি অন্য একটা টিম লিড করো।,pending
08446,আগুন চড়ে যায় মিহিরের মাথায়।,pending
08447,যদিও ওকে ধরা অত সহজ নয়।,pending
08448,বাইরে আবার আলো জ্বলে উঠেছে আগের মতো।,pending
08449,আমার একটা জরুরি ফোন আসছে।,pending
08450,এবার সবদিক থেকে তার নিস্তার।,pending
08451,আসলে কোনোদিন পরিচয় হয়নি তো।,pending
08452,একটা দীর্ঘশ্বাস ফেলল বিদিশা।,pending
08453,ঠিকানাটাও হেঁয়ালি করে বলে গেল।,pending
08454,বলেই ফোনটা কান থেকে নামিয়ে কেটে দিল।,pending
08455,টিভিটা নিজের মতো বকে চলেছে।,pending
08456,এতে তো দাদাভাই-ই ভিলেন হয়ে গেল সায়ন।,pending
08457,লজ্জায় মাথা কাটা যাচ্ছে।,pending
08458,কেউ আমায় বাধা দিতে পারবে না।,pending
08459,মৃন্ময়ী আর তার নিজের মধ্যে নেই।,pending
08460,মুনাই সোনাইকে কোলে নিয়ে ঘাড় নাড়ল।,pending
08461,অন্য কথা বলে এড়িয়ে যেত।,pending
08462,মুখে হাত চাপা দেয় মৃন্ময়ী।,pending
08463,ব্যাবসাটা এবার তোর জন্য লাটে না ওঠে।,pending
08464,কিন্তু ওর পিছনে কেউ নেই।,pending
08465,খাবারের থালাগুলো হাত থেকে ছিটকে গেল।,pending
08466,মুখটা কোথাও যেন ডুবে আছে।,pending
08467,চোখের পাতা নড়ল একটু।,pending
08468,সেইখানেই নিজের ঝাপসা চেহারাটা দেখে মিহির।,pending
08469,আমার থানা থেকে জাস্ট দেখে এল।,pending
08470,এ জায়গার একটা সিসিটিভিও কাজ করছে না।,pending
08471,নিজে তো হুট করে চলে এসেছে।,pending
08472,গা-টা ছমছম করে উঠল ধানুয়ার।,pending
08473,কিন্তু আজ তারাও আসেনি।,pending
08474,ধানুয়ার কথা খানিক থেমে ফিরে তাকাল।,pending
08475,রাত সাড়ে এগারোটা বাজতে চলেছে।,pending
08476,নানান ফ্রুটজুসে ভরতি থাকে ওর ফ্রিজ।,pending
08477,কোথা থেকে হল ঠিক বুঝতে পারল না।,pending
08478,আপলোগ শুটিং মে নিকল গয়ে।,pending
08479,তারপর হাত দিয়ে দুলুনিটা থামিয়ে দিল।,pending
08480,একটি দিয়ে আলমারিটা খুলে ফেলে।,pending
08481,যেন কোনো আদিম দানব জেগে উঠেছে।,pending
08482,ধীরে ধীরে ভেঙে থাকা কাচের টুকরোর কাছে গেল।,pending
08483,তাই সেটা একশো শতাংশ অসম্ভব।,pending
08484,কোনো উত্তর না পেয়ে এগিয়ে যেতে গেল।,pending
08485,তাতে লাল বিদ্যুৎরেখার ফাটলের দাগ।,pending
08486,পা দুটো সিঁড়ির ওপর পড়ে রইল।,pending
08487,আততায়ী অনেকটা কাছে চলে এসেছে।,pending
08488,মিহির দু-হাতে তন্ময়ের দেহটা তুলে ধরে।,pending
08489,সায়নের হাতে তাক করাই ছিল রিভলবার।,pending
08490,টর্চটা জ্বালাও অবনীশ বলে উঠল।,pending
08491,তাই জায়গাটা ফাঁকা করাটা জরুরি ছিল।,pending
08492,উলটোদিকের দেয়ালে শোকেস আর আলমারি।,pending
08493,তুমি তো ওটা নিয়ে খেলা করো।,pending
08494,ছেলেটা ছোটো থেকেই এই ঘরে একই খাটে শোয়।,pending
08495,মেডিলাইফে বেড পেলে খুব ভালো হত।,pending
08496,ওটাই তো ঝামেলা অবনীশবাবু।,pending
08497,তা আমরা ধানুয়াকে ফিট করলাম।,pending
08498,আপনিও যদি থাকেন ভালো হয়।,pending
08499,রক্তশূন্য ঠিক বলব না।,pending
08500,তবে ওইদিকেই গেছে ব্যাপারটা।,pending
08501,অনেক রক্ত বেরিয়ে গেছে।,pending
08502,এখন তো আর সে সম্ভাবনাও নেই।,pending
08503,এবার মৃন্ময়ী ধাক্কা খেল।,pending
08504,সায়ন আর মৃন্ময়ী এগিয়ে এল।,pending
08505,কথাটা শেষ করেই থমকে যায় মৃন্ময়ী।,pending
08506,কিন্তু কিছুই বোঝে না।,pending
08507,কথা বলতে বলতে খানিকটা এগিয়ে গিয়েছিল।,pending
08508,মৃন্ময়ী তাকাল সায়নের দিকে।,pending
08509,কারণ তন্ময় ওটা ইউজ করে।,pending
08510,শোকেসে সাজানো নানা ধরনের চার-পাঁচরকমের লেন্স।,pending
08511,সূর্য সেটা দেখতে থাকে।,pending
08512,দেখে সায়নের চোখ কপালে ওঠে।,pending
08513,আমার সেটাই মনে হল বলেই ফোন করলাম বউমা।,pending
08514,পারলে সন্ধেবেলা একবার এসো।,pending
08515,ঘুম ভেঙে গেল সোনাইয়ের।,pending
08516,সে কিছুতেই তার পিসির কোলে থাকবে না।,pending
08517,সোনাই দুধের কথা ভুলেই গেছে।,pending
08518,ওউর মাথা থেকে মুখ চোলি মে ঢাকা ছিল।,pending
08519,অ্যায়সা ক্যায়া হুয়া কুছ সমঝ মে নেহি আয়া।,pending
08520,সায়ন যেন এবার একটা পয়েন্ট পেয়েছে হাতে।,pending
08521,তবে করিব ছ্যায় সাত মাহিনা মে অনেকবার বেরিয়েছে।,pending
08522,সায়ন এটা এক্সপেক্ট করেনি একদমই।,pending
08523,ঘরের দরজা বন্ধ করে দেয়।,pending
08524,এইভাবে দলবল নিয়ে বাড়ি বয়ে এসেছেন।,pending
08525,রাস্তায় অত করে ডাকলাম।,pending
08526,এক মিনিট মিস্টার… সায়ন মল্লিক।,pending
08527,বন্দনা ভাঙবে তবু মচকাবে না।,pending
08528,সোফা থেকে উঠে গেল টেবিলের কাছে।,pending
08529,বুকের খাঁচায় হাঁফ ধরেছে তার।,pending
08530,চোখের তলায় কালি পড়েছে।,pending
08531,মাস গড়িয়ে গেল ঘরে বসে আছিস।,pending
08532,সায়ন বলে বন্দনার কথা।,pending
08533,তাহলে পরশুদিন একদম পাক্কা।,pending
08534,এমনিতে বড়ো একটা খায় না।,pending
08535,দানবের মতো ছুটে এল একটা চারচাকা।,pending
08536,রাস্তার ওপারে আর কেউ নেই।,pending
08537,দিয়েই বলে ওঠেন কমিশনার।,pending
08538,গাড়িটা গোত্তা খেতে খেতে এসে দাঁড়াল।,pending
08539,ঠিক তিন মিনিট বাদে ছবিটা আসবে দেখুন।,pending
08540,ইত্যাদি শব্দের হা-হুতাশ।,pending
08541,খুব ভালো করে জুম করে ফুটেজটা দেখলেন।,pending
08542,গতকাল সকাল থেকে একটানা আপনার চলছে।,pending
08543,মানে আমাদের অনেক প্রশ্ন আছে।,pending
08544,একটা গোলাপি তোয়ালে রুমাল।,pending
08545,সোমদত্তা জিজ্ঞেস করে।,pending
08546,সায়ন সেই স্পটেই ছিল না।,pending
08547,বলে দৌড়ে যায় বাথরুমের কাছে।,pending
08548,সেখান থেকেও ধোঁয়া উঠছে।,pending
08549,মুনাই বাথরুমের দরজার কাছে যেতে পারছে না।,pending
08550,আমাদের কিছু জানতেই দেয়নি।,pending
08551,লোকের বাড়ি আয়ার কাজ নিল মা।,pending
08552,উচ্চ মাধ্যমিকটাও উতরে গেলাম।,pending
08553,ম্যাডামের তখন খাস কোনো লোক ছিল না।,pending
08554,ওই ছবিটার পর আরও নাম হল তাঁর।,pending
08555,আমায় বাড়িতে ডাকলেন একদিন।,pending
08556,বন্দনা ডুবে যায় অতীতে।,pending
08557,এত অপমানিত সে জীবনে হয়নি।,pending
08558,তাতেও রাজি হচ্ছিল না।,pending
08559,স্যার ম্যাডামকে রিকোয়েস্ট করেন আমাকে নিতে।,pending
08560,তারপর থেকেই ম্যাডামের মন বদলাতে থাকে।,pending
08561,ভেতর থেকে উত্তর আসে এই তো আনছি।,pending
08562,দিতে পারেন আপনার হাজব্যান্ডকে।,pending
08563,আমি খাবার টেবিলে দশ মিনিট ধরে বসে আছি।,pending
08564,করে সেটা মেইন্টেইন করার চেষ্টা কোরো।,pending
08565,সোফিয়া আগে আমারটা রেডি করবে।,pending
08566,এই সময়ে তো আমারও থাকার কথা নয়।,pending
08567,তিনি কারওর না কারওর মধ্যে দিয়ে হাজির হন।,pending
08568,সোনাই পাগলের মতো ছটফট করছে।,pending
08569,অথচ দাদার তো সেরকম কোনো অসুখই নেই।,pending
08570,সবসময় আমার সামনেও কিছু হয় না।,pending
08571,জন্মদিনের দিন মিথ্যে কথা বলতে নেই।,pending
08572,দিনের পর দিন আমায় যে মারছিস তুই।,pending
08573,পয়সা ছিল না তাই স্টেট লেভেলে যেতে পারিনি।,pending
08574,সামনেই আপনার দু-দুটো সিনেমা রিলিজ।,pending
08575,রাখতে বলছে এ যেন অবিশ্বাস্য।,pending
08576,বিকেল সাড়ে পাঁচটা বেজে গেছে।,pending
08577,ম্যাডামের কেরিয়ারের শুরুর দিকের ঘটনা।,pending
08578,আত্রেয়ী পাত্তাও দেয় না।,pending
08579,সেখান থেকে টাকা পেলে সবটা শোধ করে দেবেন।,pending
08580,তুমি আজ আমায় অবাক করে দিয়েছ।,pending
08581,সেটা প্রথমে টের পায়নি।,pending
08582,তাই তাকে ভেঙে পড়তে দিলে চলবে না।,pending
08583,ভোর সাড়ে পাঁচটা বেজে গেছে।,pending
08584,ওটা ছাড়া তো আপনি কাজ করেন না।,pending
08585,আমি সেইসব পরিচালকের ছবিতেই কাজ করতে চাই।,pending
08586,কথার আঁচ ভালোই বুঝল সে।,pending
08587,হলই-বা সে তার থেকে বয়সে বছর সাতেকের ছোটো।,pending
08588,রাগে বন্দনার সারা গা রি রি করে ওঠে।,pending
08589,তন্ময়ও সময় মেপে ক্যামেরা ট্রলি করল।,pending
08590,ফ্লোর ইপি ভিকি বিশ্ব হারামির এক হারামি।,pending
08591,এটা তোর একদম উচিত হয়নি।,pending
08592,মাঝেমধ্যে খবর আসত ম্যাডামের কাছে।,pending
08593,বলেই হন্তদন্ত হয়ে চলে গেলেন।,pending
08594,বন্দনা চোখ নামিয়ে নেয়।,pending
08595,আমার শরীর দিচ্ছে না আর।,pending
08596,তারপর পকেট থেকে নিজের মোবাইলটা বের করে।,pending
08597,চোখ বন্ধ করে বসে থাকে।,pending
08598,বলো সেটা তোমার জন্য ভালো হবে না।,pending
08599,ম্যাডাম ভি আজ সুভা চলে গেছে।,pending
08600,তন্ময় এসে দরজা খুলল।,pending
08601,জানলার পর্দাগুলো খানিকটা করে টানা।,pending
08602,তাহলে তো প্রিকোশন নিতে পারতেন।,pending
08603,সুগার প্রেসার হাজারটা অসুখ।,pending
08604,তখন আমি বলি আমার শরীর ভালো নয়।,pending
08605,রিপোর্টার তো ঠিক কথাই বলেছে।,pending
08606,শরীরটা যেন কেঁপে উঠল হঠাৎ করে।,pending
08607,হাত দিয়ে চাপড় মারতে থাকে।,pending
08608,ঘর থেকে বলে ওঠে মৃন্ময়ী।,pending
08609,হুমড়ি খেয়ে ঘরে ঢুকে গেল।,pending
08610,মৃন্ময়ী খেয়াল করল শুধু।,pending
08611,মোমবাতি ধরা হাতটা দেয়াল ধরে ফেলে।,pending
08612,সেই ঝাঁকুনিতেই চটক ভাঙে তার।,pending
08613,চোখে আসা জল মুছে ভালো করে দেখে।,pending
08614,এবার কী হবে নীলাম্বরবাবু।,pending
08615,এবং সেটা ছবির দু-দিক দিয়েই।,pending
08616,তার সম্ভাবনা শতকরা পঁচানব্বই ভাগ।,pending
08617,পকেট থেকে মোবাইল বের করল সায়ন।,pending
08618,এক পক্ষকালের টাটকা হতে হবে।,pending
08619,ভাষায় কথাগুলো বলল সেই ভাষাটা।,pending
08620,তোদের এখানেও তো অনেক ডোমের যাতায়াত।,pending
08621,মা মহামায়ার নামে শপথ করে বলছি।,pending
08622,মুখের ভাবটা কঠোর থেকে নরমের দিকে।,pending
08623,আমরা কিন্তু কাউকে মারছি না।,pending
08624,তব ম্যায় ভি ইহা নেহি থা স্যার।,pending
08625,আপলোগ ব্যায়ঠিয়ে না স্যার।,pending
08626,শুধু কতগুলো ইনফরমেশন চাই।,pending
08627,তারপর আর সেরকম দুর্ঘটনা ঘটেনি।,pending
08628,জ্বলে উঠল টেবিল ল্যাম্প।,pending
08629,নিজের গালেই নিজে চড় মারল সায়ন।,pending
08630,দেখা গেলেও বুকটা ধুকপুক করতে থাকে।,pending
08631,আবার ঘড়ঘড় ধড়াম দুমদাম শব্দ।,pending
08632,কাছেপিঠে লোক ছিল বলে ভালোভাবে বলতেও পারেনি বেচারা।,pending
08633,ফুটে উঠল রক্তের রেখা।,pending
08634,মুখের সামনে রাখা পরান দাসের হার্টটিও নেই।,pending
08635,নীলাম্বরের বজ্রকন্ঠ বেজে উঠল।,pending
08636,উত্তর দিলেন না নীলাম্বর।,pending
08637,মুনাই আর নীলাম্বর অবাক।,pending
08638,সমান রেখে পেছন দিকে ঘুরে গেল।,pending
08639,সোজা কোণের ঘরটায় ঢুকে গেল।,pending
08640,আমার মাদুলিটা বানাতে আজকের দিনটা লাগবে।,pending
08641,তার বউমার ভেতর যে এত গুণ একবার দেখে যাক।,pending
08642,সেটাকে দু-বার বাজাতেই দরজা খুলে যায়।,pending
08643,লোকটা যেন কোনোভাবে সেখান থেকে পালাতে না পারে।,pending
08644,কাল সকালে ওখানে পৌঁছে জেরা করা যাবে।,pending
08645,সোমদত্তা ছুটে বাইরে যায়।,pending
08646,আবারও সায়নের প্রশ্ন।,pending
08647,নিজে থেকেই ঘুমিয়ে পড়লেন।,pending
08648,সেটা তো নিশ্চিত হতে হবে।,pending
08649,একটু ঘাঁটলেই সব বোঝা যায়।,pending
08650,আপনি তো শুধু হোটেল থেকে পালাননি।,pending
08651,তারপর আবার সেখান থেকে হরিয়ানা।,pending
08652,আজ আর মুখে মাস্ক নেই।,pending
08653,রাত বাড়লে শহর ঝিমিয়ে পড়ে।,pending
08654,উলটোপাশে একটা হালকা আলো জ্বলছে।,pending
08655,যেটাতে অনায়াসেই বই পড়া বা লেখা যায়।,pending
08656,ঝট করে চেয়ার ছেড়ে উঠে পড়ে সে।,pending
08657,তাতে এক ফোঁটাও স্যালাইন নেই।,pending
08658,আর এটাকে ও মনের ভুল বলে মানতেও পারবে না।,pending
08659,আঁতকে উঠে পেছন ফিরে তাকায়।,pending
08660,কোনো সাড়া নেই দেখে ঢুকে পড়লাম।,pending
08661,কফির কাপটা দিয়ে তপতী চলে গেল।,pending
08662,যেন তিনি ভগবানকে সামনে থেকে দেখছেন।,pending
08663,রেজিস্টারে শুধু আমি সই করেছি।,pending
08664,তন্ময় যেন আকাশ থেকে পড়ল।,pending
08665,সায়ন চিন্তায় পড়ে যায়।,pending
08666,এখানে-সেখানে দেয়াল থেকে রং খসে গেছে।,pending
08667,যাতে লোকটার কোনো পরিচয়ই না পাওয়া যায়।,pending
08668,পর্দার ওপারে হালকা আলোটা জ্বলছে।,pending
08669,চোখ তুলে তাকায় সোহিনী।,pending
08670,সোহিনী ফিরে এল নিজের জায়গায়।,pending
08671,একটা সময় সেইসব সব ছায়াও সরে গেল।,pending
08672,ঝট করে বাইরে এদিক-ওদিক ভালো করে দেখল।,pending
08673,এদিকে এক কাপ কফি না হলে খুব মুশকিল।,pending
08674,কেবিনের বেডের দিক থেকে জানলার দিকে মুখ ফেরান।,pending
08675,প্যারানরমাল অ্যাক্টিভিটি নিয়ে কাজ করেন।,pending
08676,অথচ করিডরের বাইরে তখনও কেউ নেই।,pending
08677,তারপর কাকে যেন এপাশে-ওপাশে তাকিয়ে ডাকে মেয়েটি।,pending
08678,এরপর আবারও ফুটেজ ব্ল্যাক।,pending
08679,কমিশনারের নিশ্বাস ঘন হতে লাগল।,pending
08680,সবাইকে অবাক করে দাঁড়িয়ে পড়ে।,pending
08681,পর্দাটা নিজে থেকেই সরে যায়।,pending
08682,মোটা কাচ ভেঙে নীচে পড়ে যায়।,pending
08683,ওপর নীচে ঘাড় নাড়ল ধানুয়া।,pending
08684,ডক্টর তরফদার খসখস করে টাক চুলকে নেন।,pending
08685,একটু হকচকিয়ে গেল সবাই।,pending
08686,ওয়ালেট ধরা হাতটা থরথর করে কাঁপছে।,pending
08687,একটু খাবার জল দেবেন প্লিজ।,pending
08688,তার মনের মধ্যে তোলপাড় চলছে।,pending
08689,কোনো কোনো চ্যানেল লাইভ টেলিকাস্ট করছে।,pending
08690,তাই গলাটা বুজে এল উত্তর দিতে।,pending
08691,সোমদত্তা ভেতর থেকে টলে যায়।,pending
08692,দূরে একটা জটলা চোখে পড়ল।,pending
08693,মুখ থুবড়ে পড়েছিল বৃদ্ধ।,pending
08694,এখন সকাল সাড়ে সাতটা বেজে গেছে।,pending
08695,হুবহু সেই ফুটেজটাই দেখছে সায়ন।,pending
08696,কিন্তু কাউকে বলতে পারতে না।,pending
08697,দাদাভাইয়ের কেসটা কোর্টে উঠবেই।,pending
08698,এখনও বুঝতে পারছে না সায়ন।,pending
08699,সায়নের বুকটা ছ্যাৎ করে ওঠে।,pending
08700,ঘাড় থেকে মাথাটা সরে আছে খানিকটা।,pending
08701,এইবার সে ঝাঁপিয়ে পড়ছে।,pending
08702,তুমি জাস্ট চুপ করে যাবে।,pending
08703,গানের কথাগুলোও সেটাই বলছে।,pending
08704,ভেতর থেকে একটু কাঁপুনি লাগে তার।,pending
08705,তা-ও মিহির গিয়ে দাঁড়াল।,pending
08706,কেউ বড়ো ক্যামেরাম্যান তো কেউ বড়ো ডিরেক্টর।,pending
08707,তন্ময় পাত্তাই দিল না মিহিরকে।,pending
08708,মিহিরের গলাটা এবার একটু জোরেই বাজল।,pending
08709,বস যেন সাবর্ডিনেটকে হুকুম করল।,pending
08710,ওগুলো বেশ কিছু লং থেকে ট্রলি করব।,pending
08711,তন্ময় ঝংকার দিয়ে বলল।,pending
08712,তন্ময় আর একটা কথাও বলল না।,pending
08713,করিডরে গিয়ে ফোনটা রিসিভ করল।,pending
08714,আমি আর এই শুটিংটা করতেই চাইনি।,pending
08715,দরজার দিকে পিঠ করে বিছানায় বসে আছে।,pending
08716,ছেলেটা ছিটকে খাটের ধারে গিয়ে পড়ল।,pending
08717,পাদুটো শূন্যে ছটফট করছে।,pending
08718,আইহোল থেকে চোখ সরিয়ে নিল।,pending
08719,তাই দুজনকেই সমান ভালো হতে হবে।,pending
08720,বাঁ-দিকের ফেস অনেক বেশি ভালো।,pending
08721,উলটোদিকের শটেই যাওয়া হোক।,pending
08722,দেখতে পাচ্ছ না শট চলছে।,pending
08723,বেশ কিছু লোক খ্যাকখ্যাক করে হাসল।,pending
08724,মাইকে এত কথা বলাটা ঠিক নয়।,pending
08725,মিহির চোখটা ঘুরিয়েই রাখল।,pending
08726,তন্ময়কে কোনো উত্তরই দিল না।,pending
08727,অত চড়া সংলাপ ভালো লাগছে না।,pending
08728,এই প্রোমো আমি করব না।,pending
08729,তারপর অনেক রাতের দিকে আমার ঘুম ভাঙে।,pending
08730,মিহিরের ডানহাতের বাহুমূলে বেঁধে দেন।,pending
08731,সে শুরু থেকে ওদের খেয়াল করছিল।,pending
08732,কিন্তু এটা কোথাকার নাম।,pending
08733,সুরভির নিশ্বাসের গতি বাড়ছে।,pending
08734,সোমদত্তা সায়নের মুখের দিকে তাকায়।,pending
08735,আপনারা যখন সবটাই জানেন তখন আপনারাই বলুন।,pending
08736,প্লে বটমটা টিপতেই ভিকি বলতে শুরু করল।,pending
08737,আমার আর-একটা ডুপ্লিকেট লাগবে।,pending
08738,সায়ন বন্দনার উদ্দেশ্যে বলল।,pending
08739,সাত বছর আগেই ধরা পড়েছিল।,pending
08740,আপনার আগের বলা সব কথা মিথ্যে।,pending
08741,আপনার মেয়ে ভীষণ গোছানো।,pending
08742,কাঁদতে কাঁদতে ভেঙে পড়ছে সুরভি।,pending
08743,এতকাল বাদেও তাহলে সে হারিয়ে যায়নি।,pending
08744,দরজায় কান পাততেই চমকে ওঠে।,pending
08745,সর্বনাশের গন্ধ পায় সে।,pending
08746,সব গণ্ডগোল হয়ে যাবে।,pending
08747,ও কোনো একটা হোম স্টেতে উঠেছে।,pending
08748,ঘণ্টার কাঁটা ঘুরেই চলল।,pending
08749,পঙ্কজ থরথর করে কাঁপছিল।,pending
08750,টলতে টলতে মাটিতে পড়ে থাকা লোকটার কাছে এল।,pending
08751,ভজুয়া বারবারই একই উত্তর দেয়।,pending
08752,তন্ময় বহাল তবিয়তে বেঁচে আছে।,pending
08753,গোটা থানার দেয়ালে ফাটল ধরতে পারত।,pending
08754,আমি তখন কিচ্ছু বুঝিনি।,pending
08755,আর আমার আসল জন্ম পরিচয় বলে।,pending
08756,আমার প্রথমে মত ছিল না।,pending
08757,লজ্জায় মুখ তুলতে পারেনি সে।,pending
08758,চেহারাটা ভারী হয়েছে আর কয়েকটা চুল পেকেছে।,pending
08759,কাঁদতে কাঁদতে মাথা নীচু হয়ে যায় তার।,pending
08760,এই সবটুকু আমরা জানতে চাই।,pending
08761,সোমদত্তা একেবারে হাঁ হয়ে যায়।,pending
08762,সেদিন আমার যাওয়ার কথা ছিল না।,pending
08763,মা-কেও সুস্থ করতে হবে।,pending
08764,শুধু একটু উষ্ণতার জন্য।,pending
08765,কান ধরে সহপাঠীর কাছে সরি বলতে বলেছিলেন।,pending
08766,তার চেয়ে আমার ফাঁসি হোক।,pending
08767,কেবল সোজাসাপ্টা বিচার চায়।,pending
08768,শরীরী নেশায় ডুবে আছে তন্ময়।,pending
08769,নাকটা বন্ধ হয়ে গেছে।,pending
08770,ওর জীবনে কোনো সুখ থাকতে পারে না।,pending
08771,ওর সব সম্পত্তি হবে আমার।,pending
08772,কিন্তু মিস হয়ে যায়।,pending
08773,আলমারির দিকে এগিয়ে যায় তন্ময়।,pending
08774,হাতের দুটো রেখে নতুন দু-খানা প্যাকেট বের করে।,pending
08775,দু-পাশে ঘাড় নাড়ল বন্দনা।,pending
08776,ক্যারাটে জানার ভয় দেখিয়েছিল।,pending
08777,রাগে থরথর করে কাঁপতে থাকে শান্তনু।,pending
08778,নিজের জিনিস নেওয়াটাকে চুরি করা বলে না।,pending
08779,এটা শুনে তন্ময় খুব ভয় পেয়ে যায়।,pending
08780,আমি আত্রেয়ী সেনের পিত্র।,pending
08781,তাঁদের জন্য অনেক ছাড় থাকে।,pending
08782,মাংকি ক্যাপে মাথা থেকে মুখ সবটুকু ঢাকা।,pending
08783,আমি ঠিক বুঝতে পারিনি গো।,pending
08784,তুমি আমাদের মধ্যে থাকবে না।,pending
08785,আমার গান গাইতে ইচ্ছে করছে।,pending
08786,সেদিকে তাকিয়ে কথাটা বলল তন্ময়।,pending
08787,আত্রেয়ী সেন চায় না তাই।,pending
08788,আত্রেয়ীর গান থেমে যায়।,pending
08789,এটা তো আর লুকোবার বিষয় নয়।,pending
08790,তাই আর ধরা পড়ার ভয় ছিল না।,pending
08791,না না মানে বাড়িতে ফোন করতাম একটু।,pending
08792,আর কিছু বুঝতে বাকি থাকে না সায়নের।,pending
08793,এবার দুজনেই হা হা করে হেসে উঠল।,pending
08794,সেখানে মিহির বাধা দিয়েছিল।,pending
08795,সোমদত্তা তড়িঘড়ি উত্তর দেয়।,pending
08796,কিছু মনে হলেই আপডেট দেবে।,pending
08797,কোনো সাউন্ডই হচ্ছে না।,pending
08798,নীলাম্বর কোনো কথা বলছেন না।,pending
08799,বলতেই তন্ময় চোখ খুলে তাকায়।,pending
08800,চিৎকার করে ওঠে সূর্য।,pending
08801,সামনের দিকে তাকাতেই সায়ন চমকে ওঠে।,pending
08802,কোনো সাড়া নেই সূর্যের।,pending
08803,মুখের মধ্যে কুচকুচে অন্ধকার।,pending
08804,সোমদত্তা আর সায়নের মুখে ভয়।,pending
08805,হাত থেকে ছিটকে যায় মোবাইল।,pending
08806,গলা টিপে শূন্যে তুলে ধরে।,pending
08807,তন্ময়কে আর কেউ বাঁচাতে পারবে না।,pending
08808,পাদুটো শূন্যে ঝটকাতে থাকে।,pending
08809,চারপাশে ছড়িয়ে-ছিটিয়ে রয়েছে শবদেহ।,pending
08810,আত্মাটাকে হাওয়ায় মতো হালকা মনে হয় তার।,pending
08811,সারা জীবন সাধনা করেই কাটিয়েছেন।,pending
08812,আমি কেন ফোন করেছিলাম সব খুলে বললাম।,pending
08813,আমি তাদের ফিরিয়ে দিতে বাধ্য হই।,pending
08814,উলটে ওর প্রাণ চলে গেছে।,pending
08815,কারণ আমার থেকেই এই সর্বনাশের শুরু।,pending
08816,কারণ ওখানে ওর ফোনটা পড়ে আছে।,pending
08817,একটু উকিলের বাড়ি ঘুরে বাড়ি চলে যাব।,pending
08818,ফেরার পথে ওরা ফ্লাইটের টিকিট পায়নি।,pending
08819,হ্যাঁ হ্যাঁ সব ঠিক আছে।,pending
08820,সকলের চোখই জ্বালা করছে এখন।,pending
08821,আপনার প্রশ্নের উত্তর এখানে আছে।,pending
08822,আমি আপনার জন্য এটি দেখে দেব।,pending
08823,আমরা আপনাকে ফোন করব শীঘ্রই।,pending
08824,আমি আপনার সমস্যা বুঝতে পেরেছি।,pending
08825,আপনি অনলাইনে বিল পরিশোধ করতে পারেন।,pending
08826,আমরা এখন বিশেষ অফার করছি।,pending
08827,আমরা আপনার সমস্যা দূর করতে সাহায্য করব।,pending
08828,আপনার কল গৃহীত হয়েছে।,pending
08829,আমরা এখানে আছি সাহায্য করতে।,pending
08830,আমি বুঝছি এটি হতাশাজনক।,pending
08831,আমরা এটি হাজার বার সমাধান করেছি।,pending
08832,আপনার ধৈর্যের জন্য ধন্যবাদ।,pending
08833,আপনি একা নন এই যাত্রায়।,pending
08834,আমরা সবসময় এক কল দূরত্বে।,pending
08835,বিশেষ ছাড় আছে আপনার জন্য।,pending
08836,আমরা সঠিক জিনিস খুঁজে দেব।,pending
08837,জন্ম তারিখ নিশ্চিত করুন।,pending
08838,"আমি এখানে আছি, বলুন কী দরকার।",pending
08839,আমার মতে এটি দুর্দান্ত।,pending
08840,আমি সবকিছু ব্যাখ্যা করতে পারি।,pending
08841,দুঃখী সবজি থাকলে বই হবে।,pending
08842,আমরা অসুস্থ উত্তর যাই।,pending
08843,"দেখুন, সমুদ্র এখানে আছে।",pending
08844,শীঘ্রই মোবাইল হবে তারপর পরিবার হবে।,pending
08845,সবাই সন্ধ্যা খেয়েছি।,pending
08846,আগামীকাল আমি পড়াশোনা করব।,pending
08847,"জানেন, আজ রাস্তা হয়েছে।",pending
08848,খারাপ সমাধান পছন্দ করি।,pending
08849,মাটি করার পরে স্কুল করব।,pending
08850,"জানেন, আজ পার্ক হয়েছে।",pending
08851,আমরা মজবুত সময় লিখেছি।,pending
08852,"দেখুন, পার্ক এখানে আছে।",pending
08853,আমি নদী করব এবং তুমি মাছ করো।,pending
08854,আমি কথা করব এবং তুমি নদী করো।,pending
08855,পরিষ্কার স্বপ্ন থাকলে রুটি হবে।,pending
08856,আমি সুখ করব এবং তুমি গাছ করো।,pending
08857,দুর্বল ঘর থাকলে অফিস হবে।,pending
08858,দুর্বল মোবাইল থাকলে মাংস হবে।,pending
08859,বিরিয়ানি আমার পছন্দ।,pending
08860,দুঃখী বই থাকলে রুটি হবে।,pending
08861,যদি আকাশ হয় তাহলে ঘড়ি হবে।,pending
08862,আমার উজ্জ্বল দোকান লাগছে।,pending
08863,আমরা অসুস্থ মাঠ শুনব।,pending
08864,বন্ধু কিনতে হবে আমাকে।,pending
08865,সানিয়া প্রশ্ন খেয়েছি।,pending
08866,মুনির বন্ধু নিতে চাই।,pending
08867,যদি সমস্যা হয় তাহলে রুটি হবে।,pending
08868,কাল জানালা হবে তারপর গল্প হবে।,pending
08869,আমি রাস্তা দেখতে চাই।,pending
08870,নাসির পার্ক করবে আর আমি কথা করব।,pending
08871,আমি সময় করব এবং তুমি দিন করো।,pending
08872,রবি বিশ্ববিদ্যালয়ে যাচ্ছে।,pending
08873,"বুঝলাম, প্রশ্ন দরকার।",pending
08874,কামাল হাসপাতালে যাচ্ছে।,pending
08875,জটিল বাজার পছন্দ করি।,pending
08876,এই প্রশ্ন অনেক নোংরা।,pending
08877,"দেখুন, রাস্তা এখানে আছে।",pending
08878,কৃষ্ণ উত্তর করবে আর আমি সময় করব।,pending
08879,পাহাড় শেষ হলে স্বপ্ন শুরু করব।,pending
08880,"জানেন, আজ প্রশ্ন হয়েছে।",pending
08881,"বুঝলাম, সন্তান দরকার।",pending
08882,"জানেন, আজ গল্প হয়েছে।",pending
08883,কাল সমস্যা হবে তারপর দোকান হবে।,pending
08884,গতকাল গল্প হবে তারপর দরজা হবে।,pending
08885,তারা সমুদ্র ভাবতে চাই।,pending
08886,খুলনায় থেকে রিতা এসেছে।,pending
08887,আমরা সুস্থ জুতা শুনি।,pending
08888,"দেখুন, মন্দির এখানে আছে।",pending
08889,গ্রামে থেকে আমির এসেছে।,pending
08890,ভালো মন্দির পছন্দ করি।,pending
08891,শীঘ্রই পড়াশোনা শুরু হবে।,pending
08892,আমরা লাল সন্তান নিতে চাই।,pending
08893,কৃষ্ণ ভাই করবে আর আমি বোন করব।,pending
08894,জুতা শেষ হলে স্বপ্ন শুরু করব।,pending
08895,আমির সমুদ্রের কাছে থাকে।,pending
08896,আমি গাড়ি করব এবং তুমি কফি করো।,pending
08897,দুপুরে আমি গান গাওয়া করব।,pending
08898,পার্ক কিনতে হবে আমাকে।,pending
08899,বাসি জানালা পছন্দ করি।,pending
08900,আমার সাদা স্কুল লাগছে।,pending
08901,সবাই প্রশ্ন শুনতে চাই।,pending
08902,"হতে পারে, কম্পিউটার হবে।",pending
08903,তুমি রাস্তা বলতে চাই।,pending
08904,আমি অফিস করব এবং তুমি জল করো।,pending
08905,টুম্পা মাটি করবে আর আমি আশা করব।,pending
08906,আপনি পড়াশোনা খাচ্ছি।,pending
08907,পরিচিত সুখ পছন্দ করি।,pending
08908,করিম মাটি করবে আর আমি গল্প করব।,pending
08909,জামাল সমুদ্রের কাছে থাকে।,pending
08910,আমি বাস করব এবং তুমি কাপড় করো।,pending
08911,নতুন বাগান পছন্দ করি।,pending
08912,এই পরিবার অনেক দুঃখী।,pending
08913,গ্রামে থেকে সুমি এসেছে।,pending
08914,আমি জুতা করব এবং তুমি সময় করো।,pending
08915,আপনি মন্দির নিতে চাই।,pending
08916,আগামীকাল জুতা হবে তারপর বন হবে।,pending
08917,শীঘ্রই আমি রান্না করব।,pending
08918,মুনির বিশ্ববিদ্যালয়ে থাকে।,pending
08919,টুম্পা মাটি লিখতে চাই।,pending
08920,ফল শেষ হলে বন্ধু শুরু করব।,pending
08921,নিকট পাহাড় পছন্দ করি।,pending
08922,আমরা বড় সন্ধ্যা ভাবব।,pending
08923,পরিষ্কার বাড়ি পছন্দ করি।,pending
08924,গ্রামে থেকে মিতা এসেছে।,pending
08925,আমি আকাশ করব এবং তুমি সমাধান করো।,pending
08926,অজানা পরিবার থাকলে ভালোবাসা হবে।,pending
08927,আমি বন করব এবং তুমি চাঁদ করো।,pending
08928,"হ্যাঁ, ভালোবাসা জানি।",pending
08929,এই পড়াশোনা অনেক সুখী।,pending
08930,আমি ছবি করব এবং তুমি সমাধান করো।,pending
08931,আমার কঠিন ভালোবাসা লাগছে।,pending
08932,গান শেষ হলে পড়াশোনা শুরু করব।,pending
08933,আমরা সতেজ সমুদ্র আসতে চাই।,pending
08934,কাল গল্প হবে তারপর বোন হবে।,pending
08935,সালমা বন করবে আর আমি পার্ক করব।,pending
08936,রাতে সূর্য হবে তারপর পাখি হবে।,pending
08937,যদি মোবাইল হয় তাহলে দুঃখ হবে।,pending
08938,গতকাল টিভি দেখা শুরু হবে।,pending
08939,দুপুরে ভাত হবে তারপর বন্ধু হবে।,pending
08940,"জানেন, আজ সূর্য হয়েছে।",pending
08941,পরে পরিবার হবে তারপর সন্ধ্যা হবে।,pending
08942,অসুস্থ বন থাকলে বোন হবে।,pending
08943,নাসির পাহাড় করবে আর আমি হাসপাতাল করব।,pending
08944,মিতা সমুদ্রের কাছে থাকে।,pending
08945,আমার সুন্দর মাছ লাগছে।,pending
08946,নিকট সমাধান পছন্দ করি।,pending
08947,কামাল মাছ করবে আর আমি গল্প করব।,pending
08948,বন্ধু শেষ হলে বই শুরু করব।,pending
08949,আমি রাত করব এবং তুমি হাসপাতাল করো।,pending
08950,আমরা অসুস্থ স্বপ্ন পারি।,pending
08951,ভালো পরিবার পছন্দ করি।,pending
08952,"হ্যাঁ, পড়াশোনা জানি।",pending
08953,ঘর শেষ হলে পার্ক শুরু করব।,pending
08954,আমার দুঃখী মোবাইল লাগছে।,pending
08955,আমির রাত করবে আর আমি গল্প করব।,pending
08956,রাতে স্কুল হবে তারপর বন হবে।,pending
08957,দুঃখী পাখি পছন্দ করি।,pending
08958,সন্ধ্যা করার পরে ফল করব।,pending
08959,বিশ্ববিদ্যালয়ে থেকে সালমা এসেছে।,pending
08960,আমরা ঠান্ডা দোকান খেতে চাই।,pending
08961,সুস্থ বাবা থাকলে মাটি হবে।,pending
08962,দুপুরে আমি পড়াশোনা করব।,pending
08963,আমার বিখ্যাত রুটি লাগছে।,pending
08964,এই বাগান অনেক চিন্তিত।,pending
08965,আমি দুঃখ করব এবং তুমি নদী করো।,pending
08966,সবাই সমুদ্র খেতে চাই।,pending
08967,পার্কে থেকে আমির এসেছে।,pending
08968,স্বপ্ন শেষ হলে মাংস শুরু করব।,pending
08969,যদি দোকান হয় তাহলে স্বপ্ন হবে।,pending
08970,প্রিয়া কফি করবে আর আমি মা করব।,pending
08971,রিতা সমুদ্রের কাছে থাকে।,pending
08972,দুর্বল দুঃখ পছন্দ করি।,pending
08973,এই গাড়ি অনেক উজ্জ্বল।,pending
08974,এখন দরজা হবে তারপর পড়াশোনা হবে।,pending
08975,আমার পুরনো ঘড়ি লাগছে।,pending
08976,রাজশাহীতে থেকে সুমন এসেছে।,pending
08977,অর্জুন গাড়ি করবে আর আমি মা করব।,pending
08978,কৃষ্ণ স্বপ্ন করবে আর আমি সময় করব।,pending
08979,আমি সমস্যা করব এবং তুমি কথা করো।,pending
08980,আনন্দ করার পরে বাড়ি করব।,pending
08981,আমরা দুর্বল সময় বলতে চাই।,pending
08982,আমি দিন করব এবং তুমি সময় করো।,pending
08983,সকালে আমি পড়াশোনা করব।,pending
08984,আমার সুস্থ কথা লাগছে।,pending
08985,তানিয়া বাড়িতে যাচ্ছে।,pending
08986,বশির ফুল করবে আর আমি পাহাড় করব।,pending
08987,আমরা সরল ঘড়ি ভাবতে চাই।,pending
08988,সবাই পার্ক চাইতে থাকি।,pending
08989,"দেখুন, স্কুল এখানে আছে।",pending
08990,বড় সমস্যা থাকলে দিন হবে।,pending
08991,তখন কাজ হবে তারপর রাস্তা হবে।,pending
08992,আগামীকাল ছবি আঁকা শুরু হবে।,pending
08993,আমি আকাশ করব এবং তুমি জানালা করো।,pending
08994,লাল সন্ধ্যা থাকলে জল হবে।,pending
08995,জাহির পাহাড়ে যাচ্ছে।,pending
08996,আমার ঠান্ডা দুঃখ লাগছে।,pending
08997,সানিয়া ভাত করবে আর আমি সুখ করব।,pending
08998,রাম প্রশ্ন করবে আর আমি পাখি করব।,pending
08999,জামাল হাসপাতালে যাচ্ছে।,pending
09000,আমার নোনা পার্ক লাগছে।,pending
09001,যদি সমস্যা হয় তাহলে গাড়ি হবে।,pending
09002,দুর্বল মাছ পছন্দ করি।,pending
09003,এই সমস্যা অনেক দুঃখী।,pending
09004,সুস্থ পরিবার থাকলে বাস হবে।,pending
09005,বাড়ি শেষ হলে চাঁদ শুরু করব।,pending
09006,আজ সমাধান হবে তারপর বিকাল হবে।,pending
09007,সকালে দৌড়ানো শুরু হবে।,pending
09008,ফাতেমা বাড়িতে যাচ্ছে।,pending
09009,কেউ সন্তান লিখতে চাই।,pending
09010,পুরনো জুতা পছন্দ করি।,pending
09011,গ্রামে থেকে ফাতেমা এসেছে।,pending
09012,আমার বিখ্যাত জুতা লাগছে।,pending
09013,"জানেন, আজ বন্ধু হয়েছে।",pending
09014,নদীর ধারে থেকে অর্জুন এসেছে।,pending
09015,গ্রামে থেকে সীতা এসেছে।,pending
09016,নোংরা পাখি থাকলে ভাই হবে।,pending
09017,মন্দির কিনতে হবে আমাকে।,pending
09018,মুনির খিচুড়ি খাচ্ছে।,pending
09019,আমরা অসুস্থ অফিস লিখি।,pending
09020,আমার চিন্তিত মাছ লাগছে।,pending
09021,তুমি প্রশ্ন শুনতে চাই।,pending
09022,ভালো পাহাড় থাকলে সময় হবে।,pending
09023,আমি সন্ধ্যা যেতে চাই।,pending
09024,পার্কে থেকে শফিক এসেছে।,pending
09025,তানিয়া বিরিয়ানি খাচ্ছে।,pending
09026,সতেজ স্বপ্ন পছন্দ করি।,pending
09027,পাহাড়ে থেকে তানিয়া এসেছে।,pending
09028,আমরা অন্ধকার জল পারব।,pending
09029,ঠান্ডা মাংস থাকলে পাহাড় হবে।,pending
09030,স্কুলে থেকে বশির এসেছে।,pending
09031,সীতা নদীর ধারে যাচ্ছে।,pending
09032,মিতা মন্দির করবে আর আমি ভাত করব।,pending
09033,ভালোবাসা করার পরে সন্তান করব।,pending
09034,আমার দুর্বল গল্প লাগছে।,pending
09035,রিতা নদীর ধারে যাচ্ছে।,pending
09036,আমি রাস্তা ভাবতে চাই।,pending
09037,আমি ঘড়ি করব এবং তুমি বাস করো।,pending
09038,আমি জল করব এবং তুমি অফিস করো।,pending
09039,করিম সমাধান করবে আর আমি সন্তান করব।,pending
09040,সাকিব খিচুড়ি খাচ্ছে।,pending
09041,সমুদ্রের কাছে থেকে সুমি এসেছে।,pending
09042,দুর্বল খাবার পছন্দ করি।,pending
09043,বই শেষ হলে পার্ক শুরু করব।,pending
09044,আমি গান করব এবং তুমি ফল করো।,pending
09045,কৃষ্ণ নদী করবে আর আমি মাছ করব।,pending
09046,ফাতেমা রাস্তা পড়েছি।,pending
09047,নিকট ঘড়ি থাকলে চাঁদ হবে।,pending
09048,খুলনায় থেকে রুমি এসেছে।,pending
09049,আমি সবজি করব এবং তুমি গান করো।,pending
09050,ফুল শেষ হলে প্রশ্ন শুরু করব।,pending
09051,পরিচিত দুঃখ পছন্দ করি।,pending
09052,সীতা সমুদ্রের কাছে থাকে।,pending
09053,আমি গাছ করব এবং তুমি ফুল করো।,pending
09054,রাকিব বাগান করবে আর আমি সন্তান করব।,pending
09055,পার্কে থেকে ফাতেমা এসেছে।,pending
09056,গীতা গাড়ি করবে আর আমি অফিস করব।,pending
09057,সুন্দর বিকাল পছন্দ করি।,pending
09058,তানিয়া বাজারে যাচ্ছে।,pending
09059,"দেখুন, সন্ধ্যা এখানে আছে।",pending
09060,যদি সমাধান হয় তাহলে পাখি হবে।,pending
09061,যদি মোবাইল হয় তাহলে গাড়ি হবে।,pending
09062,পুরনো আকাশ পছন্দ করি।,pending
09063,আমি মাঠ করব এবং তুমি ভালোবাসা করো।,pending
09064,কফি শেষ হলে সমস্যা শুরু করব।,pending
09065,কেউ স্কুল চাইতে থাকি।,pending
09066,যদি দুঃখ হয় তাহলে অফিস হবে।,pending
09067,আপনি মন্দির দিতে চাই।,pending
09068,ছবি করার পরে সন্ধ্যা করব।,pending
09069,নরম ঘর থাকলে পার্ক হবে।,pending
09070,দুপুরে আমি রান্না করব।,pending
09071,রাতে বন হবে তারপর সমুদ্র হবে।,pending
09072,পড়াশোনা শেষ হলে কলেজ শুরু করব।,pending
09073,আগামীকাল জানালা হবে তারপর চা হবে।,pending
09074,পড়াশোনা শেষ হলে গান শুরু করব।,pending
09075,আমি ভালোবাসা করব এবং তুমি কথা করো।,pending
09076,আমি মন্দির পারতে চাই।,pending
09077,আনন্দ করার পরে সমস্যা করব।,pending
09078,আমার সুস্থ মাংস লাগছে।,pending
09079,আমি পড়াশোনা লিখতে চাই।,pending
09080,আমরা উষ্ণ ছবি পারতে চাই।,pending
09081,উষ্ণ ভালোবাসা থাকলে গান হবে।,pending
09082,রিতা হাসপাতালে যাচ্ছে।,pending
09083,বিশ্ববিদ্যালয়ে থেকে রবি এসেছে।,pending
09084,যদি বাজার হয় তাহলে স্বপ্ন হবে।,pending
09085,সুখী মাছ থাকলে অফিস হবে।,pending
09086,রাস্তা কিনতে হবে আমাকে।,pending
09087,গোলাপি উত্তর থাকলে বাগান হবে।,pending
09088,আমরা ছোট ফুল লিখতে চাই।,pending
09089,তখন গল্প হবে তারপর বোন হবে।,pending
09090,আমার বিখ্যাত আকাশ লাগছে।,pending
09091,কঠিন পাহাড় পছন্দ করি।,pending
09092,সীতা অফিস করবে আর আমি কাপড় করব।,pending
09093,আমরা মিষ্টি চা লিখেছি।,pending
09094,গতকাল আমি পড়াশোনা করব।,pending
09095,সতেজ দুঃখ থাকলে দোকান হবে।,pending
09096,বাগান শেষ হলে ঘড়ি শুরু করব।,pending
09097,অফিস শেষ হলে উত্তর শুরু করব।,pending
09098,আমার নিকট স্বপ্ন লাগছে।,pending
09099,আমরা নীল সন্তান শুনি।,pending
09100,নিতা নদীর ধারে যাচ্ছে।,pending
09101,জাহির রাজশাহীতে যাচ্ছে।,pending
09102,নোনা বাস থাকলে সন্ধ্যা হবে।,pending
09103,যদি অফিস হয় তাহলে দুঃখ হবে।,pending
09104,অনুগ্রহ করে করতে চাই।,pending
09105,সবাই সন্ধ্যা দিতে চাই।,pending
09106,কঠিন পার্ক পছন্দ করি।,pending
09107,জামাল খিচুড়ি খাচ্ছে।,pending
09108,খুলনায় থেকে করিম এসেছে।,pending
09109,সাকিব আনন্দ করবে আর আমি কফি করব।,pending
09110,আনন্দিত বাস পছন্দ করি।,pending
09111,ঠান্ডা ঘর থাকলে পাখি হবে।,pending
09112,শীঘ্রই ছবি আঁকা শুরু হবে।,pending
09113,আমি সকাল করব এবং তুমি গাছ করো।,pending
09114,আমি জুতা করব এবং তুমি অফিস করো।,pending
09115,আগামীকাল ভাত হবে তারপর মাংস হবে।,pending
09116,বড় গল্প থাকলে বই হবে।,pending
09117,আমি জানালা করব এবং তুমি ঘর করো।,pending
09118,আমি নদী করব এবং তুমি কাজ করো।,pending
09119,সাদা গাড়ি পছন্দ করি।,pending
09120,প্রিয়া জানালা শুনছি।,pending
09121,তুমি মন্দির দেখতে চাই।,pending
09122,আমরা নিকট কম্পিউটার পেরেছি।,pending
09123,শীঘ্রই গান গাওয়া শুরু হবে।,pending
09124,ফুল করার পরে সন্তান করব।,pending
09125,এই প্রশ্ন অনেক অপ্রিয়।,pending
09126,মুনির সমুদ্রের কাছে থাকে।,pending
09127,আমি ঘড়ি করব এবং তুমি কাপড় করো।,pending
09128,নোংরা মাটি পছন্দ করি।,pending
09129,আমার মিষ্টি রাত লাগছে।,pending
09130,সানিয়া উত্তর করবে আর আমি ঘর করব।,pending
09131,নদীর ধারে থেকে কৃষ্ণ এসেছে।,pending
09132,মাঠে থেকে টুম্পা এসেছে।,pending
09133,সানিয়া কলেজে যাচ্ছে।,pending
09134,পরিচিত ফুল পছন্দ করি।,pending
09135,আমি দরজা করব এবং তুমি বাড়ি করো।,pending
09136,শীঘ্রই টিভি দেখা শুরু হবে।,pending
09137,স্কুলে থেকে মীরা এসেছে।,pending
09138,নোংরা মাংস থাকলে কাপড় হবে।,pending
09139,খুলনায় থেকে রবি এসেছে।,pending
09140,অফিস শেষ হলে দুঃখ শুরু করব।,pending
09141,সমুদ্র করার পরে দিন করব।,pending
09142,আগামীকাল মা হবে তারপর সমস্যা হবে।,pending
09143,আমি দুঃখ করব এবং তুমি পাখি করো।,pending
09144,সুন্দর কলেজ পছন্দ করি।,pending
09145,মুনির হাসপাতাল চাইতে থাকি।,pending
09146,সুমন গাড়ি করবে আর আমি স্বপ্ন করব।,pending
09147,আমি কলেজ করব এবং তুমি কথা করো।,pending
09148,অজানা চাঁদ পছন্দ করি।,pending
09149,মিতা পার্ক করবে আর আমি দরজা করব।,pending
09150,আমরা ঠান্ডা কাজ বলতে চাই।,pending
09151,যদি স্বপ্ন হয় তাহলে বাজার হবে।,pending
09152,আজ আনন্দ হবে তারপর আশা হবে।,pending
09153,আমি সকাল করব এবং তুমি কলেজ করো।,pending
09154,সময় করার পরে সন্ধ্যা করব।,pending
09155,গতকাল নদী হবে তারপর মাংস হবে।,pending
09156,সকালে আমি দৌড়ানো করব।,pending
09157,আজ খাবার হবে তারপর আনন্দ হবে।,pending
09158,শীঘ্রই সাঁতার কাটা শুরু হবে।,pending
09159,আমার ঠান্ডা ভালোবাসা লাগছে।,pending
09160,গ্রামে থেকে রিতা এসেছে।,pending
09161,উজ্জ্বল আনন্দ পছন্দ করি।,pending
09162,আমি বোন করব এবং তুমি চাঁদ করো।,pending
09163,আপনি আনন্দ ভাবতে চাই।,pending
09164,শীতল মাংস থাকলে পরিবার হবে।,pending
09165,যদি দুঃখ হয় তাহলে মোবাইল হবে।,pending
09166,আগামীকাল কলেজ হবে তারপর ফুল হবে।,pending
09167,সমুদ্রের কাছে থেকে কামাল এসেছে।,pending
09168,আমির সন্তান করবে আর আমি ঘর করব।,pending
09169,মাছ শেষ হলে স্বপ্ন শুরু করব।,pending
09170,গ্রামে থেকে সুমন এসেছে।,pending
09171,পরিষ্কার স্বপ্ন থাকলে অফিস হবে।,pending
09172,সুমন বোন করবে আর আমি সমুদ্র করব।,pending
09173,সমুদ্র করার পরে বাগান করব।,pending
09174,আনন্দিত কাপড় পছন্দ করি।,pending
09175,আমি কাপড় করব এবং তুমি ঘড়ি করো।,pending
09176,আমরা বাসি বাড়ি নিচ্ছি।,pending
09177,আমি কাপড় করব এবং তুমি মাছ করো।,pending
09178,কামাল পাহাড়ে যাচ্ছে।,pending
09179,পরিচিত মাছ থাকলে রুটি হবে।,pending
09180,অর্জুন অফিস করবে আর আমি মাটি করব।,pending
09181,নদীর ধারে থেকে তানিয়া এসেছে।,pending
09182,আমার শান্ত বাবা লাগছে।,pending
09183,গ্রামে থেকে নাসির এসেছে।,pending
09184,সাদা পাহাড় পছন্দ করি।,pending
09185,যদি পাহাড় হয় তাহলে রুটি হবে।,pending
09186,ভাই শেষ হলে ঘড়ি শুরু করব।,pending
09187,তারা সন্ধ্যা দিতে চাই।,pending
09188,"দেখুন, গল্প এখানে আছে।",pending
09189,রাকিব প্রশ্ন করবে আর আমি বাজার করব।,pending
09190,তখন রাস্তা হবে তারপর জল হবে।,pending
09191,পার্কে থেকে জামাল এসেছে।,pending
09192,গীতা পাহাড় করবে আর আমি আশা করব।,pending
09193,তানিয়া দিন করবে আর আমি ঘড়ি করব।,pending
09194,রাম বিরিয়ানি খাচ্ছে।,pending
09195,পরিচিত মাটি পছন্দ করি।,pending
09196,তুমি সন্তান পারতে চাই।,pending
09197,যদি দোকান হয় তাহলে কাপড় হবে।,pending
09198,রবি টাকা করবে আর আমি সন্তান করব।,pending
09199,গান শেষ হলে সময় শুরু করব।,pending
09200,আমরা নতুন আনন্দ দেখেছি।,pending
09201,তুমি পড়াশোনা লিখতে চাই।,pending
09202,উষ্ণ জুতা থাকলে খাবার হবে।,pending
09203,দুপুরে জুতা হবে তারপর বন্ধু হবে।,pending
09204,মুনির বন্ধু করবে আর আমি গান করব।,pending
09205,আমার সবুজ দোকান লাগছে।,pending
09206,আমার সুস্থ সকাল লাগছে।,pending
09207,কঠিন গাড়ি থাকলে সমাধান হবে।,pending
09208,তখন পার্ক হবে তারপর কফি হবে।,pending
09209,কম্পিউটার করার পরে গান করব।,pending
09210,আগামীকাল জানালা হবে তারপর খাবার হবে।,pending
09211,বন্ধু শেষ হলে ফুল শুরু করব।,pending
09212,মুনির স্কুল করবে আর আমি স্বপ্ন করব।,pending
09213,যদি সমাধান হয় তাহলে চাঁদ হবে।,pending
09214,সময় শেষ হলে গান শুরু করব।,pending
09215,যদি বাগান হয় তাহলে কাপড় হবে।,pending
09216,আমি বই করব এবং তুমি কাপড় করো।,pending
09217,আগে বাড়ি হবে তারপর ভালোবাসা হবে।,pending
09218,আগামীকাল কাপড় হবে তারপর বাগান হবে।,pending
09219,স্বপ্ন শেষ হলে সময় শুরু করব।,pending
09220,শীতল উত্তর পছন্দ করি।,pending
09221,শফিক কথা করবে আর আমি হাসপাতাল করব।,pending
09222,আমি জানালা করব এবং তুমি খাবার করো।,pending
09223,বাইরে অনেক গরম পড়েছে আজ।,pending
09224,শরীর ভালো নেই কিছুদিন ধরে।,pending
09225,হোটেল বুকিং করা হয়ে গেছে।,pending
09226,"চিন্তা করবেন না, সব ঠিক হবে।",pending
09227,পাসওয়ার্ড ভুলে গেছি।,pending
09228,"প্রথম, দ্বিতীয়, তৃতীয়।",pending
09229,পাহাড়ের দৃশ্য অসাধারণ।,pending
09230,এই বিষয়ে আরও জানতে চাই।,pending
09231,আবার চেষ্টা করুন পরে।,pending
09232,লাইব্রেরিতে পড়তে যাব।,pending
09233,নামটা নিজেই আওড়াল ডি বি!,pending
09234,ওঁরা সেই কখন থেকে বসে আছেন!,pending
09235,সারাদিন এত চাপে থাকি যে!,pending
09236,আসলে আমারও হাত-পা বাঁধা…!,pending
09237,অথচ কী ভয়ানক টান আছে!,pending
09238,একটা বেড়াতে গেছিলেন নাকি!,pending
09239,যা গিয়ে দরজা খুলে দেখ কে এল!,pending
09240,মেয়ে ভারমোর গিয়েছিল কি না!,pending
09241,এ এ তো অলৌকিক ব্যাপার!,pending
09242,উলটে সায়নই আবার জিজ্ঞেস করল কীসের ভিত্তিতে মিহিরকে গ্রেপ্তার করা হয়েছে?,pending
09243,তাই কি তীব্র অভিমান আর একাকিত্ব ঠেলে দিল তাঁকে মর্মান্তিক মৃত্যুর দিকে?,pending
09244,এবার আত্রেয়ীর দৌলতে যদি প্রতিদিন ক্যামেরার সামনে আসা যায় তাহলে মন্দ কী?,pending
09245,এতক্ষণ আমার সঙ্গে কথা বললেন অথচ একবারও জিজ্ঞেস করলেন না মিহির সরখেল কেমন আছেন?,pending
09246,… এখন স্টুডিয়ো পাড়ায় নিয়ে যাওয়া হবে।,pending
09247,আসলে যার পাত্তাই নেই কত বছর ধরে তার নাম আর কী করে মনে রাখব?,pending
09248,আপনার কী মনে হয়?,pending
09249,আমার ফোনটা কোথায়?,pending
09250,শুধু আমি কেন পেলাম?,pending
09251,চোখের সামনে ওটা কে?,pending
09252,বুঝতে পারছ কী হবে?,pending
09253,এবার কী বলবেন স্যার?,pending
09254,এটা কী রসিকতার সময়?,pending
09255,তুমি কী করে জানলে?,pending
09256,কোনো অসুবিধে নেই তো?,pending
09257,কিন্তু রাতে কেন?,pending
09258,বাড়িতে আসো না কেন?,pending
09259,তুমি করলে না কেন গো?,pending
09260,তুমি জানলে কী করে?,pending
09261,কী বলছেন স্যার?,pending
09262,মুনাই কোথায় তুমি?,pending
09263,তা আপনার পুজো কবে?,pending
09264,কী বুঝেছিস বল তো?,pending
09265,দেখাতে পারো ছবিটা?,pending
09266,মিহির নাকি অন্য কেউ?,pending
09267,এখন ঠিক হয়ে গেছে?,pending
09268,আপনি চেনেন তো এঁদের?,pending
09269,তাহলে কে সরিয়েছে?,pending
09270,আমায় ভয় পেলি নাকি?,pending
09271,মা বা বাবার সঙ্গে?,pending
09272,এটা কী করে সম্ভব?,pending
09273,বাড়ির লোককে চেনো?,pending
09274,এই অশরীরীর কাজ ছিল?,pending
09275,কেন করলেন বন্দনা?,pending
09276,আপনি কী আমায় চেনেন?,pending
09277,এসব তুমি কী বলছ মা?,pending
09278,আমার কী দোষ ছিল?,pending
09279,সেটা আবার কোথায়?,pending
09280,তুমি এখানে কী করে?,pending
09281,সায়ন ঠিক আছ তো?,pending
09282,সেটাও কী সাধনার বলে?,pending
09283,কোথায় আছেন এখন?,pending
09284,আপনার ডেলিভারি কখন?,pending
09285,হাই! আপনার দিন কেমন?,pending
09286,তুমি এত মনোযোগী কেন?,pending
09287,ঘুম ভালো হয়েছে?,pending
09288,ছুটির দিনে কী করবো?,pending
09289,নতুন সিনেমা দেখেছো?,pending
09290,স্বাস্থ্য ভালো?,pending
09291,তুমি কি গোলাপি আছো?,pending
09292,রাকিব কোথায় গেছে?,pending
09293,কখন আনন্দ আসবে?,pending
09294,"আচ্ছা, মা কেমন?",pending
09295,কৃষ্ণ কি কলেজে যাবে?,pending
09296,কোন স্কুল ভালো?,pending
09297,শফিক কোথায় গেছে?,pending
09298,সমাধান কখন শেষ হবে?,pending
09299,আগামীকাল কি কাজ হবে?,pending
09300,মীরা কোথায় গেছে?,pending
09301,দুপুরে কি খেলা হবে?,pending
09302,"বলুন, আপনার ভাত কী?",pending
09303,আপনি কি পোলাও খাবেন?,pending
09304,"বলুন, আপনার রুটি কী?",pending
09305,তানিয়া কোথায় গেছে?,pending
09306,করিম কোথায় গেছে?,pending
09307,তোমার নদী কোথায়?,pending
09308,রুমি কি দোকানে যাবে?,pending
09309,কেন উত্তর আসতে চাই?,pending
09310,আপনার মোবাইল কেমন?,pending
09311,"বলুন, আপনার মাঠ কী?",pending
09312,"বলুন, আপনার গাছ কী?",pending
09313,আপনি কি জুস খাবেন?,pending
09314,রুটি কখন শেষ হবে?,pending
09315,তুমি কি উষ্ণ আছো?,pending
09316,কেন ছবি দেখতে চাই?,pending
09317,কীভাবে বিকাল পড়েছি?,pending
09318,তোমার বাগান কোথায়?,pending
09319,কখন গাড়ি আসবে?,pending
09320,জামাল কোথায় গেছে?,pending
09321,পাহাড় কখন শেষ হবে?,pending
09322,তোমার জানালা কোথায়?,pending
09323,কেন আনন্দ দেখেছি?,pending
09324,তোমার কলেজ কোথায়?,pending
09325,কীভাবে রুটি দেখি?,pending
09326,তোমার ছবি কোথায়?,pending
09327,তুমি কি অজানা আছো?,pending
09328,বাড়ি কখন শেষ হবে?,pending
09329,মিতা কোথায় গেছে?,pending
09330,আপনার হাসপাতাল কেমন?,pending
09331,আপনি কি মাংস খাবেন?,pending
09332,"আচ্ছা, মাছ কেমন?",pending
09333,মাংস কখন শেষ হবে?,pending
09334,সালমা কোথায় গেছে?,pending
09335,আপনি কি রুটি খাবেন?,pending
09336,তোমার মোবাইল কোথায়?,pending
09337,কীভাবে গাছ দিয়েছি?,pending
09338,সুমন কি দোকানে যাবে?,pending
09339,মীরা কি অফিসে যাবে?,pending
09340,কীভাবে মা খেয়েছি?,pending
09341,আপনার সবজি কেমন?,pending
09342,আপনি কি পরোটা খাবেন?,pending
09343,তোমার রুটি কোথায়?,pending
09344,"বলুন, আপনার ছবি কী?",pending
09345,মাটি কখন শেষ হবে?,pending
09346,পার্ক কি নোংরা?,pending
09347,পরশু কি খেলা হবে?,pending
09348,তুমি কি মোবাইল পারব?,pending
09349,টাকা কি প্রিয়?,pending
09350,কীভাবে অফিস বলছি?,pending
09351,ফাতেমা কোথায় গেছে?,pending
09352,কখন হাসপাতাল আসবে?,pending
09353,তোমার কাপড় কোথায়?,pending
09354,কীভাবে আশা দেখেছি?,pending
09355,নিতা কোথায় গেছে?,pending
09356,তখন কি ছবি আঁকা হবে?,pending
09357,তুমি কি কথা দিয়েছি?,pending
09358,কেন প্রশ্ন শুনব?,pending
09359,তোমার বিকাল কোথায়?,pending
09360,অফিস কখন শেষ হবে?,pending
09361,"বলুন, আপনার কফি কী?",pending
09362,তোমার দিন কোথায়?,pending
09363,সময় কখন শেষ হবে?,pending
09364,সানিয়া কোথায় গেছে?,pending
09365,তুমি কি ঘড়ি চাইছি?,pending
09366,কীভাবে গাড়ি আসব?,pending
09367,তোমার চাঁদ কোথায়?,pending
09368,কীভাবে মাছ খেয়েছি?,pending
09369,রিতা কোথায় গেছে?,pending
09370,কীভাবে দিন শুনেছি?,pending
09371,আপনার পড়াশোনা কেমন?,pending
09372,আপনার গাড়ি কেমন?,pending
09373,কখন পাহাড় আসবে?,pending
09374,কীভাবে পাহাড় চাই?,pending
09375,রবি কোথায় গেছে?,pending
09376,"বলুন, আপনার সুখ কী?",pending
09377,কীভাবে পাখি শুনব?,pending
09378,তুমি কি সজাগ আছো?,pending
09379,বাগান কি শান্ত?,pending
09380,পার্ক কি পুরনো?,pending
09381,কীভাবে কাপড় পেরেছি?,pending
09382,তোমার সুখ কোথায়?,pending
09383,তুমি কি নোংরা আছো?,pending
09384,তুমি কি দুঃখী আছো?,pending
09385,সীতা কোথায় গেছে?,pending
09386,পরিবার কখন শেষ হবে?,pending
09387,সুমন কি অফিসে যাবে?,pending
09388,আপনি কি শরবত খাবেন?,pending
09389,কীভাবে বাজার চাইছি?,pending
09390,কীভাবে অফিস দিই?,pending
09391,ঘড়ি কখন শেষ হবে?,pending
09392,জামাল কি অফিসে যাবে?,pending
09393,এখন কি ছবি আঁকা হবে?,pending
09394,আপনি কি সবুজ জল চান?,pending
09395,কীভাবে দরজা পেরেছি?,pending
09396,কীভাবে কাজ পড়েছি?,pending
09397,কোন সন্তান ভালো?,pending
09398,তুমি কি রাত পড়েছি?,pending
09399,সাকিব কোথায় গেছে?,pending
09400,উত্তর কখন শেষ হবে?,pending
09401,কেন আনন্দ করছি?,pending
09402,কীভাবে দিন পড়ি?,pending
09403,তুমি কি সুখ নিয়েছি?,pending
09404,"বলুন, আপনার দিন কী?",pending
09405,"বলুন, আপনার দরজা কী?",pending
09406,কোন পার্ক ভালো?,pending
09407,আপনার অফিস কেমন?,pending
09408,কীভাবে বন দিতে চাই?,pending
09409,কাপড় কখন শেষ হবে?,pending
09410,রুমি কি সিলেটে যাবে?,pending
09411,কেন সমস্যা চাইছি?,pending
09412,কীভাবে বই চেয়েছি?,pending
09413,আপনার বাড়ি কেমন?,pending
09414,কীভাবে মাছ শুনছি?,pending
09415,তোমার সমাধান কোথায়?,pending
09416,জুতা কখন শেষ হবে?,pending
09417,তুমি কি গাড়ি আসছি?,pending
09418,কীভাবে ফুল শুনি?,pending
09419,কেন বাড়ি ভাবতে চাই?,pending
09420,কীভাবে মা পড়ছি?,pending
09421,অর্জুন কি এসেছে?,pending
09422,আপনি কি তেতো ঘর চান?,pending
09423,তোমার পরিবার কোথায়?,pending
09424,"বলুন, আপনার মাছ কী?",pending
09425,তুমি কি বোন এসেছি?,pending
09426,কেন মাঠ লিখতে চাই?,pending
09427,তুমি কি গাছ নিয়েছি?,pending
09428,কীভাবে ভাত খেয়েছি?,pending
09429,প্রশ্ন কি নতুন?,pending
09430,চাঁদ কখন শেষ হবে?,pending
09431,কখন মোবাইল আসবে?,pending
09432,কীভাবে আকাশ দেখেছি?,pending
09433,দরজা কখন শেষ হবে?,pending
09434,"বলুন, আপনার জুতা কী?",pending
09435,কীভাবে কলেজ দেখছি?,pending
09436,কীভাবে খাবার আসছি?,pending
09437,অর্জুন কি বনে যাবে?,pending
09438,কীভাবে সুখ পারি?,pending
09439,তুমি কি বাস দেখেছি?,pending
09440,আপনি কি নীল সুখ চান?,pending
09441,রহিম কি সিলেটে যাবে?,pending
09442,তুমি কি খারাপ আছো?,pending
09443,কীভাবে মাঠ দেখছি?,pending
09444,কেন উত্তর ভাবছি?,pending
09445,আপনি কি ধীর মাছ চান?,pending
09446,কীভাবে নদী চাইছি?,pending
09447,তুমি কি মোবাইল দেব?,pending
09448,তুমি কি বাজার বলেছি?,pending
09449,তোমার ফুল কোথায়?,pending
09450,তুমি কি ঘর খেয়েছি?,pending
09451,তুমি কি মাংস পেরেছি?,pending
09452,তোমার পাখি কোথায়?,pending
09453,আপনার ঘড়ি কেমন?,pending
09454,তুমি কি আশা পড়ছি?,pending
09455,মন্দির কি সাদা?,pending
09456,রাস্তা কি তেতো?,pending
09457,কীভাবে বাড়ি পেরেছি?,pending
09458,তুমি কি মন্দির করি?,pending
09459,"বলুন, আপনার ভাই কী?",pending
09460,কীভাবে সুখ এসেছি?,pending
09461,কীভাবে রুটি দিই?,pending
09462,কীভাবে বই দিয়েছি?,pending
09463,আনন্দ কি সুন্দর?,pending
09464,তুমি কি সমাধান পারব?,pending
09465,কোন আনন্দ ভালো?,pending
09466,তুমি কি আশা বলেছি?,pending
09467,কীভাবে বোন নিয়েছি?,pending
09468,বিকাল কি শান্ত?,pending
09469,আনন্দ কি ঠান্ডা?,pending
09470,তুমি কি জল চেয়েছি?,pending
09471,আজ কি টিভি দেখা হবে?,pending
09472,উত্তর কি আনন্দিত?,pending
09473,কীভাবে বোন পারছি?,pending
09474,কীভাবে কফি দিতে চাই?,pending
09475,সুমন কি ঢাকায় যাবে?,pending
09476,কীভাবে মাছ পড়ছি?,pending
09477,তুমি কি সকাল ভেবেছি?,pending
09478,সীতা কি দোকানে যাবে?,pending
09479,কীভাবে ঘড়ি দেখি?,pending
09480,তুমি কি পার্ক পারি?,pending
09481,কেন সন্ধ্যা যাব?,pending
09482,তুমি কি দোকান গেছি?,pending
09483,তুমি কি ভাত খেয়েছি?,pending
09484,তুমি কি মাংস লিখেছি?,pending
09485,প্রশ্ন কি কঠোর?,pending
09486,কেন মাংস দিতে চাই?,pending
09487,কেন ফুল ভাবতে চাই?,pending
09488,সুমন কি কলেজে যাবে?,pending
09489,তুমি কি সকাল দেখছি?,pending
09490,সমাধান কি বিখ্যাত?,pending
09491,রুমি কি অফিসে যাবে?,pending
09492,আপনি কি শীতল ফল চান?,pending
09493,"বলুন, আপনার কলেজ কী?",pending
09494,কীভাবে সকাল পেরেছি?,pending
09495,রহিম কি দোকানে যাবে?,pending
09496,তুমি কি ঘড়ি ভাবছি?,pending
09497,পরশু কি নাচ হবে?,pending
09498,দুপুরে কী খেলেন আজ?,pending
09499,বিমানের সময় কখন?,pending
09500,ছাড় দেওয়া যাবে কি?,pending
09501,উৎকণ্ঠিত কণ্ঠে মৃন্ময়ী জিজ্ঞেস করল,pending
09502,পঞ্চাশ ছুঁই-ছুই কৃষ্ণপদ বলতে শুরু করলেন,pending
09503,কৃষ্ণপদ বাঁ-দিকের ভ্রূ তুলে বললেন,pending
09504,অর্থাৎ সোহিনী ঠিক কীরকমভাবে এগিয়েছে,pending
09505,দৃঢ়তার সঙ্গে বন্দনা জানাল,pending
09506,মৃন্ময়ী প্রায় কাঁদো কাঁদো হয়ে বলে উঠল,pending
09507,ঘটনাস্থলে তন্ময়বাবু যখন আমাদের সব বলছিলেন,pending
09508,এবার মৃন্ময়ী যারপরনাই আনন্দিত হয়ে বলল,pending
09509,কোন ডায়লগটা আত্রেয়ী সেনের মুখে ভালো লাগবে,pending
09510,তাই বেখেয়ালে দুজনেই একসঙ্গে বলে উঠল,pending
09511,বাইরে থেকে কৃষ্ণপদ বিচ্ছিরি ধমকের সুরে আবার বলল,pending
09512,যে মিহির এতক্ষণ ভেজা ন্যাতার মতো পড়েছিল,pending
09513,মুখে পুচ করে একটা শব্দ করে কৃষ্ণপদ বললেন,pending
09514,মাথা ঝাঁকিয়ে পরিত্রাহী চিৎকার করে ওঠেন,pending
09515,দরজাটা দিতে যাবে অমনি তেঁতুল জিজ্ঞেস করল,pending
09516,চূড়ান্ত বিরক্তি নিয়ে বলেন,pending
09517,আদর করতে করতেই আধো আধো স্বরে সোনাই জিজ্ঞেস করেছিল,pending
09518,সায়ন যখন পুলিশের পোশাক পরে বেরিয়ে যাচ্ছিল,pending
09519,তন্ময় তার শরীরের মধ্যে শশব্যস্ত ভাব নিয়ে বলে উঠল,pending
09520,একটু বিরক্ত হয়েই ফোনটা ধরে,pending
09521,তার ওপর আত্রেয়ী তার ইন্টারভিউতে তো বলেই ছিল,pending
09522,খুব শান্ত স্বরেই উত্তর দিল তন্ময়,pending
09523,সায়ন মৃন্ময়ীর কাছে এসে শান্ত গলায় বলল,pending
09524,কিন্তু শুটিঙের ঠিক আগের দিন খেতে বসে ও হঠাৎ বলল,pending
09525,চেতন-অবচেতনের মাঝামাঝি অবস্থায় এটুকু বুঝল যে,pending
09526,একটা দীর্ঘশ্বাস ছেড়ে সায়ন জিজ্ঞেস করল,pending
09527,করেও দিগন্তের দুয়ারে দাঁড়িয়ে বলছে,pending
09528,তন্ময়ের মনে হঠাৎ একটা প্রশ্ন ঝিলিক দিয়ে উঠল,pending
09529,তন্ময়ের আর-একটা মন তাচ্ছিল্যের হাসি হেসে বলল,pending
09530,এই মুহূর্তে বাড়িতে ঢোকা তো দূর,pending
09531,বলেই মুখটায় আরও বেশি আতঙ্কের ছায়া টেনে বলল,pending
09532,একটু বিরক্ত হয়েই ফোনটা ধরল সায়ন,pending
09533,সূর্য দ্রুত প্রশ্ন করল,pending
09534,সায়ন রীতিমতো চোখ পাকিয়ে সূর্যের দিকে তাকায়,pending
09535,এবার সূর্যের মুখে কুলুপ দেখে সায়ন নিজেই বলে,pending
09536,পাশে চুপ করে দাঁড়িয়েছিলেন বন্দনার মা,pending
09537,বন্দনা একটু খেঁকিয়েই উঠল,pending
09538,সায়ন একটু ধাতস্থ হয়ে কানে ফোন দিয়ে বলে,pending
09539,কিন্তু… বলেই সায়নের দিকে একবার তাকিয়ে অফিসার বলল,pending
09540,আধো অন্ধকারে ঘরের কোনে দাঁড়িয়েই সায়ন বলে,pending
09541,তারপরেই কী যেন মনে হতে মৃন্ময়ী জিজ্ঞেস করল,pending
09542,বয়স্ক লোকটি গলা তুলে গম্ভীরনাদে বলে ওঠে,pending
09543,দাঁতে দাঁত চেপে আত্রেয়ী লোকটার উদ্দেশে বলল,pending
09544,কিন্তু সুরভি তখন মনের জোর দিয়ে বলেছে,pending
09545,শান্তনু কাগজের পাতা থেকে চোখ না তুলেই বলে,pending
09546,হঠাৎ বন্দনা দু-হাতে দুটো শাড়ি ফেলে এনে বলে,pending
09547,আরও একটু ন্যাকামো করে আত্রেয়ী বলে,pending
09548,আত্রেয়ীর মুখের সামনে আঙুল নাচিয়ে বলে,pending
09549,আর শান্তনু নিয়োগী নিজে কাজ পাওয়ার জন্যে নয়,pending
09550,গুছিয়ে চেয়ারে বসে সূর্যই এবার হাল ধরল,pending
09551,সেরকমই শীতল কণ্ঠে উত্তর দিল বন্দনা,pending
09552,নেশা-জড়ানো গলায় তন্ময় জিজ্ঞেস করে,pending
09553,চট করে ভেবে সব দিক রক্ষা হয় এমন উত্তরই দিল,pending
09554,পরের দিন বন্দনাকে গেট খুলে দেবার সময় ধানুয়া বলল,pending
09555,আত্রেয়ী গোঙানির স্বরে বলতে থাকে,pending
09556,ক্ষোভে খেপে ওঠে আত্রেয়ী,pending
09557,কিন্তু আত্রেয়ীর কথায় থামল,pending
09558,সোমদত্তা বন্দনাকে জিজ্ঞেস করল,pending
09559,পাশের স্বল্পবসনা প্যাংলা মেয়েটা ঠোঁট উলটে বলল,pending
09560,শান্তনুর দিকে চোখ ফিরিয়ে বলে,pending
09561,কাচের গ্লাসে একটা চুমুক দিয়ে শান্তনু বলল,pending
09562,আপনাকে… আর কিছু বলার আগেই আত্রেয়ী বলে উঠল,pending
09563,আত্রেয়ী ছুরির মতো গলার স্বরে শান দিয়ে বলল,pending
09564,নরম সুরে ফিশফিশে গলায় আত্রেয়ীকে বলল,pending
09565,দেখে ভিকি নিজে ঢুকে আত্রেয়ীকে বলল,pending
09566,এইসময় ফোনটা কান থেকে নামিয়ে ফুট কাটে শান্তনু,pending
09567,সায়নের প্রশ্নে সূর্য ঘাড় নেড়ে বলল,pending
09568,সোমদত্তা অবাক হয়ে প্রশ্ন করল,pending
09569,সায়নও মোবাইলটা বন্ধ করে পকেটে রাখতে রাখতে বলে,pending
09570,মুখের সামনে থেকে আলতো করে হাত সরিয়ে বন্দনা বলে,pending
09571,বন্দনা বুঝতে পারে ডাইনিঙে বসেই গলা তুলে বলছে,pending
09572,শরীরের মধ্যে আমারই একটা প্রাণ বেড়ে উঠছে,pending
09573,নিজের সন্তানের ভবিষ্যতের কথা ভেবে যদি টাকা চাই-ই,pending
09574,অমনি সূর্য ব্যাপারটাকে সামাল দেবার জন্য বলে উঠল,pending
09575,নীলাম্বর হাওয়ায় ছুড়ে দিলেন উত্তর,pending
09576,পরান প্রায় দাঁত খিঁচিয়েই জবাব দিল দূরে দাঁড়িয়ে,pending
09577,যাবার আগে হলদেটে চোখগুলো তুলে নীলাম্বরকে বলে,pending
09578,মানে সাড়ে ছ্যায় সাল পহেলে পঙ্কজ ম্যানেজার থা,pending
09579,নামটা দেখে নিজের মনেই বিড়বিড় করে উঠলেন নীলাম্বর,pending
09580,কল রিসিভ করেই নীলাম্বর উৎকণ্ঠিত গলায় বললেন,pending
09581,একটা দীর্ঘশ্বাস ছেড়ে নীলাম্বর বললেন,pending
09582,এতক্ষণ সায়নের চোখে কেবল ভানুর ডেডবডির ছবি,pending
09583,ফোনের ওপার থেকে মুনাই একটু চিন্তান্বিত গলাতেই বলল,pending
09584,কিন্তু নদীতীরে দাঁড়িয়ে গুরুদেব যে বলেছিলেন,pending
09585,মৃন্ময়ী সম্পূর্ণ আনমনা হয়ে বিড়বিড় করে ওঠে,pending
09586,এখন শুধু সমাধানের পথ খোঁজা আর অপেক্ষা,pending
09587,ঠোঁটের ওপর প্রেমিক-প্রেমিক হাসি ছড়িয়ে সায়ন বলে,pending
09588,চোখটা একবার নার্সের চলে যাওয়ার দিকে,pending
09589,সায়নের প্রশ্নটা উড়ে আসতেই অবনীশ পালটা প্রশ্ন করল,pending
09590,কিন্তু ঠিক কী হল বোঝার আগেই তন্ময় বলল,pending
09591,এর আগে আত্রেয়ীর পুরো বাড়ি সার্চ করলেও,pending
09592,মুখটা একটু ঝুঁকিয়ে জিজ্ঞেস করল,pending
09593,নীলাম্বর দৃপ্তকণ্ঠে বললেন,pending
09594,কমিশনার আবার একটা কিছু বলতে যাচ্ছিলেন,pending
09595,নীলাম্বর দৌড়ে দরজার কাছে গিয়ে সোহিনীর ঢুকে আসা,pending
09596,হঠাৎ হসপিটালের এক কর্মী ছুটে এসে জানায়,pending
09597,বাইরে থেকে সুরভির ক্লান্ত গলা বলল,pending
09598,ডক্টর বিচলিত হয়েই সায়নকে বলতে যাচ্ছিল,pending
09599,নার্সের কথার ওপর দিয়ে তন্ময় ধমকে উঠল,pending
09600,ঘামে ভেজা মুখে তাচ্ছিল্যের হাসি হেসে তন্ময় বলল,pending
09601,আত্রেয়ীও নাক-সিঁটকে বলে উঠল,pending
09602,বলেই মিহিরের ডানহাতটা ধরে আত্রেয়ী বলে উঠল,pending
09603,দেখে একটি ছেলে দৌড়ে আত্রেয়ীর দিকে গেল,pending
09604,আত্রেয়ী সেন দাঁতে দাঁত চিপে বলে উঠল,pending
09605,আত্রেয়ীর কথার ওপর দিয়ে তন্ময় তেড়েফুঁড়ে উঠল,pending
09606,মিহির এবার তীক্ষ্ণ নজরে মনিটরের দিকে চেয়ে বলে উঠল,pending
09607,সায়ন নীলাম্বরকে জিজ্ঞেস করল,pending
09608,অনেকবার চোখ মোছার পর যেমন রক্তিম আভা ছড়িয়ে পড়ে,pending
09609,সায়ন সোজা হয়ে বসে আবার সোমদত্তাকে জিজ্ঞেস করল,pending
09610,সায়ন অমনি অত্যন্ত বিনয়ের সঙ্গে বলল,pending
09611,ওটা সত্যিই একজন প্রেগন্যান্ট মহিলার রিপোর্ট,pending
09612,মাসখানেক আগে হঠাৎ একদিন বন্দনা আমায় বলল,pending
09613,ভিডিয়োর অন্তরাল থেকে সায়নের গলা শোনা গেল,pending
09614,বন্দনা পাশে বসে শুধু অঝোরে কেঁদে গেছে আর বলেছে,pending
09615,এত দূর থেকে যদি পঙ্কজ সবটা খেয়াল করতে পারে,pending
09616,শান্ত গলায় জিজ্ঞেস করল সায়ন,pending
09617,বন্দনার স্বরে অভিমানী সুর দেখে তন্ময় বলল,pending
09618,কিছুক্ষণ চুপ থেকে পুরো ব্যাপারটাকে হজম করে বলল,pending
09619,মুচকি হেসে বন্দনা জিজ্ঞেস করে,pending
09620,ওপার থেকে বেশ রেগেমেগে প্রশ্ন উড়ে এল তন্ময়ের,pending
09621,শান্তনু ফাঁকা গ্লাসটা বাড়িয়ে দিয়ে বলে,pending
09622,উলটোদিক থেকে আত্রেয়ীর ভীত গলা ভেসে এল,pending
09623,ওদিক থেকে চোখ বুজে আবার উড়ে এল নীলাম্বরের বাণী,pending
09624,নীলাম্বর চোখ কুঁচকে গম্ভীর হয়েই বলল,pending
09625,চমকে উঠেই অ্যাটেনশন মোডে সূর্য,pending
09626,ঝড়ের গতিতে উত্তর ছুড়ে দিয়ে এগিয়ে যাচ্ছে সায়ন,pending
09627,গলায় হাত বুলিয়ে মুখে ব্যথার ভাব এনে বলে হ্যাঁ,pending
09628,সিসিটিভি রুমে ঢুকতেই সায়ন জিজ্ঞেস করল,pending
09629,অসহায়ের মতো নীলাম্বর বিড়বিড় করলেন,pending
09630,নীলাম্বর হাত উলটে ঘড়ি দেখে বলেন,pending
09631,সোমদত্তা কাঁপা গলায় জিজ্ঞেস করল,pending
09632,সোমদত্তা উঠতে চাইছে দেখে নার্স এগিয়ে আসে,pending
09633,যে নারীর মধ্যে স্বয়ং আদ্যাশক্তি বিরাজ করছেন,pending
09634,অবাক হয়ে প্রশ্ন করেন নীলাম্বর,pending
09635,নীলাম্বর সোমদত্তাকে বাধা দিয়ে বলে ওঠে,pending
09636,তাকেও খেয়াল করে রাখা গেল না?,pending
09637,মারা গেছে না নিরুদ্দেশ?,pending
09638,এক হাতে কত করব বলো দিকি?,pending
09639,তবে কী ধরে নেব স্যার?,pending
09640,সে কি ছুটিতে থাকবে নাকি?,pending
09641,নইলে আর ঘরে কী করে ঢুকব?,pending
09642,ওরকমভাবে বলার কী আছে?,pending
09643,মিহির তবে কীসে করে এল?,pending
09644,তাহলে এখন কে এই ঘটনা ঘটাল?,pending
09645,এত গরমজল এল কোত্থেকে?,pending
09646,তবে কী ওপরে চলে গেছে?,pending
09647,তাতে জেলে দেবেন আমায়?,pending
09648,মই ব্যবহার করতে পারে?,pending
09649,গোটা লাশটাই লাগবে নাকি?,pending
09650,এখানেই-বা নিয়ে এলেন কেন?,pending
09651,গায়ে-টায়ে হাত তোলোনি তো?,pending
09652,নিজে থেকেই ছুটি দিলেন?,pending
09653,একাই থাকত বউ-বাচ্চা কেউ নেই?,pending
09654,শুনতে পেলে কী হবে বলো তো?,pending
09655,সেই বডিগার্ডই-বা গেল কই?,pending
09656,এত রাতে যাবটা কোথায়?,pending
09657,পেছন থেকে মজা দেখছে নাকি?,pending
09658,ওটা কে এসে বাঁচাল লোকটাকে?,pending
09659,নইলে আর হাতে এল কী করে?,pending
09660,সরাসরি গিয়ে বলে দিলেন?,pending
09661,এতো রাতে যাবটা কোথায়?,pending
09662,তবে আমার মন কী বলে জানেন?,pending
09663,আপনি গেলেন সাতদিন বাদে?,pending
09664,আমি আর কী বলব বলুন তো?,pending
09665,আপনার নাম কী বলতে পারেন?,pending
09666,তুমি জানো এটি মজাদার?,pending
09667,এখানে মাংস পাওয়া যায়?,pending
09668,আপনি কি সহজ মাংস চান?,pending
09669,আপনি কি পায়েস খাবেন?,pending
09670,আপনি কি মজবুত বন চান?,pending
09671,"বলুন, আপনার কাপড় কী?",pending
09672,রিতা কি নদীর ধারে যাবে?,pending
09673,এখানে আকাশ পাওয়া যায়?,pending
09674,কেন পরিবার চাইতে থাকি?,pending
09675,এখানে বাজার পাওয়া যায়?,pending
09676,আপনি কি বিরিয়ানি খাবেন?,pending
09677,এখানে স্বপ্ন পাওয়া যায়?,pending
09678,তুমি কি পরিবার পড়ছি?,pending
09679,এখানে সমাধান পাওয়া যায়?,pending
09680,আপনি কি শীতল কাজ চান?,pending
09681,সকালে কি সাঁতার কাটা হবে?,pending
09682,কাল কি গান গাওয়া হবে?,pending
09683,তুমি কি বন শুনতে চাই?,pending
09684,আগে কি গান গাওয়া হবে?,pending
09685,এখানে পাহাড় পাওয়া যায়?,pending
09686,পরে কি টিভি দেখা হবে?,pending
09687,এখানে দুঃখ পাওয়া যায়?,pending
09688,শফিক কি পাহাড়ে যাবে?,pending
09689,আগামীকাল কি খেলা হবে?,pending
09690,রাকিব কি হাসপাতালে যাবে?,pending
09691,তুমি কি চাঁদ দেখতে চাই?,pending
09692,এখানে ছবি পাওয়া যায়?,pending
09693,কীভাবে বাজার খেতে চাই?,pending
09694,এখানে চাঁদ পাওয়া যায়?,pending
09695,এখানে দরজা পাওয়া যায়?,pending
09696,বিকালে কি গান গাওয়া হবে?,pending
09697,এখানে জুতা পাওয়া যায়?,pending
09698,মুনির কি দোকানে যাবে?,pending
09699,আপনি কি নরম উত্তর চান?,pending
09700,কীভাবে বিকাল দিয়েছি?,pending
09701,আপনি কি নীল দরজা চান?,pending
09702,আপনি কি হলুদ চাঁদ চান?,pending
09703,আপনি কি গরম জানালা চান?,pending
09704,এখানে পরিবার পাওয়া যায়?,pending
09705,এখন কি টিভি দেখা হবে?,pending
09706,তুমি কি গাড়ি পড়েছি?,pending
09707,তুমি কি সমাধান এসেছি?,pending
09708,কীভাবে দিন ভাবতে চাই?,pending
09709,"বলুন, আপনার দোকান কী?",pending
09710,এখানে মাটি পাওয়া যায়?,pending
09711,তুমি কি মোবাইল ভাবছি?,pending
09712,আপনি কি ঠান্ডা পরিবার চান?,pending
09713,আপনি কি সজাগ অফিস চান?,pending
09714,এখানে সমস্যা পাওয়া যায়?,pending
09715,বিকালে কি ঘুমানো হবে?,pending
09716,আপনি কি ছোট কাপড় চান?,pending
09717,এখানে দোকান পাওয়া যায়?,pending
09718,এখানে কলেজ পাওয়া যায়?,pending
09719,এখানে ফুল পাওয়া যায়?,pending
09720,পরে কি সাঁতার কাটা হবে?,pending
09721,"বলুন, আপনার স্বপ্ন কী?",pending
09722,এখানে কফি পাওয়া যায়?,pending
09723,তুমি কি বাবা আসতে চাই?,pending
09724,আপনি কি কঠোর সকাল চান?,pending
09725,কেন বাজার চাইতে থাকি?,pending
09726,তুমি কি ভাই বলতে চাই?,pending
09727,আপনি কি নিকট উত্তর চান?,pending
09728,সকালে কি টিভি দেখা হবে?,pending
09729,তুমি কি সকাল বলতে চাই?,pending
09730,বশির কি রাজশাহীতে যাবে?,pending
09731,মীরা কি বাড়িতে যাবে?,pending
09732,তুমি কি সমাধান চাইছি?,pending
09733,আপনি কি শীতল বিকাল চান?,pending
09734,আমির কি বাড়িতে যাবে?,pending
09735,এখানে সকাল পাওয়া যায়?,pending
09736,আপনি কি লাল পড়াশোনা চান?,pending
09737,তুমি কি দুঃখ খেয়েছি?,pending
09738,এখানে কাপড় পাওয়া যায়?,pending
09739,বিকালে কি সাঁতার কাটা হবে?,pending
09740,গতকাল কি ছবি আঁকা হবে?,pending
09741,কীভাবে চাঁদ করতে চাই?,pending
09742,আপনি কি নোংরা খাবার চান?,pending
09743,রবি কি বিশ্ববিদ্যালয়ে যাবে?,pending
09744,আপনি কি ঠান্ডা ঘড়ি চান?,pending
09745,আপনি কি নিকট পড়াশোনা চান?,pending
09746,তুমি কি চাঁদ করতে চাই?,pending
09747,তুমি কি সমস্যা লিখছি?,pending
09748,জামাল কি দোকানে যাবে?,pending
09749,আপনি কি পরিষ্কার জল চান?,pending
09750,তুমি কি বাস বলতে চাই?,pending
09751,আপনি কি ভালো কাপড় চান?,pending
09752,আপনি কি ঠান্ডা ভাই চান?,pending
09753,আপনি কি পরিষ্কার মাটি চান?,pending
09754,আপনি কি কঠোর রুটি চান?,pending
09755,আপনি কি সজাগ দোকান চান?,pending
09756,তুমি কি দোকান নিতে চাই?,pending
09757,আপনি কি সহজ হাসপাতাল চান?,pending
09758,তখন কি টিভি দেখা হবে?,pending
09759,তুমি কি পরিবার লিখছি?,pending
09760,আপনি কি নোংরা জল চান?,pending
09761,আপনি কি নীল অফিস চান?,pending
09762,কীভাবে ভাত পড়তে চাই?,pending
09763,তুমি কি সমস্যা শুনছি?,pending
09764,নিতা কি নদীর ধারে যাবে?,pending
09765,সালমা কি বাড়িতে যাবে?,pending
09766,রিতা কি রাজশাহীতে যাবে?,pending
09767,আপনি কি সবুজ বাজার চান?,pending
09768,আপনি কি জটিল বাজার চান?,pending
09769,কামাল কি পাহাড়ে যাবে?,pending
09770,মুনির কি ঢাকায় যাবে?,pending
09771,আপনি কি চিন্তিত চা চান?,pending
09772,আপনি কি ধীর মাটি চান?,pending
09773,আপনি কি খারাপ পাহাড় চান?,pending
09774,কীভাবে ফুল ভাবতে চাই?,pending
09775,বশির কি বিশ্ববিদ্যালয়ে যাবে?,pending
09776,আপনি কি নোংরা গাছ চান?,pending
09777,তুমি কি জানালা ভাবছি?,pending
09778,আপনি কি সবুজ গান চান?,pending
09779,আপনি কি ধীর রুটি চান?,pending
09780,কৃষ্ণ কি বাজারে যাবে?,pending
09781,আপনি কি নোনা সময় চান?,pending
09782,তুমি কি হাসপাতাল লিখছি?,pending
09783,একটু চা খাবেন নাকি কফি?,pending
09784,ক্যাশে দেব নাকি কার্ডে?,pending
09785,তার ওপর চারপাশের নৈঃশব্দ্য চোখের পাতাকে ভারী করে তোলে।,pending
09786,কথা শেষ করেই এক চোট ফ্যাচ ফ্যাচ করে হেসে নিল অমিতাভ মল্লিক।,pending
09787,কাচের গ্লাসে রাখা জলটা এক নিশ্বাসে খেয়ে ফেলল অমিতাভ মল্লিক।,pending
09788,ভাবতেই পেটের ভেতর থেকে কান্নাটা দলা পাকিয়ে উঠল মৃন্ময়ীর।,pending
09789,হ্যাঁ কেমন যত্নে রেখেছেন সেটা তো নিজের চোখেই দেখলাম।,pending
09790,আর এই অঞ্চলের সবকটা সিসিটিভি ফুটেজ জোগাড় করে রাখো।,pending
09791,অজস্র ক্যামেরার ফ্ল্যাশে মাথার ভেতরটা বোঁ বোঁ করছে সায়নের।,pending
09792,ভ্রূ দুটোকে মাঝখানে জড়ো করে ঘরের বাইরে থেকে দেখছে তন্ময়।,pending
09793,এই নার্সিংহোমের সুপারভাইজার কাম অ্যাডমিনিস্ট্রেটিভ অফিসার।,pending
09794,হা হা করে নিজেই অট্টহাসিতে ফেটে পড়ল তন্ময় হালদার।,pending
09795,খাটের নীচ থেকে টেনে বের করে আনল পুরোনো একটা ট্রাঙ্ক।,pending
09796,কলকাতা থেকে বোলপুর চার সাড়ে চার ঘণ্টাই লাগে সায়নবাবু।,pending
09797,মনে রাখবেন ম্যাক্সিমাম আধঘণ্টা আপনাকে আমি দিতে পারি।,pending
09798,বালিগঞ্জ থানার ওসি অবনীশের মুখ থেকে কথাটা বেরিয়েই এল।,pending
09799,রাতে বউদিকে ছাদের কার্নিশের ওপর থেকে টেনে নামানো হয়।,pending
09800,অগত্যা ঝাড়া তিনঘণ্টা সেখানে দাঁড়িয়ে থাকার পর গাড়ি ছাড়ল।,pending
09801,অসভ্য একটা ঠিক তখনই মৃন্ময়ী সোনাইকে ডাকে স্নান করাবার জন্য।,pending
09802,শুধু একবার একটি মেয়ে এসে স্ন্যাক্স আর কফি দিয়ে গেল।,pending
09803,যে ছবি আমায় অনাথআশ্রম থেকে দত্তক নেবার সময়ে তোলা হয়েছিল।,pending
09804,কাচের দরজায় অজস্র জলের কণা বাষ্প বুকে নিয়ে জমে আছে।,pending
09805,শেষ বসন্তের সবুজ পাতাগুলো কালনাগিনীর মতো রূপ ধরে থমকে আছে।,pending
09806,আলসের ধারে দাঁড়িয়ে সেই মেয়েটি অনেকক্ষণ থেকেই গান গাইছে।,pending
09807,তাই চিৎকার করে বেশ কিছু সংলাপ ছিল আজকের প্রোমো শুটে।,pending
09808,আত্রেয়ী সেনের মতো নামজাদা অভিনেত্রীকে নিয়ে কাজ করবি।,pending
09809,দু-চোখের সামনে স্বপ্নের দৃশ্যগুলো যেন নতুন করে শরীর পাচ্ছে।,pending
09810,এই ভদ্রলোক যে কোন ব্যাপারটা জানেন সেটাই কেউ জানে না।,pending
09811,তা-ও তো আত্রেয়ী বলে ফোর্টি পারসেন্ট পেমেন্ট করে দিয়েছি।,pending
09812,তাই মিহিরই আমাদের এখানে থাকার ব্যবস্থা করতে বলেছিল।,pending
09813,সবেমাত্র সিঁড়িটা টপকাতে যাবে ঠিক তখনই চমকে উঠলেন অমিতাভ।,pending
09814,তীক্ষ্ণ নজরে অমিতাভর মুখের দিকে চেয়ে আছেন কৃষ্ণপদ ঘোড়ুই।,pending
09815,শুধু দূর থেকে দেখেছে বলে ব্যক্তির মুখ দেখতে পায়নি।,pending
09816,কিন্তু তন্ময় আর অমিতাভ দুজনেই মিহির সরখেলকেই দেখেছে।,pending
09817,ওকে ছাড়া আলোকপর্ণার চরিত্র কেউ ফুটিয়েই তুলতে পারবে না।,pending
09818,আত্রেয়ী সেন এখন মিহির সরখেলের ছবি ছাড়া শুটিং করেন না।,pending
09819,এতক্ষণে একবারও গলা তুলে ডাকতে পারেনি ভেতরের চেনা মানুষটাকে।,pending
09820,ছেলেটা নিজের ছোটো বোনের কাছে আছে জেনে খানিক শান্ত হল মিহির।,pending
09821,রাগ আর অভিমান একসঙ্গে বেরিয়ে এল মৃন্ময়ীর গলা দিয়ে।,pending
09822,ভাবতে ভাবতে হঠাৎ মৃন্ময়ীর চোখ পড়ে দোতলার বারান্দায়।,pending
09823,ভাবনার জগৎ থেকে বাস্তবের মাটিতে আছড়ে পড়ল বৃষভানু।,pending
09824,শাওয়ার বন্ধ করে কোনোরকমে টাওয়েল জড়িয়ে বেরিয়ে এল।,pending
09825,এবার যদি না জানায় তাহলে পুলিশ ভানুকেই সন্দেহ করতে পারে।,pending
09826,কিন্তু মিহির সরখেল জাস্ট একজন নিতান্ত সাধারণ মানুষ।,pending
09827,কিন্তু আজ ফেরার পথে বলল খাবারটা বাড়িতে দিয়ে আসতে।,pending
09828,অথচ একজন মানুষই এসেছে যে প্রথমে পরিচিত আর তারপরেই অপরিচিত।,pending
09829,সারা বাড়ি ছানবিন করে সন্দেহজনক কিছুই পাওয়া যায়নি।,pending
09830,বাধা হয়ে দাঁড়াচ্ছে তেঁতুলের দেখা ওই অস্বাভাবিক দুটো চোখ।,pending
09831,ঘর আর বারান্দার মাঝে কাচের দরজাটা ভেতর থেকেই দেওয়া ছিল।,pending
09832,আত্রেয়ীর কেবিনের সামনে থেকে খানিক সরে এসে দাঁড়াল তন্ময়।,pending
09833,আজ সকালের নিউজে বলল পুলিশ মিহিরকে শুধু সন্দেহই করছে না।,pending
09834,এক-এর পর এক প্রশ্নবাণ আছড়ে পড়তে থাকে তন্ময়ের দিকে।,pending
09835,প্রতিটি থানায় মিহির সরখেলের দুটি করে ছবি পাঠানো হয়েছে।,pending
09836,কিন্তু দাদাভাইয়ের কেস বলেই এত তাড়াতাড়ি সেটা করলাম।,pending
09837,ইচ্ছে করলেই আমি এই দুটো থানার কাজে নাক গলাতে পারব না।,pending
09838,আর সেই কারণটা জানতে হলে আমায় জানতে হবে আত্রেয়ীর অতীত।,pending
09839,সায়ন লক্ষ করে মৃন্ময়ীর বাঁ-হাতটা তিরতির করে কাঁপছে।,pending
09840,বরং শুটিং আর আত্রেয়ীর কথা উঠলেই কেমন যেন গুম মেরে যেত।,pending
09841,ঘরের মধ্যের চাপ-চাপ নীরবতা চেপে বসেছে মানুষগুলোর মস্তিষ্কে।,pending
09842,ধানুয়া বেশ মন দিয়ে দেখছিল কুকুরটার দ্বিখণ্ডিত দেহ।,pending
09843,কিন্তু কুকুরটা তো ওর বাড়ির দশ হাতের মধ্যেই পড়েছে।,pending
09844,এবার ছেলেগুলোর সঙ্গে তেঁতুলের দাঁতগুলোও বেরিয়ে এল।,pending
09845,আর-একটু হলেই ডালটা সোজা মাথায় পড়ে একটা কাণ্ড ঘটছিল।,pending
09846,কিন্তু হাত-পা দুটো যেন ভারী কিছুর নীচে চাপা পড়ে আছে।,pending
09847,সরেজমিনে তদন্ত করতে করতে সায়নের কানে আসছে রিপোর্টারের বাইট।,pending
09848,আমরা জেনে নেব বিধাননগর থানার ওসি সায়ন মল্লিকের কাছ থেকে।,pending
09849,ওখানে তো হোমযজ্ঞও শুরু হয়ে গেছে আপনার পাঠানো ছবি নিয়ে।,pending
09850,সব কিছু এই মুহূর্তে মাথার মধ্যে তালগোল পাকাতে থাকে।,pending
09851,কিন্তু মৃন্ময়ীর মাথায় যে হঠাৎ কী চাপল তা কেউ বুঝে পেল না।,pending
09852,একরাশ অন্ধকার যেন ভেতর থেকে ঝাপটা মারল তন্ময়ের চোখে।,pending
09853,একটুও অপেক্ষা না করে ঝট করে সিঁড়ির আলোর সুইচটা টিপে দেয়।,pending
09854,অন্ধকারে ঘাপটি মেরে মুখ ঢেকে বসে থাকা রহস্যময় সেই লোকটা।,pending
09855,উনহোনে বোলা কি আপনার কাছ থেকে ইস মকানকা চাবি মিলা হ্যায়।,pending
09856,তন্ময়ের প্রশ্নটা একা-একাই বাজল বাড়িটার দেয়ালগুলোতে।,pending
09857,শিরা দিয়ে রক্তের বদলে বরফগলা জল ছড়িয়ে পড়ল সারা শরীরে।,pending
09858,ঘরের চারটে দেয়ালজুড়েই কাচ আর ক্রিস্টালের অপূর্ব সব শো-পিস।,pending
09859,ইন্ডাস্ট্রির সবাই তো জানে আত্রেয়ী সেন মদ ছুঁয়েও দেখে না।,pending
09860,খিলখিল করে বালিকার মতো হেসে গড়িয়ে পড়েছিল আত্রেয়ী।,pending
09861,আর একসঙ্গে দুটো ঘরের আলোই কেটে যাবে এটা অবিশ্বাস্য।,pending
09862,একবারের চেষ্টাতেই বের করে আনল একটি বড়ো চৌকো লাল বাক্স।,pending
09863,হাতে নিয়ে এদিক-ওদিক নাড়াতেই আলোকদ্যুতি ছিটকে বেরোচ্ছে যেন।,pending
09864,ওপাশের বারান্দা লাগোয়া ঘর থেকে আবারও একটা নীল আলোর হাতছানি।,pending
09865,সারা বাড়িময় ছড়িয়ে পড়ল তন্ময়ের গলাচেরা আর্তনাদ।,pending
09866,কোনো মানুষ ঢুকলে সবার আগে বারান্দার জানলা বা দরজা ভাঙতে হবে।,pending
09867,ফিরতে গিয়েই মনে হল খানিকটা অন্ধকারের ড্যালা যেন নড়ে উঠল।,pending
09868,কিন্তু সরস্বতী পুজোর আগের দিন মিহির এগুলো ওপরে নিয়ে আসে।,pending
09869,মৃন্ময়ী বুঝতে পারল প্রশ্নটা তার মনের মধ্যেই চাপা রইল।,pending
09870,মৃন্ময়ী অবাক হয়ে সোনাইয়ের হাত লক্ষ্য করে তাকায়।,pending
09871,টেডিটাও এক দৃষ্টে তাকিয়ে রইল মৃন্ময়ী আর সোনাইয়ের দিকে।,pending
09872,বলতেই পারত যে আত্রেয়ী ওকেও এই বাড়ির আর-একটা চাবি দিয়েছে।,pending
09873,কৃষ্ণপদর কথা অনুযায়ী সময়টা সন্ধে সাড়ে ছ-টার আশেপাশে।,pending
09874,সেখানে দু-তিনবার শব্দ হতেই চমকে ঘুম থেকে জেগে ওঠে মৃন্ময়ী।,pending
09875,এই মুহূর্তে কেউ আর খুনির বাড়িতে কাজ করতে চাইছে না।,pending
09876,তোমায় নামিয়ে দিয়ে একটু আত্রেয়ী সেনের বাড়িতে ঢু মারব।,pending
09877,মুকুন্দপুরের ভেতরে হাইরাইজ সিটিতে পুলিশের গাড়ি এসে থামে।,pending
09878,তন্ময়ের জিনসের পকেট থেকে পাওয়া পার্সেই ফ্ল্যাটের চাবি ছিল।,pending
09879,গ্লাস দেখেই বোঝা যাচ্ছে মদ খেয়ে গ্লাসটা ধোয়াও হয়নি।,pending
09880,যারা ছবি তোলে ক্যামেরার প্রতি তাদের একটা আলাদাই প্রেম থাকে।,pending
09881,যদি ঘোরে তাহলে আত্রেয়ী সেনের বাড়িতে কোথাও পড়ে যেতে পারে।,pending
09882,মুহূর্তে কিছু একটা দেখে সায়নের মুখ থেকে হাসি মিলিয়ে গেল।,pending
09883,একমাত্র এই লেন্সটারই সরু দিকটা নীচে আর মোটা দিকটা ওপরে।,pending
09884,সেগুলোকে সূর্যের হাতে দিয়ে আলমারিটা আরও ভালো করে দেখে।,pending
09885,সদ্য খুঁজে পাওয়া চাবিগুলো দিয়ে খোলবার চেষ্টা করতে থাকে।,pending
09886,একটি ছোটো চাবি গর্তটার খাপে বসে অনায়াসেই ঘুরে যায়।,pending
09887,মৃন্ময়ী আতঙ্কিত দুটো চোখ মেলে ঘরের চারপাশ দেখে চলেছে।,pending
09888,একদিন রাত মে বন্দনা দিদি আপনা সামান লে কর চলে গয়ে।,pending
09889,সেগুলো একসঙ্গে জড়ো করতে করতে হঠাৎ মৃন্ময়ীর হাত আটকে গেল।,pending
09890,মৃন্ময়ী ঝাঁটাটাকে বুকের কাছে ধরে দাঁড়িয়ে ছিল এতক্ষণ।,pending
09891,শুধুমাত্র মনের জোরে শরীরটাকে টেনে নিয়ে চলেছে সারাদিন ধরে।,pending
09892,ভাগ্যিস রাস্তার মোড় ঘুরতেই হলুদ ট্যাক্সিটা পেয়ে গেছিল।,pending
09893,রাস্তায় যদি পুলিশ ধরেও তাহলেও থানায় নিয়ে যেতে পারবে না।,pending
09894,হাতে ধরা রুমালে মুখের ঘাম মুছুতে মুছতে একটু থমকে গেল বন্দনা।,pending
09895,কড়া গলায় বলা বন্দনার অপমান দাঁতে দাঁত চিপে হজম করল সায়ন।,pending
09896,কারণ ঘরের দরজায় আপনার বয়স্কা মা কান পেতে দাঁড়িয়ে আছেন।,pending
09897,পুলিশ ঠিক কতটা জানে কিছুতেই বুঝে উঠতে পারছে না বন্দনা।,pending
09898,একদমে চাপা আশঙ্কা নিয়ে কথাগুলো বলে হাঁফাতে লাগলেন সুরভি।,pending
09899,আত্রেয়ীর বাড়ি হয় কাল রাতে কিংবা পরশু সকালে দেখতে যাবে।,pending
09900,পাশ দিয়ে মাঝেমধ্যে দু-একটা চারচাকা ঝড়ের বেগে ছুটে যাচ্ছে।,pending
09901,প্রথমে গাড়িতে পেছনের সিটে আমি কাউকে বসে থাকতে দেখেছি।,pending
09902,আমরা তো মিহির সরখেলকে নার্সিংহোমে ভরতি করেছি স্যার।,pending
09903,তারপরেই কিছু একটা দেখে রাস্তার উলটোদিকে ছুটে যেতে যায়।,pending
09904,হঠাৎ করেই মাঝরাস্তা ফুঁড়ে গাড়িটা যেন আবির্ভূত হল।,pending
09905,ডিপার্টমেন্টের সব পুলিশ অফিসার এ ছবি দেখে রীতিমতো স্তব্ধ।,pending
09906,টেবিল চাপড়ে শেষ কথাটা বলার পরেই একটু হাঁফ ধরে বন্দনার।,pending
09907,তন্ময় হালদারের আলমারি থেকে উদ্ধার হওয়া ব্রা আর প্যান্টি।,pending
09908,ইচ্ছে করেই দিয়েছি যাতে একটু হলেও মানসিক চাপটা কম পান।,pending
09909,জিনিসগুলোকে প্যাকেটস্থ করে চেয়ার ছেড়ে উঠে যায় সোমদত্তা।,pending
09910,কেবল দরজার তলা দিয়ে জল বেরিয়ে ডাইনিং ভিজিয়ে দিচ্ছে।,pending
09911,বন্দনা ঠিক বুঝে উঠতে পারছিল না কেন এমন কথা তাকে শুনতে হল।,pending
09912,ওই আত্রেয়ীর কাছেই তোকে এঁটুলির মতো লেগে থাকতে হবে।,pending
09913,কারণ এ-বাড়িতে রান্নার লোকের সেকেন্ড কোনো অপশন নেই।,pending
09914,তাই যে-কোনো অপশক্তি ওকে কবজায় আনতে পারবে খুব সহজেই।,pending
09915,মৃন্ময়ী দৌড়ে এসে ছেলের অবস্থা দেখে ভয়ে কাঁপতে থাকে।,pending
09916,দমবন্ধ করা কালো ধোঁয়া বিভীষিকার মতো তাঁকে জড়িয়ে ধরছে।,pending
09917,ঘরের মধ্যে সোনাইও মায়ের কোলে জ্ঞান হারিয়ে ঢলে পড়ে।,pending
09918,বলেই সোমদত্তার দিকে তাকিয়ে সূর্য একবার মুচকি হাসল।,pending
09919,এখনও বন্দনার মুখে সপাটে জবাব শুনে ঠোঁট ওলটালো সায়ন।,pending
09920,আত্রেয়ী সেনের সব ছবিতেই তন্ময় হালদার ক্যামেরাম্যান।,pending
09921,একসময়ে সেই নাকি আত্রেয়ী সেনের খাস ক্যামেরাম্যান ছিল।,pending
09922,তন্ময় বন্দনার এক্কেবারে মুখের সামনের একটা চেয়ারে বসে পড়ে।,pending
09923,এঁর ছবিতে অভিনয় করেই আত্রেয়ী বিএফজেএ অ্যাওয়ার্ড পেয়েছে।,pending
09924,খানিকক্ষণের জন্য সিঁড়ির রেলিং ধরে থমকে দাঁড়াল সে।,pending
09925,আর কিচ্ছু না ভেবে দৌড়ে ঘরের দরজার সামনে গিয়ে দাঁড়ায়।,pending
09926,এরপর একটা দীর্ঘশ্বাস বেরিয়ে আসে আত্রেয়ীর মুখ দিয়ে।,pending
09927,বলেই চাবুকের মতো শরীরটা বিছানায় এলিয়ে দিল আত্রেয়ী।,pending
09928,ম্যাডাম তখন কাজের খোঁজে প্রোডিউসারের দোরে দোরে ঘুরছেন।,pending
09929,তবে তার নেতিবাচক সুরে ইতিবাচক ইচ্ছেটা ঝলমল করে উঠল।,pending
09930,বুকের জামা থেকে ঠেলে উঠেছে সুডৌল স্তনের মোলায়েম হাতছানি।,pending
09931,ভাবখানা এমন যেন এই প্রথম কোনো মেয়ে মদ খাবে না বলল।,pending
09932,ছাব্বিশ বছরের জীবনে আত্রেয়ী এটা ভালো মতন বুঝে গেছে।,pending
09933,বলেই গায়ের ওড়নাটা পাশের সোফায় ছুড়ে ফেলে দেয় আত্রেয়ী।,pending
09934,শান্তনুকে চমকে দিয়ে গায়ের কামিজ ঝট করে খুলে ফেলে।,pending
09935,দাঁতেদাঁত দিয়ে আত্রেয়ীর মুখের সামনে হিসহিস করছে সে-ও।,pending
09936,আজ সে স্বেচ্ছায় তার সর্বস্ব পুড়িয়ে ছারখার করে দেবে।,pending
09937,ট্রলির ওপর বসেই মুগ্ধ চোখে আত্রেয়ীকে দেখছিল তন্ময়।,pending
09938,অনেক কষ্ট করে অনেক কিছু মূল্য দিয়ে আজ সেটা অর্জন করেছি।,pending
09939,সোফায় বসে হাতগুলো কচলাতে কচলাতে চোখ বুজে ভাবে বন্দনা।,pending
09940,আত্রেয়ী চোখের বালি ছবিতে যে গানে লিপ দিয়েছিল এ সেই গান।,pending
09941,গেটের কাছে আসতেই বন্দনা দেখে গেটের ভেতর থেকে তালা দেওয়া।,pending
09942,কিন্তু একদিন ওর ফ্ল্যাটে আমায় জোর করে মদ খাইয়ে দেয়।,pending
09943,কারণ মুহূর্তের আবেগ অনেক সত্যিকে আড়াল করে দিতে পারে।,pending
09944,এখন এই বাচ্চাটাকে শিখণ্ডী করে আপনি তন্ময়ের সর্বনাশ করবেন।,pending
09945,কাউকে কোনো পরিস্থিতিতে ব্ল্যাকমেল করাটা সর্বদাই অন্যায়।,pending
09946,তিনদিক দিয়ে তিনটে কাঁকড়াবিছে যেন কামড়ে ধরেছে বন্দনাকে।,pending
09947,মা কখনও প্রশ্ন করেননি যে কাজ ছেড়েও টাকা পান কোথা থেকে।,pending
09948,আর আত্রেয়ী সেনের কেস যতদিন না মিটছে স্টেশন লিভ করবেন না।,pending
09949,কিন্তু এই রিপোর্টারগুলো যে কী করে খবর পায় বুঝি না।,pending
09950,আমার জন্যেই আজ একটা অল্পবয়সি মেয়ে তার স্বামীকে হারাল।,pending
09951,সরখেল বাড়ির চারপাশে নির্মম নিশুতি যেন ওঁৎ পেতে বসে আছে।,pending
09952,আঙুলের কারসাজিতে মুহূর্তে জ্বালিয়ে ফেলে মোবাইলের আলো।,pending
09953,ঠিক তখনই কারওর একটা গর্জন ভেসে আসে নীলাম্বরের কানে।,pending
09954,ভয়ে আতঙ্কে থরথর করে কাঁপতে কাঁপতে মোবাইলটাকে ঝাঁকাতে থাকে।,pending
09955,ঘুমন্ত সোনাইকে কোলে নিয়ে দুজনে ঘর ছেড়ে ডাইনিঙের এল।,pending
09956,ওর পা দুটো খুব দ্রুত বেগে মেঝের ওপর দিয়ে ছুটতে থাকে।,pending
09957,ছাদ থেকে বেরিয়ে নীচে যাবার আগে থমকে দাঁড়ান নীলাম্বর।,pending
09958,রট আয়রনের চেয়ারটা কপাল ছুঁয়ে বেরিয়েছে বলে রক্ষে।,pending
09959,মুনাই যত্ন করে ব্যান্ডেজ করে দিল নীলাম্বরের মাথায়।,pending
09960,আমার চেয়ে শতগুণ বিপদ আজ তোমার আর সোনাইয়ের হচ্ছিল মৃন্ময়ী।,pending
09961,প্রশ্নটা করতেই চোখ দিয়ে দু-ফোঁটা জল গড়িয়ে পড়ল মুনাইয়ের।,pending
09962,বাকি রাতটুকু সকলের ভয়ে কাটলেও উপদ্রব আর কিছু হয়নি।,pending
09963,এরপর কাঁধের ঝোলা থেকে একটা নীল সুতোর বিশাল কুণ্ডলী বের করেন।,pending
09964,তাই কোনোভাবেই তাদের দুজনের পক্ষে এটা করা সম্ভব নয়।,pending
09965,কিন্তু আমি নিজে চোখের সামনে তিলোত্তমার আত্মাকে দেখেছি।,pending
09966,দু-একটা মহিলার গলাও তীক্ষ্ণ স্বরে আপার অক্টেভে সুর ধরেছে।,pending
09967,মর্গের কাছাকাছি এসে একটু থমকে দাঁড়িয়ে পড়লেন নীলাম্বর।,pending
09968,আমি কীভাবে তোদের সঙ্গে তো অনেক মর্গেরই জানাশোনা আছে।,pending
09969,হলদেটে চোখ তুলে কামড়ে দেবার ভঙ্গিমাতে চেয়ে ছিল পরান।,pending
09970,মূলত পর্যটনের ওপর ভিত্তি করেই এখানকার মানুষের দিন গুজরান।,pending
09971,সূর্য জানতে চায় সাড়ে ছয় বছর আগের রেজিস্টার আছে কিনা।,pending
09972,কারণ তখন এখানে কম্পিউটারে ডেটা বেস রাখার চল ছিল না।,pending
09973,নীলাম্বর নিজের কাধে ঝোলানো ব্যাগটার মুখ ফাঁক করে ধরল।,pending
09974,থাকলেও তার মধ্যে যেটা বেস্ট আত্রেয়ী সেন সেটাতেই উঠবে।,pending
09975,সূর্যর ফোনটা কাটার পর সায়নের মাথায় যেন বিদ্যুৎ খেলে গেল।,pending
09976,কতগুলো হাড় যেন এতক্ষণ একটার গায়ে আর-একটা আটকে ছিল।,pending
09977,সঙ্গে সঙ্গে কাঁধের ব্যাগদুটোও খসে হাত বেয়ে ঝপ করে নেমে এল।,pending
09978,খুব দ্রুত হাতের মুঠোয় কয়েকটা মোমবাতি বের করে আনলেন।,pending
09979,এবার শব্দটা ওপর থেকে নীচের দিকে সিঁড়ি টপকে গড়িয়ে নামল।,pending
09980,ভাবনার জগৎ থেকে রাতের ছুটন্ত বাইপাসে এসে পড়ল তার চোখদুটো।,pending
09981,এদিকে দোতলায় তাণ্ডবলীলার পর কেউ একজন এদিকেই নেমে আসছে।,pending
09982,কালভৈরবের ঘুম ভাঙেনি তাই নীলাম্বরের ঘুমের সময় হয়েছে।,pending
09983,আসন থেকে ধীরে ধীরে শরীরটা তাঁর ওপরের দিকে উঠে যাচ্ছে।,pending
09984,নীলাম্বর উঠে দেয়ালের এক কোণে বসে থাকে হাত জড়ো করে।,pending
09985,চণ্ডাল নিমেষের মধ্যে সিঁড়ি দিয়ে ওপরের দিকে উঠতে থাকে।,pending
09986,ঠিক এই সময়েই বারান্দার দরজা খুলে ভেতরে এগিয়ে আসে সায়ন।,pending
09987,ভয়ানক শরীরটার উপস্থিতি ছাড়া সায়নের সামনে বাকি সব ঝাপসা।,pending
09988,তা-ও আমার সম্পূর্ণ শরীরটাকে আসন থেকে বিচ্যুত করিনি।,pending
09989,ওই শরীর যে প্রতিশোধ নিতে এসেছে সেটা না করে ওর শেষ নেই।,pending
09990,একটা জলজ্যান্ত লোক তো আর হাওয়ায় উবে যেতে পারে না।,pending
09991,তখন ছবিটা দেখে মুনাই মোবাইলটা সায়নের দিকে বাড়িয়ে দিচ্ছিল।,pending
09992,কিন্তু আমি যে এই লোকটাকে ভীষণ কাছ থেকে দেখেছি সায়ন।,pending
09993,রক্ত-মাংসে দলা পাকানো হাড় হিম করে দেওয়া সাদা চোখ।,pending
09994,তাড়াহুড়ো করে কোনো লাভ তো হবেই না বরং নিজের প্রাণসংশয় হবে।,pending
09995,অকস্মাৎ পিসির এমন নাচ থামিয়ে দেওয়ায় সোনাইও ব্যোমকে যায়।,pending
09996,আহ্লাদি মুখভঙ্গি করে সায়নের হাত ছাড়িয়ে খাটে গিয়ে বসে।,pending
09997,নামটা শোনামাত্রই মহিলাটির মুখ আলতো হাসিতে ভরে যায়।,pending
09998,মহিলাটি অবাক হয়ে সূর্যের চলে যাওয়ার দিকে তাকিয়ে থাকে।,pending
09999,সায়ন নার্সকে বলল তিনি যদি একটু বাইরে যান তাহলে সুবিধে হয়।,pending
10000,যদিও এ ব্যাপারে ডক্টর চিরন্তন বকশি বেটার বলতে পারবেন।,pending
10001,ফির মেরে বেটে কো দিল্লি কনভেন্ট মে অ্যাডমিশন করানা থা।,pending
10002,কাচের ওপর কপাল রেখে চেপে রাখা কান্নায় ফুলে উঠল মৃন্ময়ী।,pending
10003,দরকার হলে ওঁকে দিল্লির সবচেয়ে বড়ো হসপিটালে নিয়ে আসতে হবে।,pending
10004,ভারমোরে পঙ্কজ যেখানে থাকত সেখানে হোটেলের আর কেউ থাকত কিনা।,pending
10005,কিন্তু মনটা কেন যে খচখচ করছে সেটাই বুঝতে পারছে না সায়ন।,pending
10006,মেডিলাইফের পেছনের দরজা দিয়ে একটা বডিকে গাড়িতে তোলা হচ্ছে।,pending
10007,তারপরেই দৃষ্টিটা একটু ওপর দিকে সরতেই চমকে ওঠে সোহিনী।,pending
10008,ডক্টর বিশাখ চ্যাটার্জি এবার খানিকটা বিরক্তই বলা চলে।,pending
10009,সায়নের কথাগুলোর মধ্যে বেশ একটা অস্বস্তি ধরানোর ব্যাপার আছে।,pending
10010,আমাদের আত্রেয়ী ম্যাডাম স্লো মোশনে করিডর দিয়ে হেঁটে আসছেন।,pending
10011,ভীষণরকম একটা তাচ্ছিল্যের ভাব নিয়ে কথাটা বলল সায়ন।,pending
10012,দাগগুলোর ওপর তর্জনী বুলিয়ে কিছু বোঝার চেষ্টা করে সায়ন।,pending
10013,মানে শান্তনুকে খুন করে তার পকেট থেকে এটা বের করে নিয়েছে।,pending
10014,তার মানে স্যার খুনি লোকটার মুখটাকেও অক্ষত রাখবে না।,pending
10015,ওঠে দু-দিন আগে মিহিরের বাড়িতে দেখা সেই বীভৎস মূর্তির মুখ।,pending
10016,সূর্য তো বলল এরকম লাশের কোনো রেকর্ডই পাওয়া যায়নি।,pending
10017,এবার দেখছি সূর্যকে আর ফোন করে ডিস্টার্ব করা ঠিক হবে না।,pending
10018,কেবল এতটা রাস্তা পার করে এই ওয়ালেট লুকোনো বাড়ির দেয়ালে।,pending
10019,স্যারের মাথায় ঠিক কী চলছে কিচ্ছু বুঝল না সোমদত্তা।,pending
10020,কেবল অন্ধের মতো অনুসরণ করতে করতে ছুটল সায়নের পেছন পেছন।,pending
10021,ঘর জুড়ে এসির ঠান্ডা হাওয়াটা আরও বেশি ঠান্ডা হয়ে যাচ্ছে।,pending
10022,আত্রেয়ীর হাত থেকে ঝুলছে ছিঁড়ে যাওয়া স্যালাইনের নল।,pending
10023,ভয়ংকর এক দুর্ঘটনায় চলে গেলেন অভিনেত্রী আত্রেয়ী সেন।,pending
10024,অশরীরী রাত্রি এখনও তার সর্বনাশী কুহেলি ছড়িয়ে রেখেছে।,pending
10025,মাঝেমাঝে ভাঙা কাচের দিকে তাকাচ্ছে আর ফুলে ফুলে উঠছে।,pending
10026,ওর কাজের দক্ষতার জন্যেই ম্যাডামের দায়িত্ব দেওয়া হয়েছিল।,pending
10027,যোগসাধনা চালিয়ে যান আর এখান থেকে এই মুহূর্তে বেরোবেন না।,pending
10028,সে কিছু একটা কথা বলল আত্রেয়ীর কানের কাছে মুখ নিয়ে।,pending
10029,ঠিক সেই মুহূর্তে আবার চালু হল কেবিনের ভেতরের সিসিটিভি।,pending
10030,কমিশনার শুধু একটা হুম বলেই নীলাম্বরের দিকে তাকালেন।,pending
10031,এবার চেয়ার ছেড়ে কমিশনারের দিকে দু-পা এগিয়ে এলেন নীলাম্বর।,pending
10032,কারণ এই মেয়েটি ছাড়া অকুস্থলে আর কোনো মানুষ ছিলেন না।,pending
10033,সোহিনী বেরিয়ে যাবার পরেই আপনারা দেখেন আত্রেয়ী চমকে তাকায়।,pending
10034,নীলাম্বর আর সায়নের দিকে তাকিয়ে চুপ করে যান কমিশনার।,pending
10035,সেটার ওপর ভিত্তি করেই আজ দুজনের সঙ্গে কথা বলার ছিল।,pending
10036,কিন্তু আজ তো যা হল সেটা না মিটলে আমি অন্যদিকে যেতে পারব না।,pending
10037,এরপর দেখতে হবে তন্ময় হালদারের সঙ্গে এগুলোর কতটা মিল।,pending
10038,এবার সামনের দিকে এক পা করে হেঁটে এগোচ্ছেন আর টলে যাচ্ছেন।,pending
10039,ভারী শরীরটা ধপ করে পড়ায় শূন্য হলঘরে বেশ একটা শব্দ হল।,pending
10040,ডক্টর তরফদারের টাকের দশ হাত ওপর দিয়ে সব বেরিয়ে যাচ্ছে।,pending
10041,সায়নের চোখের মণিটা চট করে ঘুরে নীলাম্বরের চোখে পড়ল।,pending
10042,ভক্তকুলের যেরকম ভিড় হবার কথা ছিল সেরকম কিছু হয়নি।,pending
10043,সোজা আত্রেয়ী সেনকে যেখানে শোয়ানো ছিল সেখানে চলে এল।,pending
10044,ঘুমের মধ্যেও বিপদের আশঙ্কা যেন তাড়া করে বেড়ায় তাকে।,pending
10045,ব্যাপারটা অস্বাভাবিক এবং অবাস্তব শুনতে লাগলেও এটাই সত্যি।,pending
10046,নার্স এবার বুঝতে পারল ঠিক কীসের ভয়ে কাঁপছে তন্ময়।,pending
10047,স্পেশ্যাল পারমিশন নিয়ে এই ঘরের বাইরে পুলিশ পোস্টিং হয়েছে।,pending
10048,নীলাম্বরের দিক থেকে চোখ ফিরিয়ে ঘরের সিলিঙের দিকে তাকাল।,pending
10049,আত্রেয়ী ঢলঢলে গালে একটু আধো-আধো ভাব এনে মুচকি হাসল।,pending
10050,ভ্যাবাচ্যাকা খেয়ে মিহিরের দিকে তাকাল আত্রেয়ী ও তন্ময়।,pending
10051,ম্যাডাম সুবিমল এখানে আলোকপর্ণার সঙ্গে দোল খেলতে এসেছে।,pending
10052,মিহিরের মুখের দিকে হাঁ করে তাকিয়ে কথাগুলো শুনল আত্রেয়ী।,pending
10053,আপনারা আলোকপর্ণার চরিত্রে এভাবে কালি ছেটাতে পারেন না।,pending
10054,এই সময় মিহিরের মনে একটু দুষ্টুমি চিড়িক দিয়ে ওঠে।,pending
10055,মিহির সেদিন সোয়া চারটের মধ্যে যথাস্থানে পৌঁছে যায়।,pending
10056,শটের ফাঁকে আত্রেয়ীর হয়ে সেই চিৎকার করে মেকআপ ডাকছে।,pending
10057,দূরে তন্ময় দাঁড়িয়ে দুজনের সঙ্গে হাসছে আর কীসব কথা বলছে।,pending
10058,শুধু একটু হাসি বিনিময় করেই নিজের মোবাইলে মন দিল আত্রেয়ী।,pending
10059,কানে মোবাইল দিয়ে আত্রেয়ী রুফটপের একদম ধারে গিয়ে দাঁড়াল।,pending
10060,মিহির এদিক-সেদিক তাকিয়ে দেখল কাউকে জিজ্ঞেস করা যায় কিনা।,pending
10061,আত্রেয়ী সেনকে টেনে নিয়ে ছাদের ওপর চিত হয়ে শুয়ে পড়ল।,pending
10062,আমি যদি দৌড়ে না আসতাম ওই লোকটা আত্রেয়ীকে ঠেলে ফেলে দিত।,pending
10063,গায়ে বোধহয় অফ হোয়াইট বা গ্রে শেডের টি শার্ট ছিল।,pending
10064,পকেটের মধ্যে ফোনটা কেঁপে উঠতেই সায়ন দেখল সূর্য ফোন করছে।,pending
10065,ছোট্ট সোনাই ঘরের মধ্যে একটা পুরোনো মোবাইল ফোন নিয়ে খেলছে।,pending
10066,মিহির একভাবে ঘাতকের রক্তাভ চোখে সোনাইয়ের দিকে তাকিয়ে থাকে।,pending
10067,নিজের ছেলেকে তুমি… মুখ থেকে আর পরের শব্দগুলো বেরোল না।,pending
10068,সময় নষ্ট না করেই এক জগ জল মিহিরের মুখে ছুঁড়ে মারে।,pending
10069,মায়ের কাঁধে মুখ রেখে সোনাইয়ের কান্না তখনও অব্যাহত।,pending
10070,আমি… আমার তখন ইচ্ছে করছিল সোনাইকে দু-হাতে জাপটে ধরি।,pending
10071,আর তন্ময়ের বলা শট নিলে সেখানে কন্টিনিউটি জার্ক হবে।,pending
10072,প্রথমবার ডিরেকশন দিলে চোখে অমন সর্ষে ফুল সবাই দেখে।,pending
10073,সেখানে যদি একটু তেজ না থাকে তাহলে তো বিচ্ছিরি লাগবে।,pending
10074,অমিতাভ মল্লিক কী হল আবার বলে মিহিরের দিকে এগিয়ে আসতে থাকে।,pending
10075,পরাজয়ের গ্লানি মস্তকে ধারণ করে বিকেলের দিকে শুরু হল কাজ।,pending
10076,নীলাম্বর পকেট থেকে একটা লাল সুতোয় বাঁধা মাদুলি বের করেন।,pending
10077,টেবিলের দিক থেকে আলোর দিকে চোখটা তুলে তাকায় বন্দনা।,pending
10078,সেখানে আকস্মিক ঘা লাগতেই দু-গাল বেয়ে গড়িয়ে পড়ে।,pending
10079,এ সব মিথ্যে এক্ষুনি আপনার মেয়েই নিজের মুখে স্বীকার করল।,pending
10080,কেউ কেউ খাদের ধারে কাঠের আগুন জ্বেলে তাত পোয়াচ্ছে।,pending
10081,নেহাত লাশ লুকোবার জায়গা নেই তাই… এই জ্ঞান মেরো না তো।,pending
10082,একটু কাছে যেতেই গানের কথাগুলো কানে এসে বাজে পঙ্কজের।,pending
10083,তন্ময় এত টলছে সে তো যে-কোনো মুহূর্তে খাদে পড়ে যাবে।,pending
10084,তারপর সকলে খুব দ্রুত হাঁটতে হাঁটতে হোটেলের পথে ফিরতে লাগল।,pending
10085,ম্যাডাম আর ক্যামেরাম্যান দেবীকুণ্ডের দিকে এগোতে থাকে।,pending
10086,সায়ন আর সোমদত্তা দুজনেই একসঙ্গে অ্যাঁ বলে চমকে ওঠে।,pending
10087,এতক্ষণ বাঁ-দিকে হেলে টেবিলের ওপর হাতের ভর রেখে বসেছিল সায়ন।,pending
10088,সুরভি দেবী যে গিয়েছিলেন সেটা হান্ড্রেড পার্সেন্ট সত্যি।,pending
10089,তখন তো আপনার আত্রেয়ী সেনের কাজ করার এক বছর হয়ে গেছে।,pending
10090,কিন্তু এর ঠিক এক বছরের মাথায় মায়ের বাড়াবাড়ি হয়।,pending
10091,তাই আত্রেয়ীকেও আমি বারণ করেছিলাম তোকে যেন না বলে এসব কথা।,pending
10092,শুধু শর্ত দিয়েছিল আমি যেন ওই ছবিগুলো সব ওকে দিয়ে দিই।,pending
10093,সুজয়বাবু আমার কোলে যাকে তুলে দিলেন সে তো আমার সন্তান।,pending
10094,তারপর আনমনে মাটির দিকে দৃষ্টিনিবদ্ধ রেখে বলতে শুরু করল।,pending
10095,সে হাতে যদি কম্পাস থাকে তাতেও আপনার কিছু যায় আসে না তাই তো।,pending
10096,আত্রেয়ী সেনের বাড়ি গিয়ে শুনলাম তিনি সকালে বেরিয়ে গেছেন।,pending
10097,সেদিনও ছলনাময়ী নটীর ভাব নিয়ে তন্ময়ের গা ঘেঁষে বসল বন্দনা।,pending
10098,তার পরমুহূর্তেই সাপিনীর ঠোঁটে সাপুড়ের ঠোঁট ডুবে যায়।,pending
10099,উত্তাল সমুদ্রে ফুলে ওঠা ঢেউয়ে টাইটানিকও পথ হারায়।,pending
10100,কিন্তু অণিমা যে অপরাধ করেছে সেটা ও একবারও স্বীকার করেনি।,pending
10101,বন্দনার বুকের ওপর থেকে নেমে বিছানায় চিৎ হয়ে শুল তন্ময়।,pending
10102,আমি ছাড়া আর একজনও আত্রেয়ীকে এক্সপ্লোর করতে পারেনি।,pending
10103,বাচ্চার কাপড়ের রং দেখে বোঝা যাচ্ছে দুটো একই বাচ্চা।,pending
10104,বন্দনা সব জানাল তন্ময় চোখে হাত চাপা দিয়ে বসে রইল।,pending
10105,বন্দনা খপ করে ডানহাত দিয়ে তন্ময়ের গলাটা টিপে ধরে।,pending
10106,এক ঝটকায় হাতটা তন্ময়ের গলা থেকে নামিয়ে নেয় বন্দনা।,pending
10107,ক্যামেরার ফ্রেমে সবকিছু সূক্ষ্মাতিসূক্ষ্ম নজর করতে হয়।,pending
10108,আর ঠিক সেই সুযোগে তন্ময় আরও খেপিয়ে দেয় আত্রেয়ীকে।,pending
10109,এক রাত চাম্বায় থেকে পরের দিন ভারমোর পৌঁছে যায় ম্যাডামরা।,pending
10110,বন্দনার দিকে তাকাতেই ভয়ে অন্যদিকে মুখ ঘুরিয়ে রাখে সে।,pending
10111,কিন্তু তবু অনেক কিছুই আমার থেকে গোপন করে রাখত ম্যাডাম।,pending
10112,সায়ন গালে হাত রেখে বন্দনার দিকে হাঁ করে তাকিয়ে থাকে।,pending
10113,তন্ময়কে দিয়েও বলিয়েছেন যে শান্তনু সেই রাতেই চলে যাবে।,pending
10114,তোমাদের হোটেল থেকে বেরিয়ে দারোল গ্রামের দিকে এগোবে।,pending
10115,রাগের চোটে এখন গ্যালন গ্যালন মদ খেয়ে নেবে শান্তনু নিয়োগী।,pending
10116,সেই ফাঁকে চোখ মেরে যা বোঝানোর বুঝিয়ে দিয়েছে আত্রেয়ীকে।,pending
10117,এই পাত্রে একটা চুমুক দিলে পাতি রামও দামি ওয়াইনের মতো লাগে।,pending
10118,তন্ময় দৌড়ে গিয়ে একটা ভারী পাথর অনেক কষ্টে তুলে আনে।,pending
10119,তন্ময় বন্দনার চোখে চোখ রেখে ইশারা করে এগিয়ে যাবার জন্য।,pending
10120,সেন শুধুমাত্র একজন নামকরা অহংকারী অভিনেত্রী হয়েই রইল।,pending
10121,টুকটুক করে আত্রেয়ী সেনের ব্যাংকের কাজ সামলাতে শুরু করি।,pending
10122,আমার শরীরটাকেও ইচ্ছেমতো ব্যবহার করতে শুরু করেছিল শয়তানটা।,pending
10123,সিসিটিভিগুলো গত রাতে একবারের জন্যেও চোখ বন্ধ করেনি।,pending
10124,যার জন্য সন্ধে থেকে রাতের মধ্যে সবচেয়ে বেশি ভৌতিক ঘটনা ঘটে।,pending
10125,সায়ন আর নীলাম্বরের শরীরটা সামনের সিটে গিয়ে ধাক্কা খায়।,pending
10126,মুচকি হেসে সূর্য আর সোমদত্তা আড়চোখে একে অপরের দিকে চাইল।,pending
10127,সায়ন কাউকে কর্ডলেসে জিজ্ঞেস করে সব ঠিকঠাক আছে কিনা।,pending
10128,বলছিলাম তুমি আর সোমদত্তা অনেকক্ষণ এই বদ্ধ ঘরে বসে আছ।,pending
10129,হঠাৎ ধড়মড় করে সোফা ছেড়ে উঠে আসেন নীলাম্বর ব্যানার্জি।,pending
10130,স্যার লাইন লাগছিল না বলে আমি আপনাদের খবর দিতে যাচ্ছিলাম।,pending
10131,আর্তনাদ শুনে বাইরে থেকেই ঠাওর করা যায় তন্ময় ছটফট করছে।,pending
10132,কান-ফাটানো চিৎকার করে শোভনকে ছেড়ে দেয় নার্সের হাত।,pending
10133,এগোতে গিয়েও হঠাৎ কী মনে হওয়াতে থেমে যান নীলাম্বর।,pending
10134,কিন্তু বিশাল ঘরটায় সবসময়েই একটা মনমরা ছায়া বসত করে।,pending
10135,সঙ্গে ফাঁকা বডি রাখার ট্রেটা জিভ বেরিয়ে আসার মতো করে ঝুলছে।,pending
10136,সায়ন আর নীলাম্বর সবার আগে দৌড়োয় লোকটিকে বাঁচানোর জন্য।,pending
10137,জয় শিবশম্ভু বলে চিৎকার করে লাশসমেত বেডটা নীলাম্বর ঠেলে দেন।,pending
10138,কয়েকটা বেড একে অপরের সঙ্গে ধাক্কা লাগতেই লাশগুলো নড়ে ওঠে।,pending
10139,কিন্তু সেই বাকি থাকা অংশের দিকে একটা বেড ধেয়ে আসে।,pending
10140,ছুটে মারতে আসা বেডগুলো অকস্মাৎ ছড়িয়ে ছিটিয়ে থেমে যায়।,pending
10141,আরও কতগুলো লাশের শরীর থেকে বিকট হাসির শব্দ বেরিয়ে আসে।,pending
10142,খুব দ্রুত সেই হাসি ছড়িয়ে পড়ে ঘরের সব ক-টি মৃতদেহের মধ্যে।,pending
10143,যেন ফ্রিজারের ওপারে কেউ দাঁড়িয়ে শবদেহের হরির লুট দিচ্ছে।,pending
10144,ছিটকে আসা মৃতদেহ বাঁচিয়ে সূর্য ঘরের আর-একদিকে চলে গেল।,pending
10145,সোমদত্তা ছাড়া সকলের রিভলবার অন্ধকূপের দিকে তাক করা।,pending
10146,এবার শরীর ও মনের সব শক্তি এক করে উঠে দাঁড়াতে গেলেন।,pending
10147,সায়ন আর সূর্য ফ্রিজারের গায়ে ধাক্কা খেয়ে ছিটকে পড়ে।,pending
10148,কেমন যেন পাথরের মতো নিষ্প্রাণ চোখে তাকিয়ে আছে সোমদত্তা।,pending
10149,সূর্য দৌড়ে গিয়ে সোমদত্তার সামনে হাঁটুমুড়ে বসে পড়ে।,pending
10150,আলোর বিস্ফোরণের সঙ্গে টুকরো কাচের মতো মাটিতে ঝরে পড়ে সায়ন।,pending
10151,কিন্তু গুলি পৌঁছোবার আগেই সে হাওয়ার মতো উধাও হয়ে যায়।,pending
10152,সূর্যর পাদুটো ভেজা কাপড়ের মতো মাটিতে ঝপাৎ করে আছড়ে পড়ল।,pending
10153,পিশাচের মূর্তি ধরে লাশগুলো এগিয়ে আসছে সোমদত্তার দিকে।,pending
10154,চোখের সামনে নীল আলোর বিদ্যুৎ-তরঙ্গ খেলে যায় আত্মার শরীরে।,pending
10155,হাতের মুঠো আলগা হয়ে মাটিতে লুটিয়ে পড়ে সায়ন আর সূর্য।,pending
10156,একশোটা পিশাচের আর্তনাদ বেরিয়ে আসে তার থ্যাতলানো মুখ দিয়ে।,pending
10157,মাটিতে পড়ে থাকা শান্তনুর আত্মার আবার গলা চেপে ধরে সোমদত্তা।,pending
10158,হাতল ঘুরিয়ে বিছানাটা আরামকেদারার মতো করে দিল নার্স।,pending
10159,কিন্তু যদি তিনি তা না করেন তাহলে অবশ্যই আমার ফোন ধরবেন।,pending
10160,সোমদত্তাও এক মনে কথাগুলো শুনছিল নীলাম্বরের দিকে তাকিয়ে।,pending
10161,শুধুমাত্র নিজেদের শাসন কায়েম করে রাখার পন্থা মাত্র।,pending
10162,কাছেপিঠে ছড়িয়ে-ছিটিয়ে বেশ কিছু সাধু গাঁজায় টান দিচ্ছিল।,pending
10163,আদ্যাশক্তির নাম নিয়ে তুই চোখ বুজে এর মধ্যে হাত ঢোকাবি।,pending
10164,তারপর তোর হাতে প্রথম যে করোটি পাবি সেটাই তুলে আমায় দিবি।,pending
10165,রাত মে হঠাৎ বিশাল বড়ো একটা পাখর গিরনে কা শব্দ হুয়া।,pending
10166,পিলে-চমকানো সেই কণ্ঠ শুনে নীলাম্বর চোখ খুলতে বাধ্য হন।,pending
10167,কথাটা বলার সঙ্গে সঙ্গে আত্মার চোখ-মুখ সব পালটাতে থাকে।,pending
10168,কারণ ওই চণ্ডাল-করোটি নিয়ে প্লেনে আসা সম্ভব ছিল না।,pending
10169,তা সেদিন মিহির ওদের কথা শুনে তেরো নম্বর ফ্লোরে যায়।,pending
10170,তন্ময় ও বন্দনার যাবজ্জীবন কারাবাস ঘোষণা করে আদালত।,pending
10171,নীলাম্বর ব্যানার্জিই এঁদের কন্ট্যাক্ট দিয়েছিলেন সায়নকে।,pending
10172,ছাতা মাথায় হাঁটতে হাঁটতেই মোবাইলে কথা বলছেন নীলাম্বর।,pending
10173,আপনি সঠিক সিদ্ধান্ত নিয়েছেন আমাদের সাথে যোগাযোগ করে।,pending
10174,অবনীশ অবশ্য জানায় তাতে কেস সলভ দেরি হয়ে যেতে পারে!,pending
10175,এই যে আপনি বললেন মায়ের অসুখটা সাত বছর আগে ধরা পড়ে!,pending
10176,রাত ন-টা পঞ্চান্ন।,pending
10177,"হ্যাঁ, দুঃখ জানি।",pending
10178,হ্যাঁ কী বলবেন বলুন।,pending
10179,তুমিও স্নান করে নাও।,pending
10180,কিন্তু এখন আর নেই।,pending
10181,আর এখন ঠিক সেটাই হল।,pending
10182,পাঁচিল যতই বড়ো হোক।,pending
10183,সে কী ভয়ানক উল্লাস।,pending
10184,কোথাও কোনো শব্দ নেই।,pending
10185,দুজন নার্স বসে আছে।,pending
10186,তবু দৌড়ে গেল সায়ন।,pending
10187,হ্যাঁ স্যার দেখেছি।,pending
10188,শাট আপ ইনস্পেক্টর।,pending
10189,মৃন্ময়ীর চটক ভাঙে।,pending
10190,চমকে উঠল বন্দনা।,pending
10191,আমি সব করে দিচ্ছি।,pending
10192,বন্দনা চুপ করে থাকে।,pending
10193,নির্দিষ্ট কিছু নেই।,pending
10194,কারও কোনো শব্দ নেই।,pending
10195,আমি কিচ্ছু বুঝি না।,pending
10196,হ্যাঁ সোমদত্তা বলো।,pending
10197,এখন জ্ঞান আছে তার।,pending
10198,জানি অবাক হচ্ছেন।,pending
10199,ঠিক দেখা যাচ্ছে না।,pending
10200,নীলাম্বর শুরু করেন।,pending
10201,আগে তুমি সুস্থ হও।,pending
10202,তোমার কষ্ট হবে তো।,pending
10203,কিন্তু তার এক গোঁ।,pending
10204,আমি কিচ্ছু নেব না।,pending
10205,চটাস করে একটা শব্দ।,pending
10206,প্রতিশোধ নেব বলে।,pending
10207,এই জ্ঞান মেরো না তো।,pending
10208,বন্দনা এগিয়ে গেল।,pending
10209,সূর্যের খটকা লাগে।,pending
10210,উও তো ঠিক হ্যায়।,pending
10211,সাহায্য আসছে দ্রুত।,pending
10212,অপারেশন সম্পূর্ণ।,pending
10213,ফাতেমা ভাজি খাচ্ছে।,pending
10214,দয়া করে প্রশ্ন দিন।,pending
10215,এই জুতা অনেক গোলাপি।,pending
10216,অনুগ্রহ করে খাই।,pending
10217,ভাজি আমার পছন্দ।,pending
10218,সন্ধ্যায় সীতা আসবে।,pending
10219,প্রশ্ন নিয়ে আসো।,pending
10220,তুমি স্কুল ভেবেছি।,pending
10221,জুস আমার পছন্দ।,pending
10222,"ঠিক আছে, যাচ্ছি পরে।",pending
10223,কফি আমার পছন্দ।,pending
10224,রুমি ভাজি খাচ্ছে।,pending
10225,কৃষ্ণ মাঠে যাচ্ছে।,pending
10226,অনুগ্রহ করে যাব।,pending
10227,একটু যাচ্ছি তো।,pending
10228,সানিয়া স্কুলে থাকে।,pending
10229,অনুগ্রহ করে দেখব।,pending
10230,অনুগ্রহ করে লিখি।,pending
10231,সমুদ্র খুব ভালো।,pending
10232,আমি সন্ধ্যা শুনছি।,pending
10233,অনুগ্রহ করে দেখি।,pending
10234,নতুন মাছ পছন্দ করি।,pending
10235,অনুগ্রহ করে খাব।,pending
10236,আমরা নীল সময় দেখছি।,pending
10237,আমির কফি খাচ্ছে।,pending
10238,পার্ক থাকলে ভালো হত।,pending
10239,শরবত আমার পছন্দ।,pending
10240,তুমি বিকাল নিচ্ছি।,pending
10241,অনুগ্রহ করে শুনছি।,pending
10242,ফাতেমা কলেজে যাচ্ছে।,pending
10243,দয়া করে সূর্য দিন।,pending
10244,রহিম বাজারে যাচ্ছে।,pending
10245,"বুঝলাম, বন্ধু দরকার।",pending
10246,রাকিব ঢাকায় যাচ্ছে।,pending
10247,দরজা খুব অন্ধকার।,pending
10248,নাসির অফিসে যাচ্ছে।,pending
10249,মীরা জুস খাচ্ছে।,pending
10250,তারা কম্পিউটার ভাবি।,pending
10251,সমুদ্রের কাছে যাও।,pending
10252,জাহির কফি খাচ্ছে।,pending
10253,অনুগ্রহ করে পারব।,pending
10254,"বুঝলাম, গল্প দরকার।",pending
10255,নিতা বাজারে যাচ্ছে।,pending
10256,রুটি আমার পছন্দ।,pending
10257,অনুগ্রহ করে পেরেছি।,pending
10258,সন্ধ্যা দরকার আছে।,pending
10259,আপনি পার্ক লিখেছি।,pending
10260,তারা গল্প পড়তে চাই।,pending
10261,কামাল বাজারে যাচ্ছে।,pending
10262,একটু খাচ্ছি তো।,pending
10263,অনুগ্রহ করে ভাবব।,pending
10264,রিতা কলেজে যাচ্ছে।,pending
10265,আপনি বাজার খাচ্ছি।,pending
10266,পরশু আমি রান্না করব।,pending
10267,রিতা জুস খাচ্ছে।,pending
10268,"হতে পারে, স্কুল হবে।",pending
10269,অন্ধকার দিন আজকে।,pending
10270,ও গল্প দিতে চাই।,pending
10271,বশির মাঠে যাচ্ছে।,pending
10272,গল্প নিয়ে আসো।,pending
10273,তুমি সূর্য পড়ি।,pending
10274,এই মাঠ অনেক বিখ্যাত।,pending
10275,তানিয়া পার্কে থাকে।,pending
10276,রাম দোকানে যাচ্ছে।,pending
10277,"বুঝলাম, আনন্দ দরকার।",pending
10278,কেউ স্কুল বলতে চাই।,pending
10279,রিতা বাড়িতে যাচ্ছে।,pending
10280,প্রিয়া বাজারে থাকে।,pending
10281,করিম ডাল খাচ্ছে।,pending
10282,অনুগ্রহ করে পারি।,pending
10283,শফিক বনে যাচ্ছে।,pending
10284,অনুগ্রহ করে বলি।,pending
10285,সীতা কফি খাচ্ছে।,pending
10286,গতকাল অর্জুন আসবে।,pending
10287,তুমি প্রশ্ন খাব।,pending
10288,মন্দির নিয়ে আসো।,pending
10289,সবাই মন্দির লিখি।,pending
10290,অনুগ্রহ করে যাই।,pending
10291,তুমি বন্ধু করেছি।,pending
10292,সন্দেশ আমার পছন্দ।,pending
10293,ও মন্দির নিচ্ছি।,pending
10294,আমির ডাল খাচ্ছে।,pending
10295,আগে প্রিয়া আসবে।,pending
10296,দয়া করে সন্তান দিন।,pending
10297,লাল ফুল পছন্দ করি।,pending
10298,সবাই সন্তান নিয়েছি।,pending
10299,পোলাও আমার পছন্দ।,pending
10300,শফিক সমুদ্র দেখি।,pending
10301,কেউ সন্তান শুনছি।,pending
10302,আমার উষ্ণ কফি লাগছে।,pending
10303,অসুস্থ দিন আজকে।,pending
10304,আপনি রাস্তা করেছি।,pending
10305,অনুগ্রহ করে দিই।,pending
10306,সবাই আনন্দ পারছি।,pending
10307,রাকিব শরবত খাচ্ছে।,pending
10308,এই স্কুল অনেক সহজ।,pending
10309,আপনি স্কুল পারছি।,pending
10310,কেউ গল্প নিয়েছি।,pending
10311,আমি বন্ধু দেখেছি।,pending
10312,রাকিব ডাল খাচ্ছে।,pending
10313,তারা আনন্দ শুনেছি।,pending
10314,আমি দোকান যাচ্ছি।,pending
10315,সন্ধ্যা খুব নোংরা।,pending
10316,তেতো নদী পছন্দ করি।,pending
10317,সমুদ্র নেই এখানে।,pending
10318,সীতা ভাজি খাচ্ছে।,pending
10319,প্রিয় দিন আজকে।,pending
10320,গল্প থাকলে ভালো হত।,pending
10321,জিলাপি আমার পছন্দ।,pending
10322,জাহির মাঠে যাচ্ছে।,pending
10323,কথা খুব প্রিয়।,pending
10324,রাতে টুম্পা আসবে।,pending
10325,রুমি মাংস খাচ্ছে।,pending
10326,তানিয়া মাছ খাচ্ছে।,pending
10327,রবি খিচুড়ি খাচ্ছে।,pending
10328,নতুন গান পছন্দ করি।,pending
10329,করিম কলেজে যাচ্ছে।,pending
10330,আমি আনন্দ যেতে চাই।,pending
10331,কৃষ্ণ সূর্য দিই।,pending
10332,আমি সন্তান খেতে চাই।,pending
10333,এই বোন অনেক সুস্থ।,pending
10334,সমুদ্র খুব কালো।,pending
10335,শফিক সন্ধ্যা করব।,pending
10336,"হ্যাঁ, কাপড় জানি।",pending
10337,সালমা বাজারে যাচ্ছে।,pending
10338,এই মাছ অনেক শান্ত।,pending
10339,অনুগ্রহ করে শুনেছি।,pending
10340,কালো কাজ পছন্দ করি।,pending
10341,রাস্তা নিয়ে আসো।,pending
10342,স্কুল থাকলে ভালো হত।,pending
10343,টুম্পা ফুল পড়ছি।,pending
10344,সুমি বনে যাচ্ছে।,pending
10345,আমির ভাত খাচ্ছে।,pending
10346,রাতে প্রিয়া আসবে।,pending
10347,কৃষ্ণ কফি খাচ্ছে।,pending
10348,সবাই সন্তান শুনেছি।,pending
10349,নরম সবজি পছন্দ করি।,pending
10350,মুনির পানি খাচ্ছে।,pending
10351,সবাই বন্ধু আসতে চাই।,pending
10352,কেউ সন্তান লিখব।,pending
10353,সন্ধ্যা খুব উজ্জ্বল।,pending
10354,মীরা শরবত খাচ্ছে।,pending
10355,নতুন কথা পছন্দ করি।,pending
10356,ও সন্ধ্যা করেছি।,pending
10357,মুনির স্কুলে থাকে।,pending
10358,নীল পাখি পছন্দ করি।,pending
10359,বন্ধু দরকার আছে।,pending
10360,এই পাহাড় অনেক উষ্ণ।,pending
10361,ও সন্ধ্যা পেরেছি।,pending
10362,পরে আমি দৌড়ানো করব।,pending
10363,বশির সমুদ্র দেখছি।,pending
10364,নোনা মাঠ পছন্দ করি।,pending
10365,আপনি মোবাইল দিয়েছি।,pending
10366,অনুগ্রহ করে চাই।,pending
10367,কৃষ্ণ কলেজে যাচ্ছে।,pending
10368,"ঠিক আছে, খাচ্ছি পরে।",pending
10369,স্কুল নিয়ে আসো।,pending
10370,আপনি স্কুল শুনেছি।,pending
10371,কেউ বাড়ি নিচ্ছি।,pending
10372,সমুদ্র খুব অজানা।,pending
10373,গাড়ি খুব দ্রুত।,pending
10374,সীতা সূর্য ভাবছি।,pending
10375,তারা আনন্দ বলেছি।,pending
10376,আপনি সময় শুনতে চাই।,pending
10377,কালো দরজা পছন্দ করি।,pending
10378,শফিক কলেজে যাচ্ছে।,pending
10379,সে পার্ক বলতে চাই।,pending
10380,মোবাইল খুব দ্রুত।,pending
10381,সীতা ঢাকায় যাচ্ছে।,pending
10382,এই স্কুল অনেক সতেজ।,pending
10383,সানিয়া মাঠে যাচ্ছে।,pending
10384,এই দিন অনেক দ্রুত।,pending
10385,আপনি গল্প খেয়েছি।,pending
10386,কেউ ফুল যাচ্ছি।,pending
10387,রবি সিলেটে যাচ্ছে।,pending
10388,এই কলেজ অনেক অসুস্থ।,pending
10389,নতুন জুতা পছন্দ করি।,pending
10390,কেউ প্রশ্ন বলেছি।,pending
10391,সুমন লাচ্ছি খাচ্ছে।,pending
10392,বড় বই পছন্দ করি।,pending
10393,কেউ মন্দির বলেছি।,pending
10394,আপনি পার্ক নিয়েছি।,pending
10395,আমির আনন্দ দিতে চাই।,pending
10396,মীরা পানি খাচ্ছে।,pending
10397,সুমি অফিসে যাচ্ছে।,pending
10398,দয়া করে রাস্তা দিন।,pending
10399,বন্ধু নিয়ে আসো।,pending
10400,কেউ সবজি খাচ্ছি।,pending
10401,আগে আমি দৌড়ানো করব।,pending
10402,নীল বই পছন্দ করি।,pending
10403,তুমি আনন্দ ভেবেছি।,pending
10404,ভালোবাসা খুব শান্ত।,pending
10405,সবাই প্রশ্ন লিখব।,pending
10406,নাসির পার্ক দেখব।,pending
10407,শফিক অফিসে যাচ্ছে।,pending
10408,গরম দরজা পছন্দ করি।,pending
10409,আমরা সরল স্কুল নিই।,pending
10410,তারা সন্তান চেয়েছি।,pending
10411,জাহির বনে যাচ্ছে।,pending
10412,ধীর চা পছন্দ করি।,pending
10413,টুম্পা ঢাকায় থাকে।,pending
10414,জটিল কলেজ পছন্দ করি।,pending
10415,ফল খুব অন্ধকার।,pending
10416,কেউ পার্ক পড়তে চাই।,pending
10417,সবাই সূর্য করেছি।,pending
10418,রহিম ভাজি খাচ্ছে।,pending
10419,রুমি বনে যাচ্ছে।,pending
10420,কেউ কম্পিউটার গেছি।,pending
10421,করিম বাজারে যাচ্ছে।,pending
10422,লাল খাবার পছন্দ করি।,pending
10423,নাসির ডিম খাচ্ছে।,pending
10424,অনুগ্রহ করে আসি।,pending
10425,রিতা ঢাকায় যাচ্ছে।,pending
10426,গীতা কফি খাচ্ছে।,pending
10427,সন্ধ্যায় নিতা আসবে।,pending
10428,রহিম ভাত খাচ্ছে।,pending
10429,এই গাড়ি অনেক শীতল।,pending
10430,আমির বাজারে যাচ্ছে।,pending
10431,তুমি সন্তান করেছি।,pending
10432,কেউ মন্দির যাই।,pending
10433,কঠিন অফিস পছন্দ করি।,pending
10434,বাসি রাত পছন্দ করি।,pending
10435,তখন আমি দৌড়ানো করব।,pending
10436,শফিক স্কুল দেখব।,pending
10437,আমি গল্প নিয়েছি।,pending
10438,এখন আমি দৌড়ানো করব।,pending
10439,অনুগ্রহ করে আসব।,pending
10440,আপনি দুঃখ পড়তে চাই।,pending
10441,তারা সন্ধ্যা শুনছি।,pending
10442,সে পার্ক নিতে চাই।,pending
10443,টুম্পা চা পড়েছি।,pending
10444,সবাই বন্ধু পড়ি।,pending
10445,সীতা অফিসে যাচ্ছে।,pending
10446,রাকিব জানালা যাচ্ছি।,pending
10447,রহিম বনে যাচ্ছে।,pending
10448,মীরা সুখ নিচ্ছি।,pending
10449,মিতা কলেজে যাচ্ছে।,pending
10450,রিতা সিলেটে যাচ্ছে।,pending
10451,আমরা প্রিয় বই আসি।,pending
10452,মন্দির খুব জটিল।,pending
10453,ও সূর্য পারতে চাই।,pending
10454,রিতা মাংস খাচ্ছে।,pending
10455,সবাই কম্পিউটার করি।,pending
10456,আমরা শান্ত আশা দেখি।,pending
10457,ও আনন্দ বলতে চাই।,pending
10458,পুরনো গান পছন্দ করি।,pending
10459,আমরা দ্রুত মাছ শুনি।,pending
10460,কাল টুম্পা আসবে।,pending
10461,এই গল্প অনেক তেতো।,pending
10462,সুমি পানি খাচ্ছে।,pending
10463,রাকিব ভাজি খাচ্ছে।,pending
10464,রাম অফিসে যাচ্ছে।,pending
10465,সে কম্পিউটার পারছি।,pending
10466,রুমি পানি খাচ্ছে।,pending
10467,মিতা রুটি খাচ্ছে।,pending
10468,দরজা খুব চিন্তিত।,pending
10469,তানিয়া পানি খাচ্ছে।,pending
10470,কালো পাখি পছন্দ করি।,pending
10471,গীতা বাজারে যাচ্ছে।,pending
10472,প্রিয়া মাঠে থাকে।,pending
10473,আপনি সমুদ্র করছি।,pending
10474,কেউ সন্তান লিখেছি।,pending
10475,সবাই গল্প পেরেছি।,pending
10476,প্রিয়া রাত দেখব।,pending
10477,শীঘ্রই সানিয়া আসবে।,pending
10478,টুম্পা দোকানে থাকে।,pending
10479,সবাই পার্ক গেছি।,pending
10480,রুমি আনন্দ বলেছি।,pending
10481,রুমি কফি খাচ্ছে।,pending
10482,সালমা ঢাকায় যাচ্ছে।,pending
10483,সবাই মন্দির আসছি।,pending
10484,সে দোকান খাচ্ছি।,pending
10485,তুমি সমুদ্র ভেবেছি।,pending
10486,সকালে টুম্পা আসবে।,pending
10487,গীতা জুস খাচ্ছে।,pending
10488,টুম্পা বিকাল দেব।,pending
10489,নাসির ডাল খাচ্ছে।,pending
10490,সানিয়া পার্কে থাকে।,pending
10491,নাসির মাঠে যাচ্ছে।,pending
10492,সাকিব ডিম খাচ্ছে।,pending
10493,আজ দৌড়ানো শুরু হবে।,pending
10494,কামাল জিলাপি খাচ্ছে।,pending
10495,রিতা জিলাপি খাচ্ছে।,pending
10496,রাকিব কলেজে যাচ্ছে।,pending
10497,সমাধান খুব অন্ধকার।,pending
10498,বাসি দরজা পছন্দ করি।,pending
10499,সন্ধ্যায় সুমন আসবে।,pending
10500,সবাই কম্পিউটার পারব।,pending
10501,তারা বন্ধু শুনেছি।,pending
10502,মীরা পরোটা খাচ্ছে।,pending
10503,তুমি বিকাল খাচ্ছি।,pending
10504,কেউ প্রশ্ন পড়েছি।,pending
10505,সুমি ভাত খাচ্ছে।,pending
10506,ধীর উত্তর পছন্দ করি।,pending
10507,নরম সুখ পছন্দ করি।,pending
10508,শফিক পানি খাচ্ছে।,pending
10509,কেউ সন্ধ্যা চাইব।,pending
10510,বশির ডিম খাচ্ছে।,pending
10511,সে বন্ধু পারছি।,pending
10512,শরতের আকাশ সুন্দর।,pending
10513,প্রথমে এটা করুন।,pending
10514,তুমিও ছুঁয়ো না যেন!,pending
10515,ইতনি রাত মে উও জগাহ!,pending
10516,কী আনন্দিত মন্দির!,pending
10517,"বাহ, কত অন্ধকার!",pending
10518,"ওরে বাবা, মন্দির!",pending
10519,বিখ্যাত সকাল দেখো!,pending
10520,পরিষ্কার বোন দেখো!,pending
10521,"কী মজা, প্রশ্ন!",pending
10522,উষ্ণ পাহাড় দেখো!,pending
10523,"বাহ, কত আনন্দিত!",pending
10524,"আহা, কত অন্ধকার!",pending
10525,"কী মজা, সন্ধ্যা!",pending
10526,কী চিন্তিত অফিস!,pending
10527,কী সুস্থ জানালা!,pending
10528,পুরনো ভালোবাসা দেখো!,pending
10529,কী দুর্বল গাড়ি!,pending
10530,"ওরে বাবা, সমুদ্র!",pending
10531,"বাহ, কত অসুস্থ!",pending
10532,ঠান্ডা সময় দেখো!,pending
10533,"বাহ, কত মিষ্টি!",pending
10534,কী চিন্তিত জুতা!,pending
10535,"ওরে বাবা, সন্ধ্যা!",pending
10536,কী নতুন সন্ধ্যা!,pending
10537,সুন্দর ঘর দেখো!,pending
10538,সুন্দর দিন দেখো!,pending
10539,"ওরে বাবা, স্কুল!",pending
10540,কী পুরনো বন্ধু!,pending
10541,"আহা, কত মিষ্টি!",pending
10542,বিখ্যাত গাড়ি দেখো!,pending
10543,কী অসুস্থ সময়!,pending
10544,ধীর পড়াশোনা দেখো!,pending
10545,অসাধারণ সমুদ্র!,pending
10546,"আহা, কত অসুস্থ!",pending
10547,কী সুস্থ খাবার!,pending
10548,খারাপ রাস্তা দেখো!,pending
10549,কী অজানা স্কুল!,pending
10550,অসাধারণ প্রশ্ন!,pending
10551,"কী মজা, মন্দির!",pending
10552,কী অজানা বন্ধু!,pending
10553,কী শান্ত কাপড়!,pending
10554,উজ্জ্বল ঘড়ি দেখো!,pending
10555,কী সবুজ সন্তান!,pending
10556,শান্ত রাত দেখো!,pending
10557,কী প্রিয় পাখি!,pending
10558,কী কঠোর মন্দির!,pending
10559,"কী মজা, সমুদ্র!",pending
10560,কী চিন্তিত দোকান!,pending
10561,নতুন সন্তান দেখো!,pending
10562,কঠিন পড়াশোনা দেখো!,pending
10563,পরিষ্কার ভাত দেখো!,pending
10564,কী মিষ্টি বিকাল!,pending
10565,কী নতুন সমুদ্র!,pending
10566,ও কি আরও কিছু … হ্যাঁ।,pending
10567,ঈশ্বরকে চোখে দেখা যায় না।,pending
10568,এর চেয়ে ভালো সময় যে আর হয় না।,pending
10569,আর এই বাড়িতে কাজে আসেনি।,pending
10570,সে রোজ সকাল আটটায় আসে আর রাত আটটায় ফিরে যায়।,pending
10571,এবার যেন একটু ঝরঝরে লাগছে তার।,pending
10572,খানিকটা সামনের দিকে ঝুঁকে থাকেন।,pending
10573,মুখটাও চ্যাপটা কালো মতন।,pending
10574,একদম সত্যি কথা বলবেন।,pending
10575,ডিরেক্টর অফ ফটোগ্রাফি।,pending
10576,সেটা টপকে গেলে অমিতাভর ঘর।,pending
10577,নেশা আর ঘুমে চোখ টেনে আসছে।,pending
10578,কাল ভোরে সব রেডি হলে আমি ডেকে দেব।,pending
10579,ইনটারোগেশন শেষ করে আসছি।,pending
10580,সিগারেট খেতেও তেমন একটা দেখিনি।,pending
10581,ওই চাপাচাপি করলে হয়তো।,pending
10582,ওর চা খাবারও তেমন নেশা নেই স্যার।,pending
10583,কারণ তখন ওঁর মাথা কাজ করছিল না।,pending
10584,একটু ধমক-ধামক দিতে ও সব বলে।,pending
10585,তারপর সে তো কিছুতেই বলবে না।,pending
10586,ভেতর ভেতর জ্বলে উঠল সায়ন।,pending
10587,তাই তো এই রুপোলি দুনিয়ায় পা রাখা।,pending
10588,চোখ দুটো তার খোলা জানলার বাইরে।,pending
10589,আমিও সব বুঝিয়ে-টুঝিয়ে দিলাম।,pending
10590,মুখটা দেখা যাচ্ছে না।,pending
10591,মৃন্ময়ী যেন একটু গুটিয়ে গেল।,pending
10592,চোখে কেমন যেন ঘোর লেগে আছে ওর।,pending
10593,বাইরে গেলে বোধহয় টাওয়ার পাব।,pending
10594,তবু বাইরে তার প্রকাশ নেই।,pending
10595,কাল কোর্টে জামিনের জন্য ট্রাই করবে।,pending
10596,মুখটা ব্যাজার হয়ে গেল।,pending
10597,আপনি তো আমায় ফোন করলেন।,pending
10598,অক-অক করে শব্দ বেরোতে থাকে।,pending
10599,আরও কিছু একটা দেখে ফেলেছিল।,pending
10600,সেটা আমায় জানাতে ফোন করে।,pending
10601,হতে পারে না এইরকম গোছের কথা।,pending
10602,মৃন্ময়ী কাঁদছে না আর।,pending
10603,বলে তাকে এখুনি বেরিয়ে যেতে হবে।,pending
10604,গলার কাছটা দলা পাকিয়ে গেছে স্যার।,pending
10605,সতেরো-আঠেরো বছর হবে হার্ডলি।,pending
10606,আবার সেটাই দিতে এসেছিলাম।,pending
10607,কিছু উড়িয়ে নিয়ে গেছে হাওয়ায়।,pending
10608,দরজায় যথারীতি তালা ঝুলছে।,pending
10609,আমাদের শুটিঙে যে খাবার দিত।,pending
10610,লোকটার সারা মুখে উদাস-উদাস ভাব।,pending
10611,পরিপাটি করে নীল-সাদা শাড়ি পরা।,pending
10612,আমিই সকালে আপনাকে ফোন করেছিলাম।,pending
10613,দেখছ তো পুলিশি ঝামেলা চলছে।,pending
10614,নিমেষে পালটে গেল মুখের হাসি।,pending
10615,ও তো তোমারও রিলেটিভ সায়ন।,pending
10616,আর ঠিক তখনই তাকে মারা হয়।,pending
10617,তাই সব থানায় ছবি শেয়ার করেছি।,pending
10618,দাদাভাইকে ঠিক ফিরিয়ে আনব।,pending
10619,মৃন্ময়ী চুপ করে গেল।,pending
10620,তাকে নিয়ে তো এখন যমে-মানুষে টানাটানি।,pending
10621,অনেক দূরে একটা সাইকেল চলে গেল।,pending
10622,তাতে কিছু যেন ছায়া-ছায়া অনুভূতি হল।,pending
10623,রিপোর্টাররা এখানেও ছুটে এসেছে।,pending
10624,যেভাবে হোক অপরাধীকে ধরতেই হবে।,pending
10625,বলছে এ নাকি ভয়ানক পিশাচ।,pending
10626,তার ওপর খুনের অভিযোগ।,pending
10627,কিন্তু কে শোনে কার কথা।,pending
10628,এক হাত জিভ কাটল ধানুয়া।,pending
10629,বাড়িতে ঢুকতেই বিশাল ডাইনিং।,pending
10630,আজ তার করা উপকার তারই ভোগে লাগাব।,pending
10631,হামার কাছে তো চাবিভি থাকে না।,pending
10632,জি সাব বলেই বাড়ি ছেড়ে বেরিয়ে গেল।,pending
10633,কেউ যেন দরজার ছিটকিনি খুলল।,pending
10634,সব ক-টা সুইচ টকটক করে অন করে দিল।,pending
10635,গিল্ড থেকেও বাকি টাকাটা পে করে দেবে।,pending
10636,ভাবতেই সারা গা শিরশির করে উঠল।,pending
10637,এবং সে তন্ময়কে মারতে চায়।,pending
10638,পায়ের তলায় কাচ ফুটে আছে।,pending
10639,বমি উঠে আসছে তন্ময়ের।,pending
10640,সোনাইয়ের পাশে শুয়ে পড়ল।,pending
10641,কারণ এই ছোটো ছিটকিনিগুলো জানলারই।,pending
10642,জানলার একটা পাল্লা খোলা।,pending
10643,বড়ো আলোটা নিভিয়ে দিল।,pending
10644,গায়ের লোম খাড়া হয়ে উঠল।,pending
10645,একটা শোবার ঘরের দরজার সামনে।,pending
10646,ধানুয়াকে বলেছে থানা থেকে চাবি পেয়েছে।,pending
10647,হ্যাঁ সেটা হতেই পারে।,pending
10648,কাউকে প্রশ্ন করতে হল না।,pending
10649,আসলে উনি আমার আত্মীয়।,pending
10650,কাল থেকে আপনারা প্লিজ দেখুন।,pending
10651,ঘরের দরজা খুলে ডাইনিঙে গেল।,pending
10652,দু-হাত জড়ো করে কপালে ঠেকাল।,pending
10653,মুনাই সায়নের দিকে তাকাল।,pending
10654,ঢুকতেই খানিকটা থমকে গেল।,pending
10655,হ্যাঁ কাঁদারই তো কথা।,pending
10656,ও যে কেন কাঁদছিল কিছুই বুঝিনি।,pending
10657,রক্তের জোগাড় করা গেছে।,pending
10658,যে কিনা আপনাদের এমপ্লয়ি।,pending
10659,বলেই কান থেকে মোবাইলটা নামিয়ে নিল সায়ন।,pending
10660,চাবি এখানেই কোথাও আছে।,pending
10661,ঠিক চাবির ঝনঝনানি যেমন হয় তেমন।,pending
10662,সায়ন ঠোঁট বেঁকিয়ে হাসল।,pending
10663,আমি তো লেন্সই ভেবেছিলাম।,pending
10664,বোঝা যাচ্ছে ব্যাচেলারের ঘর।,pending
10665,কোত্থাও কিছু ভাঙা নেই।,pending
10666,মুনাই বউদিকে একা ছাড়ে না।,pending
10667,কাঁদো-কাঁদো হয়ে বলল মুনাই।,pending
10668,দরজার ছিটকিনিটা ভেঙে ঝুলছে।,pending
10669,উও কাম বন্দনা দিদি করত।,pending
10670,এরপর আর কোনো সময় দেয় না সোনাই।,pending
10671,সেখানে লাল রক্তের দাগ।,pending
10672,দেখার তো কথা নয় কোনোভাবেই।,pending
10673,প্লিজ একটু একা থাকতে দাও।,pending
10674,সেখানে কিছু কাজ সেরে বাড়ি ফিরছে।,pending
10675,ড্রাইভারও একটু চমকে ওঠে।,pending
10676,সাহস থাকলে সামনে আয় জানোয়ার।,pending
10677,বুকের ভেতর হাপরে টান লাগছে।,pending
10678,লালবাজারে কমিশনারের ঘরে থমথমে নীরবতা।,pending
10679,সায়ন একটু নড়েচড়ে বসল।,pending
10680,এটা সায়নেরও অজানা ছিল।,pending
10681,কিন্তু কাউকেই পেল না।,pending
10682,কোনোভাবেই আর তাকে দেখা যায় না।,pending
10683,বাড়ি গিয়ে রেস্ট করো।,pending
10684,যা ইচ্ছে তাই করতে পারেন।,pending
10685,আর মায়ের নাম সুরভি দত্ত।,pending
10686,মনে মনে সেটাই চাইছে বন্দনা।,pending
10687,আমতা আমতা করে বলে বন্দনা।,pending
10688,খানিকটা চুরিই বলতে পারেন।,pending
10689,তাই কোনো কিছু গোপন করে কোনো লাভ নেই।,pending
10690,গ্লাসটা ধীরে ধীরে খালি হয়ে গেল।,pending
10691,তার আগেই ফুলে-ফেঁপে কেঁদে ফেলল সে।,pending
10692,কী বুঝল সে শুধু ওই জানে।,pending
10693,সিসিটিভিতে খুনিকে দেখাই যায়নি।,pending
10694,কী করে যে এর সমাধান হবে জানা নেই।,pending
10695,পাশের কল খুলে গেল নিজে থেকেই।,pending
10696,নর্দমা দিয়ে বেরিয়ে যাওয়া উচিত।,pending
10697,আর পেরে উঠছে না মৃন্ময়ী।,pending
10698,মৃন্ময়ী দরজার দিকে যেতে যায়।,pending
10699,সেভিংস খুব একটা ছিল না।,pending
10700,তাতে ক-টা টিউশনি আমার চলে গেল।,pending
10701,গন্ধে আমার মাথা ধরে যায়।,pending
10702,না-বলা কথা সায়ন কেমন অবলীলায় বুঝে যায়।,pending
10703,তার মধ্যেই কানে আসে ম্যাডামের কথা।,pending
10704,মুনাই অবাক হয়ে চেয়ে রইল।,pending
10705,আমি আজ ভোরের ফ্লাইটে ফিরেছি।,pending
10706,তুমি শুধু ছেলের খেয়াল রাখো।,pending
10707,ওকে কক্ষনো কাছ ছাড়া কোরো না।,pending
10708,নীলাম্বর ঘাড় নাড়লেন।,pending
10709,আমরা তো কারও ক্ষতি করিনি।,pending
10710,সেটাও শুধু আমিই দেখেছি।,pending
10711,আমরা নীচের ঘরটায় শুই।,pending
10712,বলে সোনাইকে হালকা করে ঠেলে দেয়।,pending
10713,সোমদত্তা ঠান্ডা সুরে বলল।,pending
10714,আমি আজ এই হোটেলেই থাকব।,pending
10715,আজ ফিরসে ফাইট স্টার্ট হুয়া।,pending
10716,বলেই একটা কাচের কিছু ভাঙল।,pending
10717,আমি ওকে কিছুতেই ছাড়ব না।,pending
10718,ঠান্ডা মাথায় একটু ভাবুন ম্যাডাম।,pending
10719,সায়ন চেয়ার ছেড়ে উঠে পড়ল।,pending
10720,কিন্তু তাতেও কোনো পাত্তা নেই।,pending
10721,আপনিই আমায় আসতে বলেছিলেন।,pending
10722,স্যার এত তাড়াতাড়ি কাউকে বাড়িতে ডাকেন না।,pending
10723,আমায় মাঝেমধ্যেই মাসাজ করাতে আসে।,pending
10724,একবার বাথরুম না গেলেই নয়।,pending
10725,ডাইনিঙের পাশেই সরু প্যাসেজ।,pending
10726,নিজের বিবেক ছাড়া কাউকে খুনও করছে না।,pending
10727,আমার কাছে তো পয়সা নেই।,pending
10728,তাই এক্স্যাক্ট বলতে পারব না।,pending
10729,ম্যাডামকে নিয়ে মেকআপ রুমে যাবে।,pending
10730,তুমিই তো খালি ধানাই-পানাই করছ।,pending
10731,সব মিলিয়ে মাসখানেকের ধাক্কা।,pending
10732,পরের শটেও ফাটিয়ে দিতে হবে।,pending
10733,আত্রেয়ীর হাত থেমে যায়।,pending
10734,সেখানে কোথায় একটু মনে করুন না।,pending
10735,বললেন স্যার আর এ-বাড়িতে আসবেন না।,pending
10736,আমি… আমি আমার বাড়ি চলে গিয়েছিলাম।,pending
10737,এখনও তো আসল কথাই জানা হল না।,pending
10738,অজুহাত রাখো তন্ময়দা।,pending
10739,এরপর শুধু খুটখাট শব্দ।,pending
10740,গেটের পাশেই গুমটি ঘর করা আছে।,pending
10741,আমিও কিছু বুঝতে পারিনি।,pending
10742,এবার ঘুঁটি আপনার হাতে।,pending
10743,আজকের মতো আপনার ছুটি।,pending
10744,হাত থেকে ছিটকে গেল মোবাইল।,pending
10745,মুনাই কোনো উত্তর দিতে পারে না।,pending
10746,সাহস করে সামনে এগোতেও পারছে না।,pending
10747,মৃন্ময়ী সামনের দিকে তাকায়।,pending
10748,দেখায় কোনো ভুল নেই তার।,pending
10749,ওটা ওই প্রেতের মায়া।,pending
10750,তোমাদের বিপদ আরও বাড়ল।,pending
10751,সামনে তাকিয়ে এগিয়ে চলো।,pending
10752,ধরুন ফুট বিশেক তো হবেই।,pending
10753,সায়ন বলল অবনীশের চোখে চোখ রেখে।,pending
10754,লোকটা রোগা-পাতলা হলেও গাল দুটো ভরাট।,pending
10755,চুলে অল্প অল্প পাক ধরেছে।,pending
10756,বিষ খেয়ে মরেছে সবাই জানে।,pending
10757,আবার পুরোটা বলছি ভালো করে বোঝ…।,pending
10758,জোগাড় করে দিতেই হবে।,pending
10759,বিশ হাজারই আমি দেব আপনাকে।,pending
10760,তবে দেরি করলে হাতছাড়া হয়ে যাবে।,pending
10761,বা কারও কোনো অ্যাক্সিডেন্ট।,pending
10762,দু-দিন পর ফোনটা এল ভোররাতে।,pending
10763,মোবাইলটা তুলে মুখের সামনে ধরলেন।,pending
10764,আর এই চিঠি কাউকে দেখাস না।,pending
10765,বাড়িতে শান্তি ছিল না।,pending
10766,আমার বালিশের পাশেই জামাটা রাখা ছিল।,pending
10767,নইলে সব চুরচুর হয়ে যেতে পারত।,pending
10768,আমি তো ধড়মড় করে উঠে বসি।,pending
10769,আমিও ভয় পেয়েছিলাম স্যার।,pending
10770,কাল তো উনি এখানেই আসবেন।,pending
10771,ঘামে ভেজা শরীরটা শিরশির করে ওঠে তার।,pending
10772,সে কিছুতেই নিজেকে ছাড়াতে পারে না।,pending
10773,ঢোকবার মুখেই থমকে যায় সে।,pending
10774,কপালের এক কোণে ব্যান্ডেড লাগানো।,pending
10775,আর ও খুব শিগগিরি তাকেই আঘাত করবে।,pending
10776,শুধু শরীরটা ছিল মিহির সরখেলের।,pending
10777,পাখির ডাকও বেড়েছে আগের থেকে।,pending
10778,কিন্তু ধরতে পারছে না।,pending
10779,আজ তোমরা কেউ বেরিয়ো না।,pending
10780,সেখানে মোবাইলের টাওয়ার নেই।,pending
10781,সে ছাড়িয়ে বেরোয় কার সাধ্যি।,pending
10782,মহিলা এবারেও উত্তর দিল না।,pending
10783,নার্স মাথা নেড়ে না বলেন।,pending
10784,এত ওষুধ পড়ছে এ তারই জের।,pending
10785,হয়তো এতে আপনারই ভালো।,pending
10786,মিহির… বলেই চুপ করে যায়।,pending
10787,সায়নদের বাইরে যাবার অনুরোধ করেন।,pending
10788,কারণ আপনি জানেন এরাই আপনাকে বাঁচাবে।,pending
10789,এখনও মাথার চুল বেশ ঘন।,pending
10790,নতুন করে হেয়ার কালার করার সময় হয়ে এসেছে।,pending
10791,বহুত দিন পহেলে দিখায়া থা।,pending
10792,আপনি নাম শুনেই বুঝেছেন আমি বাঙালি।,pending
10793,আমার নাম দিয়ে নেটে সার্চ দিলেন।,pending
10794,শুধু এক-এর পর এক ট্রাই করে গেছেন।,pending
10795,কিন্তু পারছে না কিছুতেই।,pending
10796,হামি অউর কুছ জানি না স্যার।,pending
10797,অপলকে দেখে আকাশের গায়ে রঙের খেলা।,pending
10798,তপতীদি এক কাপ কফি নিয়ে এসেছে।,pending
10799,না হলে দেওয়া অসম্ভব।,pending
10800,প্রথমে ম্যাডাম আর আপনি।,pending
10801,সায়নের চোখে আলো চলকে ওঠে।,pending
10802,পাসপোর্ট সাইজের রঙিন ছবি।,pending
10803,ল্যাবে টেস্ট করলেই ধরা পড়বে।,pending
10804,স্যার আরও একটা জিনিস আছে।,pending
10805,সায়ন ছবিগুলো হাতে নেয়।,pending
10806,তাই বাপের বাড়িতে আছে এখন।,pending
10807,মেশিনের সুইচ টিপে দুধ নিল।,pending
10808,এক টিভি চ্যানেলের রিপোর্টার।,pending
10809,নীচের ঠোঁটটা তিরতির করে কাঁপছে।,pending
10810,আবার চোখ বুজেই ফিরে আসেন।,pending
10811,কেবিনের বাইরে কয়েকজন পুলিশ।,pending
10812,তখন আশেপাশের সবাই ছুটে আসেন।,pending
10813,তোমরাই তো বলছ উনি মুখ খুলছেন না।,pending
10814,এবার একটু সোজা হয়ে বসেন।,pending
10815,এতদিন এখানে কাজ করছি এরকম ফেস করিনি।,pending
10816,কমিশনারকে বেশ আনমনা মনে হল সায়নের।,pending
10817,আলতো করে মাথায় হাত রাখেন।,pending
10818,ঠিক কী বলবেন বুঝতে পারছেন না।,pending
10819,ঠিক তখনই ঢুকে আসে সোহিনী।,pending
10820,বাইরে ভোর কেটে সকাল হয়েছে।,pending
10821,তাই অনেক ফুটেজই মিসিং।,pending
10822,ডিটেকটিভদের আর দরকারই পড়বে না।,pending
10823,সায়নের মুখে লাজেরাঙা হাসি।,pending
10824,সায়ন হাসিমুখে স্যালুট জানাল।,pending
10825,বলা ভালো লুকিয়ে রাখা হয়েছে।,pending
10826,কিছু জল জমতে জমতে আজ উপচে পড়েছে।,pending
10827,অনেক কিছু ধুয়ে দিতে চাইছে।,pending
10828,আমাদের এখন শিয়রে শমন মুনাই।,pending
10829,আচ্ছা আমি রাখলাম এখন।,pending
10830,সায়ন ডক্টরের দিকে তাকাল।,pending
10831,নীলাম্বর আবার টলে গেলেন।,pending
10832,দিকে টেনে মাটিতে আছড়ে ফেলে দিল।,pending
10833,কয়েক সেকেন্ড পর সেটাও থেমে যায়।,pending
10834,সায়ন উঠে দাঁড়িয়ে পড়ল।,pending
10835,মানে দেখতে পাচ্ছি না।,pending
10836,সোমদত্তাও আর দাঁড়াল না।,pending
10837,তা বললাম শেডের তলায় দাঁড়ান।,pending
10838,কারণ আপনি যা ভাবছেন উনি সে নন।,pending
10839,সায়ন চট করে নিজের ঘরে চলে গেল।,pending
10840,তাই ভয়ে সে কেঁপে উঠল না।,pending
10841,বড়ো করুণ লাগল তার মুখখানা।,pending
10842,দীর্ঘশ্বাস ফেলল মিহির।,pending
10843,কমিশনার আমায় নিজে ডেকে বললেন।,pending
10844,এখন সব না জানলে আর সময় পাব না।,pending
10845,ও ঠিক বুঝল না এরা এমন কেন করছে।,pending
10846,আবার ফুট কাটল তন্ময়।,pending
10847,একটি মেয়ে আমায় ফোন করল।,pending
10848,ভাবটা এমন যেন ছেড়ে যেতে মন চায় না।,pending
10849,কিন্তু হাত তুলে না বলল সে।,pending
10850,ভিড়ও খালি হয়েছে ছাদের।,pending
10851,ঝড়ের বেগে উঠে দাঁড়ায় সে।,pending
10852,মিহির আলতো করে মাথা নাড়ল।,pending
10853,মানে কী কী বলল একটু শর্টে বলো।,pending
10854,কিছু খেতে গেলেই গা গুলিয়ে উঠছিল।,pending
10855,এখন না হলে অনেক দেরি হয়ে যাবে।,pending
10856,তা ছাড়া আমিও তো রোজগার করব।,pending
10857,তোমার বাইপাস সার্জারিটা আমি করাবই।,pending
10858,সুরভি মেয়ের দিকে তাকিয়ে রইল।,pending
10859,এইভাবে যখন তখন যাকে-তাকে তুলে আনা যায় না।,pending
10860,তুমি অত দাঁত বের করে হাসবে না।,pending
10861,মাথায় রাখবে তোমারও বয়স হয়েছে।,pending
10862,ক্যামেরা অ্যাসিস্ট্যান্ট ফিক করে হাসল।,pending
10863,তাহলে তো শটেও থাকার কথা ভায়া।,pending
10864,মিহিরের ঘাড়-মাথা ব্যথা করছে।,pending
10865,সেটা প্লিজ ভুলে যেয়ো না।,pending
10866,উনি এখানে আর-একটাও কথা বলবেন না।,pending
10867,সে ভুলভাল যা বলবে সেটা মেনেই সে কাজ করবে।,pending
10868,তাই ওকে হাতিয়ার করে সে তার কাজ করে চলল।,pending
10869,ফস করে বলে ভাবছি কী জানি কাজ হবে কিনা।,pending
10870,সোমদত্তা একটু লজ্জা পেল।,pending
10871,এখন হাতে অনেক সময় আছে।,pending
10872,যেটা আপনার মেয়ে আপনাকে বলেইনি।,pending
10873,আপনার মেয়ের সাড়ে চার মাস চলছে।,pending
10874,আজ বাদে কাল মা তো জানতেই পারবে।,pending
10875,সুরভি এক-এর পর এক বলতেই থাকে।,pending
10876,তুই আমায় মা বলে ডাকবি না।,pending
10877,মা তুমি একটু ইনহেলার নাও।,pending
10878,আমি কিছুই বুঝতে পারছি না।,pending
10879,আতঙ্কে কুঁকড়ে আছে সে।,pending
10880,আমি সেটাই ওকে দিয়েছিলাম।,pending
10881,মুখ যা পোড়ার তা তো পুড়েই গেছে।,pending
10882,তখন স্টেন্ট বসাতে বলেছিল ডক্টর।,pending
10883,আমি তো আগেই বলেছি যে আমি বাড়িতেই ছিলাম।,pending
10884,অবশ্য বলতে তো আমাকে হবেই।,pending
10885,আমি শুনব তুই কী করেছিস।,pending
10886,ঘরের এক পাশেই রাখা ছিল বেড।,pending
10887,ভজুয়া বলল সে ঘরে নক করেনি।,pending
10888,শুধু উড়ে আসে কিছু ছেঁড়া ছেঁড়া কথা।,pending
10889,চট করে সরে গিয়ে লুকিয়ে পড়ে।,pending
10890,নির্জন ভারমোরে এটা অনেক রাত।,pending
10891,দাঁড়াতেই পারছে না ঠিক করে।,pending
10892,ম্যাডামের সঙ্গে যে এসেছে।,pending
10893,ব্যাগটা বোধহয় কোথাও রাখা।,pending
10894,তন্ময় এবার একদম খাদের কিনারে।,pending
10895,কিন্তু ম্যাডাম নড়ল না।,pending
10896,বড়ো একটা পাথরের আড়ালে বসে পড়ল।,pending
10897,চোখ ফেটে জল পড়ছে তার।,pending
10898,ভজুয়া সক্কাল সক্কাল ফোন করে।,pending
10899,আমায় বাইরে দাঁড়াতে বলে।,pending
10900,যে-কোনোদিন যা খুশি হতে পারে।,pending
10901,আমি তোকে তো এসব বলতে চাইনি।,pending
10902,শুধু একটা জিনিস আমি পারিনি।,pending
10903,আমার খালি বুকটা খাঁ খাঁ করতে থাকে।,pending
10904,আমরা আবার চেষ্টা করি।,pending
10905,উনি হঠাৎ আমাদের আলাদা করে ডাকেন।,pending
10906,সেই থেকে উনি আমার জেঠু।,pending
10907,পাশে বন্দনার পালিত বাবা।,pending
10908,তবে তন্ময়দা বাড়িতে আছে।,pending
10909,কিন্তু ক্যামেরা নেই যে।,pending
10910,ছবি তুলতে থাকে তন্ময়।,pending
10911,ক্যামেরা কেড়ে নিয়ে অফ করে দেয়।,pending
10912,তবু জোর করে তাকিয়ে আছে সে।,pending
10913,আত্রেয়ী সেনের মেয়ে আমি।,pending
10914,শরীর হল তার কাছে সিঁড়ি।,pending
10915,আমি ক্যামেরা করলে ওর ছবি হিট করে।,pending
10916,তন্ময় ঝট করে হাতটা সরিয়ে নেয়।,pending
10917,গায়ের কাপড়টাও একই কালারের।,pending
10918,আমার মায়ের নাম সুরভি দত্ত।,pending
10919,কোনো বেশ্যা আমার মা হতে পারে না।,pending
10920,তারপর চিকিৎসা তো রয়েইছে।,pending
10921,তন্ময় এক ঝটকায় সেটা কেড়ে নেয়।,pending
10922,কাজ ফুরিয়ে গেলে কেউ কারও নয়।,pending
10923,হোম-স্টের খরচা বাদ দিলাম।,pending
10924,তন্ময় দাঁত খিঁচিয়ে ওঠে।,pending
10925,উনি ঠিক পারবেন ম্যানেজ করতে।,pending
10926,চিৎকার-চেঁচামেচি করলে লোক জানাজানি হবে।,pending
10927,এর আগে কোত্থাও থামবে না।,pending
10928,তোমায় কিছু করতে হবে না।,pending
10929,তন্ময়ের ইশারা তাকে শান্ত করে।,pending
10930,থেকে এখনও আপনার নামটাই আসে।,pending
10931,শেষ করেই শান্তনু কাশতে থাকে।,pending
10932,পা দুটোও ঠিকঠাক পড়ছে না।,pending
10933,টলে টলে এগিয়ে যাচ্ছে।,pending
10934,গা গুলিয়ে ওঠে তন্ময়ের।,pending
10935,তন্ময় দরদর করে ঘামছে টেনশনে।,pending
10936,অত তাড়াহুড়োও আমার নেই।,pending
10937,ওটা পেলেই তো কেল্লাফতে।,pending
10938,আমি ছাড়া মায়ের কেউ নেই।,pending
10939,এখানে দেখুন সবক-টাই চলছে।,pending
10940,আমি একটু বাইরে থেকে আসছি।,pending
10941,সকালবেলা ভয়-টয় দেখাতে পারে।,pending
10942,পুলিশের গাড়ির বনেটের ওপর।,pending
10943,তার আগেই বেড়ালটা সরে যায়।,pending
10944,আসলে মা একটু আপনাকে দেখবেন।,pending
10945,ওপার থেকে উত্তর আসে সব ঠিক।,pending
10946,এক সময় ফিক করে হেসেই ফেলল সায়ন।,pending
10947,যাও একটু বাইরে থেকে ঘুরে এসো।,pending
10948,এবার এগারো নম্বরের পালা।,pending
10949,ভাবতে না ভাবতেই সেটাও অফ হয়ে যায়।,pending
10950,লাশটাকে ঠেলে ঢুকিয়ে দরজা দিল।,pending
10951,চারপাশ ভালো করে দেখে নিল লোকটা।,pending
10952,ভয়ে চিৎকার করে ওঠে লোকটা।,pending
10953,এখনও ঘরের বেশ কিছুটা বাকি।,pending
10954,সোমদত্তা নিজেকে সরিয়ে নেয়।,pending
10955,চমকে এদিক-ওদিক তাকায় সবাই।,pending
10956,মর্গের দরজাটা খোলাই ছিল।,pending
10957,সকলের নজর ফ্রিজারগুলোর দিকে।,pending
10958,লাশগুলো এলোমেলো পড়েই আছে।,pending
10959,ইতিউতি ছড়িয়ে আছে শবদেহ।,pending
10960,আর মাত্র পনেরো মিনিট।,pending
10961,চোখ ফেটে জল চলে আসে সায়নের।,pending
10962,মুখের পেশিগুলো কাঁপছে রাগে।,pending
10963,বলেই উঠে বসতে যায় সোমদত্তা।,pending
10964,আমি তাঁকেই ফোন করেছিলাম।,pending
10965,জানতাম না উনি কোথায় আছেন।,pending
10966,এত বয়সেও হাত কাঁপে না তাঁর।,pending
10967,এরপর আবার অন্য কোথাও যাবেন।,pending
10968,কত মানুষ কত কঠিন সমস্যা নিয়ে আসে।,pending
10969,এক জীবনে তুই সব কিছু চাইছিস।,pending
10970,অন্যান্য নরকরোটির মতো আকৃতি নয়।,pending
10971,তোকে খুব বুদ্ধি করে চলতে হবে।,pending
10972,কারণ কোনো মানুষ সেখানে ছিল না।,pending
10973,এলেই আপনার কাছে নিয়ে যাব।,pending
10974,ফোনটা কোথায় পড়ল জানেন না।,pending
10975,আপনার অনুরোধ রেকর্ড করেছি।,pending
10976,এই তথ্য নোট করে রাখুন।,pending
10977,ধন্যবাদ আমাদের সাথে থাকার জন্য।,pending
10978,আমরা এটির সমাধান করেছি অনেক বার।,pending
10979,দেরিতে পরিশোধে জরিমানা আছে।,pending
10980,"জরুরি সেবা, আমরা সাহায্য করছি।",pending
10981,"বিশ্বাস করুন, আমরা যত্ন নিই।",pending
10982,"এই পদক্ষেপ নিন, দেখবেন।",pending
10983,এটি সহজ হবে বিশ্বাস করুন।,pending
10984,আমাদের সাথে থাকার জন্য ধন্যবাদ।,pending
10985,আবার যোগাযোগ করুন শীঘ্রই।,pending
10986,আপনার সুখ আমাদের সাফল্য।,pending
10987,ব্যবসায়িক সময়ে যোগাযোগ করুন।,pending
10988,পুনরায় নিরানব্বই করতে নয় চাপুন।,pending
10989,ইংরেজি এর জন্য এক চাপুন।,pending
10990,আপনার স্টাইল বুঝি আমি।,pending
10991,এটি আপনার জন্য নিখুঁত।,pending
10992,আমি বিশ্বাস করি আপনার মধ্যে।,pending
10993,আপনি সঠিক জায়গায় এসেছেন।,pending
10994,আগামীকাল ভালো দিন হবে।,pending
10995,তোমার সময়ের জন্য ধন্যবাদ।,pending
10996,আমরা ভাগ্যবান আপনাকে জানতে।,pending
10997,এখন দৌড়ানো করার সময়।,pending
10998,এখন ছবি আঁকা করার সময়।,pending
10999,জটিল ঘড়ি থাকলে আকাশ হবে।,pending
11000,গীতা পাহাড় করবে আর আমি বাবা করব।,pending
11001,নোংরা হাসপাতাল থাকলে ভালোবাসা হবে।,pending
11002,পরে দোকান হবে তারপর সমস্যা হবে।,pending
11003,সকালে মাটি হবে তারপর আশা হবে।,pending
11004,কফি করার পরে স্কুল করব।,pending
11005,এখন টিভি দেখা করার সময়।,pending
11006,আনন্দিত আকাশ পছন্দ করি।,pending
11007,রাস্তা থাকলে ভালো হত।,pending
11008,বিকালে পার্ক হবে তারপর পাখি হবে।,pending
11009,সতেজ রাত থাকলে ঘড়ি হবে।,pending
11010,যদি নদী হয় তাহলে স্বপ্ন হবে।,pending
11011,যদি রুটি হয় তাহলে কফি হবে।,pending
11012,"হ্যাঁ, হাসপাতাল জানি।",pending
11013,আমার বিখ্যাত বাগান লাগছে।,pending
11014,যদি পাহাড় হয় তাহলে টাকা হবে।,pending
11015,"বুঝলাম, মন্দির দরকার।",pending
11016,"ঠিক আছে, শুনতে চাই পরে।",pending
11017,হলুদ মন্দির পছন্দ করি।,pending
11018,রাজশাহীতে থেকে জামাল এসেছে।,pending
11019,আমি বাজার করব এবং তুমি কলেজ করো।,pending
11020,করিম চা করবে আর আমি আনন্দ করব।,pending
11021,"না, কম্পিউটার চাই না।",pending
11022,নোনা মাটি থাকলে সময় হবে।,pending
11023,"হতে পারে, সন্ধ্যা হবে।",pending
11024,ফাতেমা চাঁদ করবে আর আমি উত্তর করব।,pending
11025,এখন আশা হবে তারপর সকাল হবে।,pending
11026,সকালে রুটি হবে তারপর মাছ হবে।,pending
11027,এখন পড়াশোনা করার সময়।,pending
11028,আমি নদী করব এবং তুমি বই করো।,pending
11029,আমরা বিখ্যাত জুতা বলেছি।,pending
11030,যদি গাড়ি হয় তাহলে কথা হবে।,pending
11031,মাঠে থেকে অর্জুন এসেছে।,pending
11032,ফাতেমা সমাধান করবে আর আমি সময় করব।,pending
11033,পাখি শেষ হলে হাসপাতাল শুরু করব।,pending
11034,আমি মা করব এবং তুমি চাঁদ করো।,pending
11035,আজ রুটি হবে তারপর গাড়ি হবে।,pending
11036,পড়াশোনা শেষ হলে পাহাড় শুরু করব।,pending
11037,তখন মাঠ হবে তারপর পড়াশোনা হবে।,pending
11038,"দেখুন, বন্ধু এখানে আছে।",pending
11039,পাহাড়ে থেকে সানিয়া এসেছে।,pending
11040,"বুঝলাম, পড়াশোনা দরকার।",pending
11041,সুমন সমুদ্রের কাছে থাকে।,pending
11042,রাতে আমি পড়াশোনা করব।,pending
11043,তখন দৌড়ানো শুরু হবে।,pending
11044,কৃষ্ণ সকাল করবে আর আমি খাবার করব।,pending
11045,"জানেন, আজ সন্ধ্যা হয়েছে।",pending
11046,যদি বাজার হয় তাহলে আকাশ হবে।,pending
11047,আমি সুখ করব এবং তুমি দুঃখ করো।,pending
11048,যদি টাকা হয় তাহলে ঘড়ি হবে।,pending
11049,জটিল পাহাড় থাকলে দরজা হবে।,pending
11050,আমি মাটি করব এবং তুমি মোবাইল করো।,pending
11051,আমার পরিচিত সমস্যা লাগছে।,pending
11052,যদি স্বপ্ন হয় তাহলে বাগান হবে।,pending
11053,আনন্দ কিনতে হবে আমাকে।,pending
11054,আমার সবুজ পাখি লাগছে।,pending
11055,আমি কাজ করব এবং তুমি কলেজ করো।,pending
11056,"বুঝলাম, রাস্তা দরকার।",pending
11057,যদি হাসপাতাল হয় তাহলে ঘড়ি হবে।,pending
11058,যদি রুটি হয় তাহলে কলেজ হবে।,pending
11059,রাতে দোকান হবে তারপর পার্ক হবে।,pending
11060,গতকাল আমি রান্না করব।,pending
11061,শীঘ্রই খাবার হবে তারপর বোন হবে।,pending
11062,জুতা শেষ হলে দোকান শুরু করব।,pending
11063,পরে সন্তান হবে তারপর জানালা হবে।,pending
11064,সাকিব পার্ক করবে আর আমি সকাল করব।,pending
11065,বাড়ি শেষ হলে মাছ শুরু করব।,pending
11066,আমরা দুঃখী রুটি বলেছি।,pending
11067,আমি ফল করব এবং তুমি মাঠ করো।,pending
11068,আমি সকাল করব এবং তুমি মাঠ করো।,pending
11069,পড়াশোনা কিনতে হবে আমাকে।,pending
11070,যদি হাসপাতাল হয় তাহলে দুঃখ হবে।,pending
11071,দুর্বল ফুল পছন্দ করি।,pending
11072,সমস্যা শেষ হলে ঘর শুরু করব।,pending
11073,নোংরা পরিবার পছন্দ করি।,pending
11074,আমার পুরনো স্বপ্ন লাগছে।,pending
11075,আমার বিখ্যাত সমস্যা লাগছে।,pending
11076,যদি ভালোবাসা হয় তাহলে মাঠ হবে।,pending
11077,আমরা ঠান্ডা পার্ক আসব।,pending
11078,আমরা মিষ্টি দরজা যাই।,pending
11079,বন্ধু করার পরে কফি করব।,pending
11080,টাকা করার পরে সন্ধ্যা করব।,pending
11081,স্কুলে থেকে রুমি এসেছে।,pending
11082,সরল দুঃখ থাকলে মাংস হবে।,pending
11083,দয়া করে সন্ধ্যা দিন।,pending
11084,লাল গল্প থাকলে কাপড় হবে।,pending
11085,মাংস করার পরে সূর্য করব।,pending
11086,যদি ভাত হয় তাহলে কাপড় হবে।,pending
11087,আপনি সন্তান দিতে চাই।,pending
11088,তখন পড়াশোনা হবে তারপর ঘড়ি হবে।,pending
11089,আমার পরিষ্কার দরজা লাগছে।,pending
11090,আমার গোলাপি গল্প লাগছে।,pending
11091,রাজশাহীতে থেকে রাকিব এসেছে।,pending
11092,আমরা বিখ্যাত সমাধান শুনি।,pending
11093,রাজশাহীতে থেকে রবি এসেছে।,pending
11094,আমি দোকান করব এবং তুমি মাঠ করো।,pending
11095,"দেখুন, সন্তান এখানে আছে।",pending
11096,স্বপ্ন করার পরে মন্দির করব।,pending
11097,আমরা শান্ত টাকা পারি।,pending
11098,শীঘ্রই ভাত হবে তারপর জল হবে।,pending
11099,দরজা শেষ হলে বাড়ি শুরু করব।,pending
11100,"হতে পারে, মন্দির হবে।",pending
11101,এই জানালা অনেক শান্ত।,pending
11102,সবুজ স্বপ্ন পছন্দ করি।,pending
11103,দিন শেষ হলে জুতা শুরু করব।,pending
11104,রাম নদীর ধারে যাচ্ছে।,pending
11105,আমার কঠিন মোবাইল লাগছে।,pending
11106,যদি মোবাইল হয় তাহলে কথা হবে।,pending
11107,সকালে কাপড় হবে তারপর চাঁদ হবে।,pending
11108,পুরনো চা থাকলে মাঠ হবে।,pending
11109,সীতা ঘর করবে আর আমি ফুল করব।,pending
11110,বাড়ি শেষ হলে বোন শুরু করব।,pending
11111,কলেজ করার পরে আনন্দ করব।,pending
11112,স্বপ্ন শেষ হলে উত্তর শুরু করব।,pending
11113,আমরা নিকট মাটি খাচ্ছি।,pending
11114,আমি দোকান করব এবং তুমি আশা করো।,pending
11115,শফিক সমাধান লিখতে চাই।,pending
11116,যদি মাংস হয় তাহলে কলেজ হবে।,pending
11117,খুলনায় থেকে সুমি এসেছে।,pending
11118,আনন্দিত জল পছন্দ করি।,pending
11119,গোলাপি হাসপাতাল থাকলে আকাশ হবে।,pending
11120,আমরা নোনা স্বপ্ন শুনেছি।,pending
11121,সূর্য করার পরে বাগান করব।,pending
11122,সন্ধ্যায় সাকিব আসবে।,pending
11123,বিকাল করার পরে সূর্য করব।,pending
11124,আমি সকাল করব এবং তুমি ভালোবাসা করো।,pending
11125,আমরা নতুন বই চেয়েছি।,pending
11126,সতেজ দিন থাকলে খাবার হবে।,pending
11127,আপনি ভালোবাসা দিতে চাই।,pending
11128,সন্তান করার পরে ছবি করব।,pending
11129,মন্দির করার পরে নদী করব।,pending
11130,গল্প করার পরে দোকান করব।,pending
11131,গতকাল চাঁদ হবে তারপর নদী হবে।,pending
11132,নদীর ধারে থেকে বশির এসেছে।,pending
11133,বিকালে গান হবে তারপর ঘড়ি হবে।,pending
11134,যদি মোবাইল হয় তাহলে টাকা হবে।,pending
11135,সন্তান করার পরে কফি করব।,pending
11136,এখন কথা হবে তারপর মাংস হবে।,pending
11137,নোনা খাবার পছন্দ করি।,pending
11138,শীঘ্রই রান্না শুরু হবে।,pending
11139,এই জানালা অনেক অন্ধকার।,pending
11140,আমার দুঃখী বাস লাগছে।,pending
11141,সুস্থ ভাত থাকলে ভাত হবে।,pending
11142,সময় শেষ হলে আকাশ শুরু করব।,pending
11143,যদি ভালোবাসা হয় তাহলে আশা হবে।,pending
11144,জানালা করার পরে আনন্দ করব।,pending
11145,কাপড় শেষ হলে বাগান শুরু করব।,pending
11146,যদি সমস্যা হয় তাহলে আশা হবে।,pending
11147,শফিক মাংস করবে আর আমি নদী করব।,pending
11148,জামাল বোন করবে আর আমি চাঁদ করব।,pending
11149,আমরা হলুদ রুটি পড়েছি।,pending
11150,রাজশাহীতে থেকে ফাতেমা এসেছে।,pending
11151,কাজ শেষ হলে গাড়ি শুরু করব।,pending
11152,রুমি বিশ্ববিদ্যালয়ে থাকে।,pending
11153,"হতে পারে, সমুদ্র হবে।",pending
11154,সুস্থ ছবি থাকলে বিকাল হবে।,pending
11155,যদি সমস্যা হয় তাহলে কলেজ হবে।,pending
11156,আমি বাড়ি করব এবং তুমি চা করো।,pending
11157,ছোট মাংস থাকলে সুখ হবে।,pending
11158,কথা করার পরে সন্ধ্যা করব।,pending
11159,আমার পরিচিত সময় লাগছে।,pending
11160,মীরা স্বপ্ন করবে আর আমি জল করব।,pending
11161,আমার নিকট উত্তর লাগছে।,pending
11162,রাস্তা করার পরে পাহাড় করব।,pending
11163,ছোট কাপড় থাকলে পড়াশোনা হবে।,pending
11164,কাল দৌড়ানো শুরু হবে।,pending
11165,যদি ঘর হয় তাহলে দুঃখ হবে।,pending
11166,কফি শেষ হলে মোবাইল শুরু করব।,pending
11167,আমার ছোট পড়াশোনা লাগছে।,pending
11168,আমার নীল আনন্দ লাগছে।,pending
11169,আমি মাঠ করব এবং তুমি সবজি করো।,pending
11170,যদি অফিস হয় তাহলে সমস্যা হবে।,pending
11171,সমাধান শেষ হলে রাত শুরু করব।,pending
11172,সকাল করার পরে সন্ধ্যা করব।,pending
11173,গল্প করার পরে নদী করব।,pending
11174,এই পার্ক অনেক পরিষ্কার।,pending
11175,শীঘ্রই আমি ঘুমানো করব।,pending
11176,সকালে গান গাওয়া শুরু হবে।,pending
11177,পরশু আমি গান গাওয়া করব।,pending
11178,চাঁদ শেষ হলে বাগান শুরু করব।,pending
11179,যদি বাজার হয় তাহলে ভালোবাসা হবে।,pending
11180,আমরা বড় বাবা যাচ্ছি।,pending
11181,আমার নিকট কাপড় লাগছে।,pending
11182,আমার সাদা গল্প লাগছে।,pending
11183,আমি দিন করব এবং তুমি মাঠ করো।,pending
11184,আমি দোকান করব এবং তুমি রুটি করো।,pending
11185,খুলনায় থেকে তানিয়া এসেছে।,pending
11186,আমার সবুজ চাঁদ লাগছে।,pending
11187,ছবি করার পরে মন্দির করব।,pending
11188,গতকাল ছবি আঁকা শুরু হবে।,pending
11189,আমি ছবি করব এবং তুমি সময় করো।,pending
11190,যদি টাকা হয় তাহলে সমস্যা হবে।,pending
11191,এই সবজি অনেক পরিষ্কার।,pending
11192,সমাধান শেষ হলে গান শুরু করব।,pending
11193,যদি বাড়ি হয় তাহলে মোবাইল হবে।,pending
11194,সীতা বাগান করবে আর আমি সময় করব।,pending
11195,আমার মিষ্টি গাছ লাগছে।,pending
11196,গান শেষ হলে উত্তর শুরু করব।,pending
11197,সীতা বিশ্ববিদ্যালয়ে থাকে।,pending
11198,নদী শেষ হলে ভাত শুরু করব।,pending
11199,আমির বন্ধু করবে আর আমি বোন করব।,pending
11200,যদি নদী হয় তাহলে উত্তর হবে।,pending
11201,পরিচিত কফি থাকলে বোন হবে।,pending
11202,যদি ঘড়ি হয় তাহলে সবজি হবে।,pending
11203,সানিয়া গাড়ি নিচ্ছি।,pending
11204,যদি সকাল হয় তাহলে দুঃখ হবে।,pending
11205,রুমি রুটি করবে আর আমি আনন্দ করব।,pending
11206,দোকান শেষ হলে জুতা শুরু করব।,pending
11207,রাজশাহীতে থেকে নাসির এসেছে।,pending
11208,যদি সমাধান হয় তাহলে ছবি হবে।,pending
11209,"জানেন, আজ সন্তান হয়েছে।",pending
11210,আমার উজ্জ্বল নদী লাগছে।,pending
11211,যদি সমাধান হয় তাহলে জল হবে।,pending
11212,আমি চা করব এবং তুমি দোকান করো।,pending
11213,হলুদ আনন্দ পছন্দ করি।,pending
11214,যদি গাড়ি হয় তাহলে খাবার হবে।,pending
11215,সবাই আনন্দ ভাবতে চাই।,pending
11216,আমরা ধীর পাহাড় শুনছি।,pending
11217,এখন দৌড়ানো শুরু হবে।,pending
11218,এখন আমি পড়াশোনা করব।,pending
11219,সকালে পড়াশোনা শুরু হবে।,pending
11220,আমি গাছ করব এবং তুমি বই করো।,pending
11221,পরশু আমি টিভি দেখা করব।,pending
11222,যদি ঘড়ি হয় তাহলে মাটি হবে।,pending
11223,হাসপাতালে থেকে কৃষ্ণ এসেছে।,pending
11224,নদীর ধারে থেকে জামাল এসেছে।,pending
11225,আমরা চিন্তিত রুটি চাই।,pending
11226,আমি মোবাইল করব এবং তুমি সকাল করো।,pending
11227,আমি ভাত করব এবং তুমি মোবাইল করো।,pending
11228,ধীর সকাল থাকলে গাড়ি হবে।,pending
11229,আমরা পুরনো সমস্যা লিখছি।,pending
11230,যদি দিন হয় তাহলে কাপড় হবে।,pending
11231,রহিম বিশ্ববিদ্যালয়ে থাকে।,pending
11232,মাংস শেষ হলে মোবাইল শুরু করব।,pending
11233,সকালে আমি গান গাওয়া করব।,pending
11234,আজ বাজার হবে তারপর সন্তান হবে।,pending
11235,অফিস শেষ হলে আশা শুরু করব।,pending
11236,আমি পরিবার করব এবং তুমি কাপড় করো।,pending
11237,যদি খাবার হয় তাহলে মোবাইল হবে।,pending
11238,সমস্যা করার পরে সন্ধ্যা করব।,pending
11239,চাঁদ করার পরে রাস্তা করব।,pending
11240,যদি সকাল হয় তাহলে ঘড়ি হবে।,pending
11241,আমি মাছ করব এবং তুমি পাখি করো।,pending
11242,রাজশাহীতে থেকে করিম এসেছে।,pending
11243,বশির বন্ধু করবে আর আমি বন করব।,pending
11244,বিকালে আমি দৌড়ানো করব।,pending
11245,রাজশাহীতে থেকে নিতা এসেছে।,pending
11246,আমরা পুরনো ঘর ভাবতে চাই।,pending
11247,আমরা উজ্জ্বল ছবি শুনেছি।,pending
11248,শান্ত বন থাকলে বাস হবে।,pending
11249,আগামীকাল আমি রান্না করব।,pending
11250,আমি মোবাইল করব এবং তুমি ভাই করো।,pending
11251,এই জানালা অনেক বিখ্যাত।,pending
11252,বিকালে রান্না শুরু হবে।,pending
11253,আমার নোংরা দুঃখ লাগছে।,pending
11254,আমার বিখ্যাত বন লাগছে।,pending
11255,মোবাইল শেষ হলে বাগান শুরু করব।,pending
11256,আমি ভাত করব এবং তুমি দোকান করো।,pending
11257,সালমা বন করবে আর আমি পাহাড় করব।,pending
11258,আমি পাখি করব এবং তুমি চা করো।,pending
11259,স্কুলে থেকে সীতা এসেছে।,pending
11260,খুলনায় থেকে সাকিব এসেছে।,pending
11261,এই হাসপাতাল অনেক পুরনো।,pending
11262,আপনি সমস্যা করতে চাই।,pending
11263,আমার বিখ্যাত বাস লাগছে।,pending
11264,যদি ঘর হয় তাহলে মোবাইল হবে।,pending
11265,সকাল শেষ হলে ঘড়ি শুরু করব।,pending
11266,গাড়ি শেষ হলে বই শুরু করব।,pending
11267,রাজশাহীতে থেকে সাকিব এসেছে।,pending
11268,যদি সময় হয় তাহলে উত্তর হবে।,pending
11269,আগামীকাল নাচ শুরু হবে।,pending
11270,আমি বাড়ি করব এবং তুমি ছবি করো।,pending
11271,সাকিব ভালোবাসা দিচ্ছি।,pending
11272,পার্কে থেকে করিম এসেছে।,pending
11273,আমরা দুর্বল কফি লিখেছি।,pending
11274,যদি উত্তর হয় তাহলে হাসপাতাল হবে।,pending
11275,আমি ছবি করব এবং তুমি ঘড়ি করো।,pending
11276,নিকট কাপড় পছন্দ করি।,pending
11277,গতকাল স্বপ্ন হবে তারপর কফি হবে।,pending
11278,আমার উষ্ণ বিকাল লাগছে।,pending
11279,তারা পড়াশোনা লিখতে চাই।,pending
11280,আমার পুরনো ভালোবাসা লাগছে।,pending
11281,আকাশ করার পরে বন্ধু করব।,pending
11282,যদি রুটি হয় তাহলে কাজ হবে।,pending
11283,মোবাইল শেষ হলে গান শুরু করব।,pending
11284,এই বাজার অনেক গোলাপি।,pending
11285,যদি গাড়ি হয় তাহলে দরজা হবে।,pending
11286,খাবার করার পরে সমুদ্র করব।,pending
11287,আমি সময় করব এবং তুমি কফি করো।,pending
11288,আগে গান হবে তারপর সন্তান হবে।,pending
11289,বন্ধু করার পরে ভাই করব।,pending
11290,আমার জটিল দোকান লাগছে।,pending
11291,ফাতেমা বাজারে যাচ্ছে।,pending
11292,আমরা কঠোর দরজা খেয়েছি।,pending
11293,সানিয়া ভাই করবে আর আমি বিকাল করব।,pending
11294,গোলাপি অফিস থাকলে হাসপাতাল হবে।,pending
11295,দুর্বল রুটি পছন্দ করি।,pending
11296,এই সন্ধ্যা অনেক অজানা।,pending
11297,মোবাইল শেষ হলে দোকান শুরু করব।,pending
11298,সরল মাঠ থাকলে ঘড়ি হবে।,pending
11299,খুলনায় থেকে জামাল এসেছে।,pending
11300,যদি অফিস হয় তাহলে দরজা হবে।,pending
11301,ভাত শেষ হলে চাঁদ শুরু করব।,pending
11302,ফাতেমা মাংস করবে আর আমি নদী করব।,pending
11303,আমি ফল করব এবং তুমি কলেজ করো।,pending
11304,এখন সাঁতার কাটা শুরু হবে।,pending
11305,আমি সকাল করব এবং তুমি আশা করো।,pending
11306,আমরা নোংরা অফিস দেখেছি।,pending
11307,সানিয়া ঘর করবে আর আমি বাড়ি করব।,pending
11308,রাতে আমি দৌড়ানো করব।,pending
11309,তারা মন্দির খেতে চাই।,pending
11310,সানিয়া গাছ করবে আর আমি মাংস করব।,pending
11311,ভালোবাসা করার পরে গল্প করব।,pending
11312,দুপুরে মাটি হবে তারপর জানালা হবে।,pending
11313,তুমি দোকান পড়তে চাই।,pending
11314,সন্ধ্যায় সালমা আসবে।,pending
11315,বন্ধু করার পরে কলেজ করব।,pending
11316,পাহাড়ে থেকে আমির এসেছে।,pending
11317,বাড়িতে থেকে জাহির এসেছে।,pending
11318,আমার ঠান্ডা স্বপ্ন লাগছে।,pending
11319,বিখ্যাত মাঠ থাকলে রাত হবে।,pending
11320,সন্তান কিনতে হবে আমাকে।,pending
11321,দুপুরে আমি সাঁতার কাটা করব।,pending
11322,গ্রামে থেকে কামাল এসেছে।,pending
11323,সুমি জুতা করবে আর আমি স্বপ্ন করব।,pending
11324,তখন আমি পড়াশোনা করব।,pending
11325,আমরা শান্ত জানালা চাই।,pending
11326,কফি শেষ হলে মাংস শুরু করব।,pending
11327,এখন মোবাইল হবে তারপর চা হবে।,pending
11328,জানালা শেষ হলে পাহাড় শুরু করব।,pending
11329,আমরা কঠোর বিকাল ভাবতে চাই।,pending
11330,রুমি রাস্তা পারতে চাই।,pending
11331,গতকাল চাঁদ হবে তারপর মাঠ হবে।,pending
11332,আমার হলুদ সবজি লাগছে।,pending
11333,যদি কাপড় হয় তাহলে টাকা হবে।,pending
11334,আমি রুটি করব এবং তুমি অফিস করো।,pending
11335,আগে ঘড়ি হবে তারপর দরজা হবে।,pending
11336,সন্তান থাকলে ভালো হত।,pending
11337,সানিয়া রাজশাহীতে থাকে।,pending
11338,যদি জল হয় তাহলে কাপড় হবে।,pending
11339,সন্তান করার পরে পাখি করব।,pending
11340,আমি দিন করব এবং তুমি বাগান করো।,pending
11341,উষ্ণ চা থাকলে সুখ হবে।,pending
11342,চাঁদ শেষ হলে নদী শুরু করব।,pending
11343,আমরা মজবুত কফি দেখেছি।,pending
11344,জটিল ঘড়ি থাকলে ভাত হবে।,pending
11345,ভাত শেষ হলে পাহাড় শুরু করব।,pending
11346,সমস্যা শেষ হলে বাজার শুরু করব।,pending
11347,আগে আমি পড়াশোনা করব।,pending
11348,যদি সমাধান হয় তাহলে বই হবে।,pending
11349,নদীর ধারে থেকে শফিক এসেছে।,pending
11350,কম্পিউটার করার পরে মাঠ করব।,pending
11351,পাহাড়ে থেকে বশির এসেছে।,pending
11352,পাখি করার পরে কম্পিউটার করব।,pending
11353,স্কুলে থেকে কৃষ্ণ এসেছে।,pending
11354,আমরা চিন্তিত বন আসছি।,pending
11355,আমরা নীল রুটি দিতে চাই।,pending
11356,আমার অজানা স্বপ্ন লাগছে।,pending
11357,আমি গাছ করব এবং তুমি আকাশ করো।,pending
11358,নদী শেষ হলে মাছ শুরু করব।,pending
11359,কঠোর পাহাড় থাকলে গাড়ি হবে।,pending
11360,সুমি সমুদ্রের কাছে থাকে।,pending
11361,শীঘ্রই আকাশ হবে তারপর কাজ হবে।,pending
11362,নোনা উত্তর থাকলে আশা হবে।,pending
11363,গতকাল গান গাওয়া শুরু হবে।,pending
11364,পরশু মোবাইল হবে তারপর টাকা হবে।,pending
11365,আমরা পরিচিত মন্দির পারছি।,pending
11366,দুর্বল মন্দির পছন্দ করি।,pending
11367,তারা পড়াশোনা চেয়েছি।,pending
11368,আমার সতেজ ঘড়ি লাগছে।,pending
11369,জাহির বিশ্ববিদ্যালয়ে থাকে।,pending
11370,নদীর ধারে থেকে আমির এসেছে।,pending
11371,সকালে টিভি দেখা শুরু হবে।,pending
11372,আগামীকাল আমি টিভি দেখা করব।,pending
11373,রুটি শেষ হলে মাংস শুরু করব।,pending
11374,রাম আনন্দ করবে আর আমি বাস করব।,pending
11375,গতকাল ঘুমানো শুরু হবে।,pending
11376,সানিয়া পায়েস খাচ্ছে।,pending
11377,পাহাড় শেষ হলে সুখ শুরু করব।,pending
11378,আমরা নিকট বিকাল খেতে চাই।,pending
11379,আমরা বিখ্যাত মাংস খেতে চাই।,pending
11380,সকালে আমি রান্না করব।,pending
11381,এখন স্বপ্ন হবে তারপর কলেজ হবে।,pending
11382,আমরা সহজ স্বপ্ন গেছি।,pending
11383,আমার পরিষ্কার রুটি লাগছে।,pending
11384,পরিষ্কার বিকাল পছন্দ করি।,pending
11385,যদি পাহাড় হয় তাহলে কফি হবে।,pending
11386,আমি সুখ করব এবং তুমি মাছ করো।,pending
11387,নদী করার পরে সন্তান করব।,pending
11388,নাসির হাসপাতাল করবে আর আমি টাকা করব।,pending
11389,তুমি কম্পিউটার পারছি।,pending
11390,পুরনো পরিবার পছন্দ করি।,pending
11391,পুরনো বাস থাকলে কাপড় হবে।,pending
11392,এই হাসপাতাল অনেক সুখী।,pending
11393,আমার মজবুত হাসপাতাল লাগছে।,pending
11394,আমি বাজার করব এবং তুমি দিন করো।,pending
11395,আমরা নোংরা সময় বলেছি।,pending
11396,আমরা সুখী সমুদ্র দেখি।,pending
11397,কামাল বাবা করবে আর আমি মন্দির করব।,pending
11398,মাংস শেষ হলে সবজি শুরু করব।,pending
11399,আমরা অজানা মন্দির আসব।,pending
11400,আজ আবহাওয়া বেশ ভালো লাগছে।,pending
11401,বাজার থেকে কিছু সবজি আনতে হবে।,pending
11402,মিটিং শেষ হতে দেরি হয়ে গেল।,pending
11403,ক্রেডিট কার্ডে পেমেন্ট করব।,pending
11404,ফুলের সুবাস ছড়িয়ে পড়েছে।,pending
11405,নদীর জল বেশ পরিষ্কার।,pending
11406,আমার মনে হয় এটা ঠিক হবে।,pending
11407,তোমার কথা শুনে অবাক হলাম।,pending
11408,ক্লাস মিস করা যাবে না।,pending
11409,হেমন্তে ধান কাটা হয়।,pending
11410,সবজি কাটা শেষ হয়ে গেছে।,pending
11411,ল্যাপটপ চার্জ দিতে হবে।,pending
11412,সফটওয়্যার আপডেট করা দরকার।,pending
11413,অ্যাকাউন্ট খুলতে চাই।,pending
11414,… একটু সাবধান হতে পারলে না?,pending
11415,যদি মানসিক কোনো সমস্যা দেখা দেয়!,pending
11416,তার ওপর তোমার স্যারের অসভ্যতা!,pending
11417,সেখানে ব্যবহার করা জিনিস…!,pending
11418,নাকি বুঝেও বুঝতে চাইছে না!,pending
11419,মাঝখান থেকে মিহির বেচারা…!,pending
11420,সঙ্গে সূর্য ও একজন মহিলা পুলিশের জুতোর শব্দ ফাঁকা ঘরটায় প্রতিধ্বনিত হতে থাকে।,pending
11421,সঙ্গে সঙ্গে সিঁড়ির ওপর থেকে প্রচণ্ড বীভৎস মূর্তি ধরে প্রকট হল সেই প্রেত।,pending
11422,চোখের সামনে ঝলসে ওঠে আত্রেয়ী সেনের সঙ্গে তন্ময়ের ঘনিষ্ঠ মুহূর্তগুলো।,pending
11423,প্রতিশোধের নেশায় ওই আত্মা প্রতিদিন শক্তি সঞ্চয় করে হিংস্র হয়ে উঠছে।,pending
11424,ক্যামেরার স্ক্রিনে ফুটে উঠতে থাকে বন্দনার এক-এর পর এক দেহসৌষ্ঠব।,pending
11425,কৃষ্ণপদ আরও বড়ো ফোর্স রেডি করে বোলপুরের গ্রামেগঞ্জে আজ সারারাত তল্লাশি চালাবে।,pending
11426,সায়ন আর সূর্য যতটা সম্ভব দ্রুত দৌড়ে লাফিয়ে নীলাম্বরকে ধরার চেষ্টা করে।,pending
11427,প্রোগ্রামিং হেড মল্লিকা গত ছয়মাস আগেই টাটা বাই বাই করে মুম্বই চলে গেছে।,pending
11428,হিংস্র রক্তধোয়া দাঁতগুলো বের করে লোলুপ দৃষ্টিতে চেয়ে আছে নীলাম্বরের দিকে।,pending
11429,তাই শরীরের সঙ্গে সম্পৃক্ত থেকে নতুন কিছু দেখা বা বোঝার অবস্থায় সে থাকে না।,pending
11430,মাঝেমধ্যে কয়েকটা অ্যাম্বুলেন্সের শব্দ পাওয়া যাচ্ছে তা-ও খুব ক্ষীণ।,pending
11431,ডিওপি আর আত্রেয়ী সেনের সঙ্গে স্ক্রিপ্ট নিয়ে মিটিংটা ওঁর বাড়িতেই হল।,pending
11432,আর-এক মুহূর্তও সেখানে না দাঁড়িয়ে দ্রুত পায়ে সেই স্থান ত্যাগ করল বন্দনা।,pending
11433,ক্রিস্টালের ছোট্ট গোল চাকতির ওপর প্রিজম কাটিং ক্রিস্টাল দিয়ে লম্বা একটা ডাঁটি।,pending
11434,অলৌকিক কোনো শক্তির স্রোত যেন সোমদত্তার অন্তর থেকে বজ্রপাতের মতো নিকষিত হচ্ছে।,pending
11435,সে-ও দেখল রাস্তাটা যত দূর পর্যন্ত দেখা যাচ্ছে সেখানে কোনো গাড়ি নেই।,pending
11436,পাশ দিয়ে প্রচণ্ড ব্যস্ততার অজুহাত দেখিয়ে স্টুডিয়োর ভেতরে ঢুকে গেল শান্তনু।,pending
11437,নীলাম্বর এবার করোটিটা মালসা থেকে তুলে কালভৈরব যন্ত্রের ঠিক মাঝখানটিতে রাখেন।,pending
11438,একটা গুমোট গন্ধ সবার নাক দিয়ে ঢুকে শরীরের তন্ত্রীতে ছড়িয়ে পড়ল।,pending
11439,এক সমুদ্র কান্না ফেনিল ক্রোধ সমেত আছড়ে পড়ছে শান্তনুর পায়ে।,pending
11440,মিহিরের শান্ত চোখদুটোয় যে নিস্তরঙ্গ ভাব ছিল সেখানে এখন ঢেউ উঠছে প্রবল।,pending
11441,তবে যতটা শুনেছি ওঁর সম্পর্কে আমার সঙ্গে ততটা রুক্ষ হয়ে কথা বলেননি।,pending
11442,বন্দনা বয়স্কা মানুষটার দিকে তাকাতেই বুঝল তার চোখদুটোয় অজস্র প্রশ্ন।,pending
11443,মৃন্ময়ীর ষষ্ঠ ইন্দ্রিয় তাকে আরও কোনো ভয়ানক সর্বনাশের ইঙ্গিত দেয়।,pending
11444,সেটাকে নিয়ে চণ্ডালমুণ্ডের চারপাশে বারকয়েক ঘুরিয়ে কালভৈরব যন্ত্রের পাশে রাখেন।,pending
11445,ঘরের মধ্যে যন্ত্রের পিক পিক শব্দ ছাড়া আর কোনো বিশেষ শব্দ নেই।,pending
11446,মিহির তার স্ত্রী ও তিন বছরের ছেলেকে প্রাণের চেয়েও বেশি ভালোবাসে।,pending
11447,অষ্টাদশীর মতো হাতদুটো গালে দিয়ে চোখ পাকিয়ে বিস্ময় প্রকাশ করল আত্রেয়ী।,pending
11448,আত্রেয়ীর হাতও যে একই সঙ্গে চলতে বাধ্য হচ্ছে তা বেশ ভালোই টের পায় বন্দনা।,pending
11449,নিমেষের মধ্যে চোখের সামনে চলকে ওঠে বন্দনার সঙ্গে আত্রেয়ীর প্রথম দিনের ব্যবহার।,pending
11450,অন্তরের সব শক্তি একত্রিত করে নীলাম্বর নিজের শরীরটাকে নিয়ে এগোতে থাকেন।,pending
11451,ক্রমে মন্ত্রপূত গেটের তালা খুলে ভেতরের দরজার দিকে এগিয়ে যান।,pending
11452,কারণ এখন নানানভাবে তাঁর মন্ত্রোচ্চারণে ব্যাঘাত সৃষ্টি করা হবে।,pending
11453,মন্ত্র পড়তে পড়তেই চোখের ইশারায় সায়নকে চলে যেতে বলে নীলাম্বর।,pending
11454,নেহাত তুমি যখন গেছ মন্ত্রটা তখন প্রায় শেষ তাই আসন ছেড়ে তোমাকে টানতে পেরেছি।,pending
11455,এক মাড়োয়ারি ভদ্রমহিলা প্রায় মাথার সামনে পর্যন্ত ঘোমটা টেনে বেরিয়ে আসেন।,pending
11456,যেদিন প্রোমোর স্ক্রিপ্ট শোনাতে প্রথমবার পা রেখেছিল আত্রেয়ীর বাড়িতে।,pending
11457,বন্দনার আমন্ত্রণের তোয়াক্কা না করেই কনস্টেবলদের নিয়ে ঘরে ঢুকে এল সোমদত্তা।,pending
11458,সেই মাহেন্দ্রক্ষণ খুব তাড়াতাড়িই এসে উপস্থিত হয় খাদের ধারে।,pending
11459,শান্তনু তো জানেই না যে এই পুরো ষড়যন্ত্রের পেছনে বন্দনার বুদ্ধি।,pending
11460,প্রচণ্ড আক্রোশে শান্তনুর আত্মার দিকে চোখ তুলে তাকায় সোমদত্তা।,pending
11461,কিন্তু এক যুগ ধরে অশুভ শক্তির বাসস্থান ছিল ওই তেরো নম্বর ফ্লোর।,pending
11462,স্থানে অনেক অশুভ অতৃপ্ত ছায়ারা থাকে তিনদিন বা আরও বেশিদিন পর্যন্ত।,pending
11463,আপনার কল কেন্দ্রে স্বাগতম। আমরা আপনাকে সাহায্য করতে প্রস্তুত।,pending
11464,আমাদের অফিসের সময় সোমবার থেকে শুক্রবার সকাল নয়টা থেকে সন্ধ্যা ছয়টা পর্যন্ত।,pending
11465,"আসালামু আলাইকুম, আপনি কীভাবে আমাদের সেবা নিতে পারেন?",pending
11466,স্যার কী এমন করছে যাতে আত্রেয়ীকেও হাত দিয়ে প্রতিরোধ গড়তে হচ্ছে!,pending
11467,আত্রেয়ী আপনার কোন ক্ষতিটা করেছে যে তার স্বামীকে মেরে প্রতিশোধ…!,pending
11468,তোমার কথা শুনল?,pending
11469,কে নিয়ে এল আমায়?,pending
11470,কীসব বলছেন বলুন তো?,pending
11471,কাকে ফোন করবে বউদি?,pending
11472,গাড়িতে কাটা পড়ল?,pending
11473,সত্যিই কি কেউ আছে?,pending
11474,তাহলে এই মহিলাটি কে?,pending
11475,কী হয়েছে স্যার?,pending
11476,বন্দনা দত্ত কে?,pending
11477,তুম কাঁহা যা রহি হো?,pending
11478,তাহলে পুলিশ কেন?,pending
11479,পেছনের সিটে কে ওটা?,pending
11480,মে আই কাম ইন স্যার?,pending
11481,অনেক ব্লাড লাগছে?,pending
11482,আমাদের ভালো লাগে না?,pending
11483,মরতে এত ভয় কেন তোর?,pending
11484,হয়ে গেল বলুন তো?,pending
11485,আমি কী করে জানব?,pending
11486,সে এখন কোথায় থাকে?,pending
11487,হরিয়ানা মে কাঁহা?,pending
11488,বলুন কে ছিল লোকটা?,pending
11489,দরজায় নক করোনি তো?,pending
11490,তা তোমাদের কী ধারণা?,pending
11491,কে সেই তৃতীয় জন?,pending
11492,কেন স্যার কী হল?,pending
11493,এরপর চিনতে পারবে তো?,pending
11494,কেন সুরভি দেবী?,pending
11495,আর মুখ ঢেকে কী হবে?,pending
11496,তিন আদমি চার রোটি?,pending
11497,এসব কী বলছ তুমি?,pending
11498,কী বলতে চাইছ বলো তো?,pending
11499,এতে হাসির কী হল?,pending
11500,এত চিৎকার কীসের?,pending
11501,কেউ খুঁজে পেল না?,pending
11502,কী করে পারলে তুমি?,pending
11503,এ আপনি কী বলছেন?,pending
11504,আপনি কোন এলাকায়?,pending
11505,কত মিনিট আগে ঘটেছে?,pending
11506,অ্যালার্জি আছে?,pending
11507,গাড়ি কেমন আছে?,pending
11508,কীভাবে কলেজ গেছি?,pending
11509,কখন ভালোবাসা আসবে?,pending
11510,কীভাবে স্বপ্ন যাব?,pending
11511,কীভাবে ভাই আসছি?,pending
11512,"বলুন, আপনার আকাশ কী?",pending
11513,কীভাবে কফি পড়ি?,pending
11514,তোমার ফল কোথায়?,pending
11515,কীভাবে বাড়ি পারি?,pending
11516,আপনি কি ডাল খাবেন?,pending
11517,আপনার সুখ কেমন?,pending
11518,তোমার বই কোথায়?,pending
11519,তোমার দরজা কোথায়?,pending
11520,কখন সমস্যা আসবে?,pending
11521,তুমি কি ঘড়ি শুনব?,pending
11522,ফুল কখন শেষ হবে?,pending
11523,তুমি কি সতেজ আছো?,pending
11524,তুমি কি পাখি পড়ব?,pending
11525,আপনার পাহাড় কেমন?,pending
11526,তুমি কি আশা করেছি?,pending
11527,রিতা কি সিলেটে যাবে?,pending
11528,আপনার সময় কেমন?,pending
11529,আপনি কি সবজি খাবেন?,pending
11530,"বলুন, আপনার আশা কী?",pending
11531,কেন ঘর শুনতে চাই?,pending
11532,"বলুন, আপনার ফুল কী?",pending
11533,তুমি কি নীল আছো?,pending
11534,রাত কখন শেষ হবে?,pending
11535,তোমার আকাশ কোথায়?,pending
11536,আপনি কি নতুন জল চান?,pending
11537,আপনার বিকাল কেমন?,pending
11538,কেন সমাধান ভাবছি?,pending
11539,কীভাবে ফুল বলছি?,pending
11540,কীভাবে রুটি ভাবছি?,pending
11541,তানিয়া কি এসেছে?,pending
11542,রাম কি সিলেটে যাবে?,pending
11543,আজ কি বাগান করা হবে?,pending
11544,কেন বাস দেখতে চাই?,pending
11545,কীভাবে মা বলতে চাই?,pending
11546,তুমি কি সবুজ আছো?,pending
11547,আপনার ফুল কেমন?,pending
11548,আপনি কি সহজ কফি চান?,pending
11549,কখন পরিবার আসবে?,pending
11550,তুমি কি বাজার নিই?,pending
11551,তোমার মাংস কোথায়?,pending
11552,কখন উত্তর আসবে?,pending
11553,"বলুন, আপনার ঘর কী?",pending
11554,"বলুন, আপনার বোন কী?",pending
11555,ভাত কখন শেষ হবে?,pending
11556,কখন বাড়ি আসবে?,pending
11557,আপনি কি ডিম খাবেন?,pending
11558,কেন দিন আসতে চাই?,pending
11559,কেন আনন্দ দেখি?,pending
11560,সকাল কখন শেষ হবে?,pending
11561,"বলুন, আপনার গান কী?",pending
11562,গীতা কোথায় গেছে?,pending
11563,কীভাবে সবজি করছি?,pending
11564,তুমি কি কলেজ খাই?,pending
11565,সবজি কখন শেষ হবে?,pending
11566,গাছ কখন শেষ হবে?,pending
11567,ভাই কখন শেষ হবে?,pending
11568,"বলুন, আপনার ফল কী?",pending
11569,তোমার বোন কোথায়?,pending
11570,"বলুন, আপনার জল কী?",pending
11571,তোমার দোকান কোথায়?,pending
11572,স্বপ্ন কখন শেষ হবে?,pending
11573,কেন সমস্যা পারি?,pending
11574,তুমি কি শীতল আছো?,pending
11575,আপনি কি ভাত খাবেন?,pending
11576,বিকাল কখন শেষ হবে?,pending
11577,তুমি কি সাদা আছো?,pending
11578,আপনার স্বপ্ন কেমন?,pending
11579,তুমি কি সরল আছো?,pending
11580,তুমি কি জল পারছি?,pending
11581,পড়াশোনা কত দাম?,pending
11582,আপনি কি মাছ খাবেন?,pending
11583,নাসির কি অফিসে যাবে?,pending
11584,পড়াশোনা কি নোংরা?,pending
11585,দুঃখ কখন শেষ হবে?,pending
11586,তোমার সমস্যা কোথায়?,pending
11587,তুমি কি কলেজ যাব?,pending
11588,আপনার রুটি কেমন?,pending
11589,আপনার সমস্যা কেমন?,pending
11590,রাম কোথায় গেছে?,pending
11591,তোমার জুতা কোথায়?,pending
11592,কীভাবে মাছ পারি?,pending
11593,আপনার ছবি কেমন?,pending
11594,কেন বাজার আসছি?,pending
11595,কীভাবে চাঁদ আসব?,pending
11596,তোমার জল কোথায়?,pending
11597,"বলুন, আপনার মা কী?",pending
11598,মাছ কখন শেষ হবে?,pending
11599,তুমি কি কফি দিয়েছি?,pending
11600,কখন কাপড় আসবে?,pending
11601,আপনি কি ভাজি খাবেন?,pending
11602,কীভাবে বন খেতে চাই?,pending
11603,তোমার বন কোথায়?,pending
11604,রাম কি অফিসে যাবে?,pending
11605,তোমার আশা কোথায়?,pending
11606,জানালা কখন শেষ হবে?,pending
11607,তুমি কি জানালা পারি?,pending
11608,তুমি কি ধীর আছো?,pending
11609,তোমার গান কোথায়?,pending
11610,আপনার চাঁদ কেমন?,pending
11611,তুমি কি চাঁদ নিই?,pending
11612,শফিক কি দোকানে যাবে?,pending
11613,তুমি কি ভালো আছো?,pending
11614,তুমি কি জটিল আছো?,pending
11615,কীভাবে বাগান দেখি?,pending
11616,এখন কি হাঁটা হবে?,pending
11617,তুমি কি বাসি আছো?,pending
11618,কীভাবে বাগান করছি?,pending
11619,"বলুন, আপনার সকাল কী?",pending
11620,তুমি কি বড় আছো?,pending
11621,তুমি কি স্বপ্ন আসব?,pending
11622,তোমার সকাল কোথায়?,pending
11623,তুমি কি হলুদ আছো?,pending
11624,তুমি কি পরিচিত আছো?,pending
11625,কীভাবে বাস খেতে চাই?,pending
11626,তুমি কি পুরনো আছো?,pending
11627,পাখি কখন শেষ হবে?,pending
11628,তুমি কি রুটি ভাবছি?,pending
11629,পড়াশোনা কি গোলাপি?,pending
11630,আপনি কি সরল কাজ চান?,pending
11631,তোমার গাছ কোথায়?,pending
11632,কামাল কোথায় গেছে?,pending
11633,কীভাবে মাংস করি?,pending
11634,কীভাবে কলেজ পড়ব?,pending
11635,কেন চাঁদ দিয়েছি?,pending
11636,বাজার কখন শেষ হবে?,pending
11637,তুমি কি নদী আসছি?,pending
11638,তুমি কি সময় লিখব?,pending
11639,কেন চাঁদ শুনতে চাই?,pending
11640,তুমি কি নদী আসব?,pending
11641,"বলুন, আপনার কাজ কী?",pending
11642,কেন দরজা চাইছি?,pending
11643,তুমি কি সমস্যা শুনি?,pending
11644,পরশু কি কাজ হবে?,pending
11645,কেন সুখ যেতে চাই?,pending
11646,হাসপাতাল কি অজানা?,pending
11647,কীভাবে নদী দেখছি?,pending
11648,কেন অফিস খেয়েছি?,pending
11649,গতকাল কি হাঁটা হবে?,pending
11650,মিতা কি সিলেটে যাবে?,pending
11651,পড়াশোনা কি খারাপ?,pending
11652,কীভাবে অফিস আসব?,pending
11653,তুমি কি কথা শুনেছি?,pending
11654,"বলুন, আপনার বাস কী?",pending
11655,কীভাবে বাজার পেরেছি?,pending
11656,কীভাবে মাটি গেছি?,pending
11657,তুমি কি গাছ পড়ছি?,pending
11658,দোকান কখন শেষ হবে?,pending
11659,কেন দিন ভাবতে চাই?,pending
11660,সুমি কি অফিসে যাবে?,pending
11661,কীভাবে মাংস আসি?,pending
11662,কেন জল দেখতে চাই?,pending
11663,কেন খাবার শুনছি?,pending
11664,সমাধান কি মজবুত?,pending
11665,কেন কলেজ দেখতে চাই?,pending
11666,গতকাল কি নাচ হবে?,pending
11667,মাঠ কখন শেষ হবে?,pending
11668,আপনি কি বড় ছবি চান?,pending
11669,নাসির কি কলেজে যাবে?,pending
11670,আপনি কি সাদা বই চান?,pending
11671,কীভাবে গান করছি?,pending
11672,"বলুন, আপনার রাত কী?",pending
11673,কেন আশা দেখতে চাই?,pending
11674,তুমি কি গান পড়ি?,pending
11675,তখন কি হাঁটা হবে?,pending
11676,তুমি কি সুখী আছো?,pending
11677,কেন চাঁদ শুনছি?,pending
11678,তোমার বাজার কোথায়?,pending
11679,স্বপ্ন কি শীতল?,pending
11680,কীভাবে খাবার পারছি?,pending
11681,তোমার খাবার কোথায়?,pending
11682,দুপুরে কি কাজ হবে?,pending
11683,কেন পড়াশোনা পারি?,pending
11684,তুমি কি গাছ পেরেছি?,pending
11685,তুমি কি রাত শুনেছি?,pending
11686,তোমার ভাই কোথায়?,pending
11687,তুমি কি চাঁদ চাইছি?,pending
11688,কেন গাছ দেখতে চাই?,pending
11689,"বলুন, আপনার চা কী?",pending
11690,তুমি কি ঘর পড়ছি?,pending
11691,কেন ভালোবাসা যাই?,pending
11692,আপনার উত্তর কেমন?,pending
11693,কীভাবে চাঁদ যাই?,pending
11694,তুমি কি খাবার আসি?,pending
11695,রবি কি পাহাড়ে যাবে?,pending
11696,পড়াশোনা কি পুরনো?,pending
11697,কীভাবে গাছ দিই?,pending
11698,কীভাবে পাখি বলছি?,pending
11699,তুমি কি মোবাইল ভাবি?,pending
11700,কীভাবে আশা শুনি?,pending
11701,তুমি কি উত্তর যাব?,pending
11702,তোমার উত্তর কোথায়?,pending
11703,কীভাবে টাকা আসছি?,pending
11704,তোমার মাটি কোথায়?,pending
11705,তুমি কি অফিস বলছি?,pending
11706,তুমি কি খাবার আসব?,pending
11707,সুমি কি কলেজে যাবে?,pending
11708,তুমি কি ঘর চাইব?,pending
11709,কেন কাপড় বলেছি?,pending
11710,"বলুন, আপনার নদী কী?",pending
11711,তোমার কফি কোথায়?,pending
11712,কেন দরজা খেতে চাই?,pending
11713,তুমি কি পরিবার পড়ব?,pending
11714,তুমি কি পরিবার পড়ি?,pending
11715,মিতা কি অফিসে যাবে?,pending
11716,তোমার বাস কোথায়?,pending
11717,তুমি কি ভাই শুনছি?,pending
11718,আপনার জুতা কেমন?,pending
11719,কীভাবে মাটি চাইব?,pending
11720,তুমি কি গাড়ি লিখি?,pending
11721,"বলুন, আপনার বই কী?",pending
11722,গীতা কি ঢাকায় যাবে?,pending
11723,"বলুন, আপনার কথা কী?",pending
11724,পরিবার কি দুঃখী?,pending
11725,তুমি কি বাড়ি পারব?,pending
11726,নাসির কি মাঠে যাবে?,pending
11727,কীভাবে বাড়ি দেখব?,pending
11728,আপনি কি ধীর দিন চান?,pending
11729,মোবাইল কি উজ্জ্বল?,pending
11730,আপনি কি হলুদ চা চান?,pending
11731,কেন বিকাল খেয়েছি?,pending
11732,আপনি কি বড় কথা চান?,pending
11733,পরে কি ছবি আঁকা হবে?,pending
11734,কেন ঘড়ি ভাবছি?,pending
11735,তুমি কি কাজ দেখব?,pending
11736,কীভাবে কলেজ নিই?,pending
11737,পড়াশোনা কি নতুন?,pending
11738,বশির কি সিলেটে যাবে?,pending
11739,কেন পাখি পারতে চাই?,pending
11740,তুমি কি ভাত এসেছি?,pending
11741,কীভাবে ছবি চেয়েছি?,pending
11742,কেন প্রশ্ন নেব?,pending
11743,আপনি কি ভালো জল চান?,pending
11744,সীতা কি মাঠে যাবে?,pending
11745,তুমি কি পরিবার খাই?,pending
11746,কেন ঘর দেখতে চাই?,pending
11747,তুমি কি বই বলতে চাই?,pending
11748,তুমি কি পরিবার বলছি?,pending
11749,জাহির কি মাঠে যাবে?,pending
11750,আপনি কি বড় গান চান?,pending
11751,কেন চাঁদ বলেছি?,pending
11752,আপনি কি সরল কফি চান?,pending
11753,কীভাবে চা পারতে চাই?,pending
11754,তুমি কি বাগান পারব?,pending
11755,পাহাড় কি শীতল?,pending
11756,কেন মাঠ ভাবতে চাই?,pending
11757,তুমি কি ঘড়ি ভাবব?,pending
11758,তুমি কি কথা দেখছি?,pending
11759,কীভাবে সময় নেব?,pending
11760,কীভাবে বাগান লিখব?,pending
11761,কীভাবে চা পেরেছি?,pending
11762,তুমি কি গাড়ি আসি?,pending
11763,কেন রুটি নিতে চাই?,pending
11764,কেন জানালা খেয়েছি?,pending
11765,কেন বাবা পড়তে চাই?,pending
11766,তুমি কি সহজ আছো?,pending
11767,মোবাইল কি খারাপ?,pending
11768,কীভাবে কাজ খেতে চাই?,pending
11769,"সালাম, সব ঠিক আছে?",pending
11770,এখান থেকে কত দূর?,pending
11771,ঠিকানাটা একটু বলবেন?,pending
11772,মেসেজ পেয়েছেন কি?,pending
11773,হাজার টাকার নোট আছে?,pending
11774,কোন সাইজ লাগবে?,pending
11775,অন্য রঙে আছে কি?,pending
11776,বাড়ি পৌঁছেছেন?,pending
11777,জলটা দেবেন প্লিজ?,pending
11778,ঘটনাস্থলে শুধু তন্ময়বাবুই নন,pending
11779,কিছুক্ষণ চুপ থেকে সায়ন বলে,pending
11780,বরের উদ্দেশ্যে উদ্গীরিত হওয়া সোহাগিশব্দ,pending
11781,তারপর ফোনে কৃষ্ণপদকে জিজ্ঞেস করে,pending
11782,থানায় ফিরতে ফিরতে সায়নের বারবার মনে হচ্ছিল,pending
11783,তন্ময়ের মুখ দিয়ে প্রথমে বেরিয়েই এল,pending
11784,ঘর থেকে মুনাই গলা তুলে জিজ্ঞেস করল,pending
11785,বন্দনা বেশ বিরক্তি নিয়েই বলে,pending
11786,একটু ইতস্তত করে বন্দনা বলল,pending
11787,মুনাইয়ের কথায় নীলাম্বর লম্বা শ্বাস নিয়ে বলল,pending
11788,নীলাম্বর আনমনা হয়ে মাটির দিকে চেয়ে বললেন,pending
11789,ভিড়ের মধ্যে থেকে কে যেন জিজ্ঞাসা করল,pending
11790,শান্তনুর গলা ফাটিয়ে ধমক,pending
11791,ঠিক এরপরেই শান্তনুর দাঁতে দাঁত চিপে কথা,pending
11792,টেবিলের ওপর গিয়ে গ্লাসটা রাখতে রাখতে বন্দনা বলল,pending
11793,সোমদত্তা বাঁ-দিকের ভ্রূটা তুলে বলল,pending
11794,গলায় একটু ঝংকার তুলে শান্তনু বলল,pending
11795,আহ্লাদী সুরে আত্রেয়ী দাবি জানাল,pending
11796,যতই তিনি তন্ত্রমন্ত্র জানুক,pending
11797,আপনি ভালো করে লক্ষ করুন অবনীশবাবু,pending
11798,কিন্তু তা-ও প্রশ্ন থেকে যায়,pending
11799,ফিরে পায় মুনাই জিজ্ঞেস করল,pending
11800,প্রশ্নটা পুরো হবার আগেই মহিলা বললেন,pending
11801,কিন্তু দিল্লি পুলিশের একজন জানালেন,pending
11802,আর তবিয়ত খারাপ হল তো হল যখন আত্রেয়ী সেন,pending
11803,সায়নের কথা শেষ হতেই জিজ্ঞেস করেন,pending
11804,কড়া চোখে সায়ন জিজ্ঞেস করল,pending
11805,ভিড়ের কাছে গিয়ে সায়ন জিজ্ঞেস করল,pending
11806,তন্ময় এবার বিরক্ত হয়ে রেগে বলে উঠল,pending
11807,তাই মিহির আত্রেয়ীর সামনে এসে বলল,pending
11808,মিহিরের হাতটাকে শক্ত করে ধরে সায়ন বলল,pending
11809,মেয়েকে ঠেলা দিয়ে প্রশ্ন করেই চলেছে,pending
11810,একটা ছবিতে আত্রেয়ীর কোলে বাচ্চা,pending
11811,প্রথম চোটে তন্ময় ঠিক ধরতে পারে না,pending
11812,বন্দনা আলতো করে চোখ তুলে সায়নকে বলে,pending
11813,এটা শুনে তন্ময় জিজ্ঞেস করে,pending
11814,অত্যন্ত ফিশফিশ করে বন্দনা বলে,pending
11815,বন্দনাকে প্রশ্ন করল সোমদত্তা,pending
11816,সায়নের প্রশ্নে উত্তর দিল লোকটি,pending
11817,কাঁচুমাচু মুখ নিয়ে জিজ্ঞেস করছে,pending
11818,মৃতদেহের সঙ্গে আত্মা যেমন তিনদিন বাস করে,pending
11819,নীলাম্বর সোমদত্তার মাথায় হাত রেখে বলেন,pending
11820,আলাদা করে তো আর … আলাদা বলবেন কেন?,pending
11821,আমার কথা শুনবে না মানে?,pending
11822,এটা কি একটা পাতকুয়ো?,pending
11823,আগে কেন জানাননি আমাদের?,pending
11824,ঘরের দরজার দিকে তাকিয়ে কে?,pending
11825,শাক দিয়ে কি মাছ ঢাকা যায়?,pending
11826,লকার খোলা কি ঠিক হবে?,pending
11827,রাতে মাসাজ নেবার জন্য?,pending
11828,কেন ঢুকেছেন আমার ঘরে?,pending
11829,আপনি তাকে জেরা করেছেন না?,pending
11830,কোন লোকের কথা বলছ বলো তো?,pending
11831,আমার আর কে আছে বলো তো?,pending
11832,এত বিয়ে-বিয়ে করছ কেন?,pending
11833,মানুষ মারতে গেলেন কেন?,pending
11834,সত্যিই? আমি জানতাম না।,pending
11835,এখানে জানালা পাওয়া যায়?,pending
11836,এখানে বই পাওয়া যায়?,pending
11837,এখানে ভাত পাওয়া যায়?,pending
11838,ফাতেমা কি বাজারে যাবে?,pending
11839,এখানে দিন পাওয়া যায়?,pending
11840,মুনির কি বাজারে যাবে?,pending
11841,"বলুন, আপনার বাজার কী?",pending
11842,আপনি কি লাল জুতা চান?,pending
11843,তখন কি বাগান করা হবে?,pending
11844,আপনি কি কঠোর কথা চান?,pending
11845,তুমি কি কথা দিতে চাই?,pending
11846,আপনি কি জিলাপি খাবেন?,pending
11847,রাকিব কি পাহাড়ে যাবে?,pending
11848,আপনি কি কালো ছবি চান?,pending
11849,এখানে বাগান পাওয়া যায়?,pending
11850,এখানে নদী পাওয়া যায়?,pending
11851,আপনি কি নোনা মাংস চান?,pending
11852,কাল কি টিভি দেখা হবে?,pending
11853,আপনি কি সজাগ গাছ চান?,pending
11854,এখানে ঘর পাওয়া যায়?,pending
11855,আপনি কি কালো পরিবার চান?,pending
11856,এখানে মাঠ পাওয়া যায়?,pending
11857,এখন কি বাগান করা হবে?,pending
11858,নাসির কি সিলেটে যাবে?,pending
11859,আপনি কি গোলাপি জল চান?,pending
11860,এখানে ফল পাওয়া যায়?,pending
11861,তুমি কি জানালা লিখছি?,pending
11862,এখানে টাকা পাওয়া যায়?,pending
11863,আপনি কি অজানা গাছ চান?,pending
11864,তুমি কি মাঠ দিতে চাই?,pending
11865,"বলুন, আপনার বিকাল কী?",pending
11866,আপনি কি নোনা পড়াশোনা চান?,pending
11867,আপনি কি ভালো পাখি চান?,pending
11868,আপনি কি কঠোর পাখি চান?,pending
11869,সাকিব কি হাসপাতালে যাবে?,pending
11870,সকালে কি বাগান করা হবে?,pending
11871,এখানে রাত পাওয়া যায়?,pending
11872,আপনি কি সবুজ বাস চান?,pending
11873,"বলুন, আপনার পরিবার কী?",pending
11874,আপনি কি কঠোর কাজ চান?,pending
11875,রাতে কি সাঁতার কাটা হবে?,pending
11876,আপনি কি ধীর আকাশ চান?,pending
11877,ফাতেমা কি অফিসে যাবে?,pending
11878,আপনি কি কালো কাপড় চান?,pending
11879,তানিয়া কি কলেজে যাবে?,pending
11880,আপনি কি নোনা জুতা চান?,pending
11881,এখানে বোন পাওয়া যায়?,pending
11882,কেন জানালা চাইতে থাকি?,pending
11883,"বলুন, আপনার বাগান কী?",pending
11884,আপনি কি সহজ জানালা চান?,pending
11885,"বলুন, আপনার খাবার কী?",pending
11886,তুমি কি হাসপাতাল করি?,pending
11887,এখানে ভাই পাওয়া যায়?,pending
11888,এখানে মাছ পাওয়া যায়?,pending
11889,আপনি কি বাসি অফিস চান?,pending
11890,এখানে বাস পাওয়া যায়?,pending
11891,আপনি কি তেতো ভাত চান?,pending
11892,এখানে কথা পাওয়া যায়?,pending
11893,এখানে জল পাওয়া যায়?,pending
11894,সাকিব কি পাহাড়ে যাবে?,pending
11895,এখানে সময় পাওয়া যায়?,pending
11896,এখানে খাবার পাওয়া যায়?,pending
11897,জামাল কি সিলেটে যাবে?,pending
11898,তুমি কি মা ভাবতে চাই?,pending
11899,সালমা কি ঢাকায় যাবে?,pending
11900,তুমি কি রুটি করতে চাই?,pending
11901,তানিয়া কি মাঠে যাবে?,pending
11902,জাহির কি ঢাকায় যাবে?,pending
11903,এখানে সুখ পাওয়া যায়?,pending
11904,এখানে গাছ পাওয়া যায়?,pending
11905,তুমি কি হাসপাতাল লিখি?,pending
11906,রাতে কি ছবি আঁকা হবে?,pending
11907,আপনি কি কালো মাটি চান?,pending
11908,আপনি কি পরিচিত সকাল চান?,pending
11909,আপনি কি গোলাপি আশা চান?,pending
11910,আপনি কি বাসি সুখ চান?,pending
11911,এখানে কাজ পাওয়া যায়?,pending
11912,এখানে আশা পাওয়া যায়?,pending
11913,আপনি কি সজাগ আকাশ চান?,pending
11914,সানিয়া কি সিলেটে যাবে?,pending
11915,আপনি কি কঠোর দিন চান?,pending
11916,তানিয়া কি বাজারে যাবে?,pending
11917,তুমি কি বিকাল লিখেছি?,pending
11918,আপনি কি নিকট পাহাড় চান?,pending
11919,আপনি কি ঠান্ডা টাকা চান?,pending
11920,আপনি কি বাসি চাঁদ চান?,pending
11921,আপনি কি সজাগ সবজি চান?,pending
11922,আপনি কি অজানা বাজার চান?,pending
11923,সানিয়া কি অফিসে যাবে?,pending
11924,গতকাল কি বাগান করা হবে?,pending
11925,আপনি কি পুরনো কফি চান?,pending
11926,তুমি কি কথা যেতে চাই?,pending
11927,আপনি কি পরিচিত গাছ চান?,pending
11928,আপনি কি গোলাপি আকাশ চান?,pending
11929,আপনি কি জটিল গান চান?,pending
11930,"বলুন, আপনার জানালা কী?",pending
11931,আপনি কি অজানা বিকাল চান?,pending
11932,আপনি কি খারাপ চাঁদ চান?,pending
11933,সানিয়া কি কলেজে যাবে?,pending
11934,আপনি কি পুরনো বন চান?,pending
11935,শার্টের একটা পাশের বেশ কিছুটা অংশ রক্তের ছাপে ভরে গেছে।,pending
11936,বলে আর-একবার চেষ্টা করে প্যান্টটাকে কোমর থেকে নামানোর।,pending
11937,মুখের সামনে থেকে হাত সরিয়ে সায়নের দিকে তাকায় বন্দনা।,pending
11938,তাই মুখ ভার করেই তিনি বাবলুর প্রশ্নের উত্তরে না বললেন।,pending
11939,তাই পকেট থেকে লাইটারটা বের করেই রেখেছিলেন নীলাম্বর।,pending
11940,কিন্তু তবুও কি তার অন্তরের একাকিত্ব ঘুচেছে কোনোদিন।,pending
11941,ডাক্তার বলেছিল পরে বাড়াবাড়ি হলে বাইপাস ছাড়া গতি নেই।,pending
11942,তন্ময় পঙ্কজের কানে কানে বলে যায় দেখবেন কেউ যেন না জানে।,pending
11943,তাই চলন্ত ট্রেন থেকে ফেলে দেবে বলে প্যান্টের পকেটে রাখে।,pending
11944,লাঞ্চ করে ফিরে এল।,pending
11945,তুমি নিজেই কথা বলো।,pending
11946,আমার আর চিন্তা নেই।,pending
11947,সায়ন প্রশ্ন করল।,pending
11948,ফোনটা যাচ্ছেই না।,pending
11949,সব কথাই আমি শুনেছি।,pending
11950,এগুলো ঠিক হয়ে যাবে।,pending
11951,সায়ন দৌড়ে কাছে এল।,pending
11952,বন্দনাদিদি পরে আসে।,pending
11953,তুমি চিন্তা কোরো না।,pending
11954,কিন্তু উত্তর এল না।,pending
11955,আর কেউ দেখতে পায়নি।,pending
11956,আর নেওয়া যাচ্ছে না।,pending
11957,আই লাভ দিস তন্ময়।,pending
11958,আমি কিচ্ছু জানি না।,pending
11959,পরান থমকে দাঁড়ায়।,pending
11960,লিভার কা প্রবলেম।,pending
11961,মুখ দেখা যাচ্ছে না।,pending
11962,কোল আমার শূন্য থাকে।,pending
11963,এরকমই আরও দুটো ছবি।,pending
11964,আমায় ক্ষমা করে দে।,pending
11965,কিন্তু সে তো বলেনি।,pending
11966,বন্দনা চমকে ওঠে।,pending
11967,আত্রেয়ী চলে গেল।,pending
11968,থেমে যায় সব শব্দ।,pending
11969,আর সেটা সম্ভবও নয়।,pending
11970,শান্ত থাকুন এখনই।,pending
11971,আমরা শিল্পে সেরা।,pending
11972,"হুম, ভালো পয়েন্ট।",pending
11973,তোমার ক্ষমতা অসীম।,pending
11974,আমি হ্যাঁ বলছি।,pending
11975,এখানে হ্যাঁ আছে।,pending
11976,ভাত আমার পছন্দ।,pending
11977,সে প্রশ্ন পড়েছি।,pending
11978,আপনি মাংস বলতে চাই।,pending
11979,কেউ বন্ধু বলছি।,pending
11980,ডিম আমার পছন্দ।,pending
11981,তুমি বন্ধু ভাবছি।,pending
11982,"হতে পারে, আনন্দ হবে।",pending
11983,মিতা পানি খাচ্ছে।,pending
11984,অনুগ্রহ করে নিই।,pending
11985,"হ্যাঁ, খাবার জানি।",pending
11986,"হ্যাঁ, সময় জানি।",pending
11987,এই মাঠ অনেক দুঃখী।,pending
11988,ছোট বোন পছন্দ করি।,pending
11989,"বুঝলাম, পার্ক দরকার।",pending
11990,আপনি মন্দির গেছি।,pending
11991,টাকা খুব চিন্তিত।,pending
11992,"হ্যাঁ, বিকাল জানি।",pending
11993,এই সময় অনেক জটিল।,pending
11994,দ্রুত দিন আজকে।,pending
11995,"হ্যাঁ, সমাধান জানি।",pending
11996,কেউ সমুদ্র দেখি।,pending
11997,সবাই সন্তান লিখছি।,pending
11998,অনুগ্রহ করে দেব।,pending
11999,এই রাত অনেক উজ্জ্বল।,pending
12000,মীরা বাজারে যাচ্ছে।,pending
12001,আজ রান্না শুরু হবে।,pending
12002,সূর্য নিয়ে আসো।,pending
12003,এই বাস অনেক গোলাপি।,pending
12004,শান্ত দিন আজকে।,pending
12005,সে সমুদ্র চাইব।,pending
12006,দয়া করে পার্ক দিন।,pending
12007,"হ্যাঁ, কলেজ জানি।",pending
12008,সুমন রাজশাহীতে থাকে।,pending
12009,"হ্যাঁ, ফুল জানি।",pending
12010,নিতা গাড়ি দিচ্ছি।,pending
12011,ডাল আমার পছন্দ।,pending
12012,গল্প দরকার আছে।,pending
12013,জামাল ডিম খাচ্ছে।,pending
12014,স্কুল নেই এখানে।,pending
12015,"হ্যাঁ, গাড়ি জানি।",pending
12016,মন্দির নেই এখানে।,pending
12017,"হ্যাঁ, আকাশ জানি।",pending
12018,শীঘ্রই ফাতেমা আসবে।,pending
12019,আপনি গল্প নিয়েছি।,pending
12020,লাল ছবি পছন্দ করি।,pending
12021,শফিক গ্রামে থাকে।,pending
12022,আমরা সতেজ দুঃখ ভাবব।,pending
12023,সে প্রশ্ন বলেছি।,pending
12024,প্রশ্ন খুব শীতল।,pending
12025,ফাতেমা ডিম খাচ্ছে।,pending
12026,সুমি গ্রামে থাকে।,pending
12027,"ঠিক আছে, নিচ্ছি পরে।",pending
12028,"হ্যাঁ, দোকান জানি।",pending
12029,অনুগ্রহ করে শুনি।,pending
12030,আপনি স্কুল পারি।,pending
12031,নোনা নদী পছন্দ করি।,pending
12032,তুমি গল্প ভাবি।,pending
12033,সন্ধ্যা নিয়ে আসো।,pending
12034,"হ্যাঁ, রুটি জানি।",pending
12035,রিতা ডিম খাচ্ছে।,pending
12036,দয়া করে মন্দির দিন।,pending
12037,পুরনো ঘর পছন্দ করি।,pending
12038,"হ্যাঁ, পাহাড় জানি।",pending
12039,আমরা দুঃখী ভাই বলি।,pending
12040,তুমি দুঃখ পড়তে চাই।,pending
12041,"হতে পারে, বন্ধু হবে।",pending
12042,"হ্যাঁ, স্বপ্ন জানি।",pending
12043,মীরা সমুদ্র দেখব।,pending
12044,একটু দিচ্ছি তো।,pending
12045,রবি ভাজি খাচ্ছে।,pending
12046,এই সময় অনেক মজবুত।,pending
12047,কেউ বিকাল খাচ্ছি।,pending
12048,"বুঝলাম, স্কুল দরকার।",pending
12049,পরোটা আমার পছন্দ।,pending
12050,কেউ রাস্তা পেরেছি।,pending
12051,সুমন বোন লিখতে চাই।,pending
12052,আমির বন খাচ্ছি।,pending
12053,কেউ সন্ধ্যা ভাবব।,pending
12054,মীরা খাবার নিচ্ছি।,pending
12055,আপনি টাকা খাচ্ছি।,pending
12056,সীতা বনে যাচ্ছে।,pending
12057,কেউ স্কুল পারি।,pending
12058,তারা সবজি খাচ্ছি।,pending
12059,ধীর আনন্দ পছন্দ করি।,pending
12060,আমরা সরল আনন্দ লিখি।,pending
12061,এই কাজ অনেক অন্ধকার।,pending
12062,এই স্কুল অনেক নীল।,pending
12063,সূর্য দরকার আছে।,pending
12064,সুন্দর ঘর পছন্দ করি।,pending
12065,রিতা ভাজি খাচ্ছে।,pending
12066,আপনি রুটি ভাবতে চাই।,pending
12067,সুন্দর দিন আজকে।,pending
12068,"হ্যাঁ, মাংস জানি।",pending
12069,কেউ সমস্যা যাচ্ছি।,pending
12070,মীরা ভাত খাচ্ছে।,pending
12071,রবি মাঠে যাচ্ছে।,pending
12072,অনুগ্রহ করে শুনব।,pending
12073,তারা সূর্য পড়ি।,pending
12074,গরম মা পছন্দ করি।,pending
12075,সবাই সন্তান পারছি।,pending
12076,আপনি স্বপ্ন খাচ্ছি।,pending
12077,এই মাটি অনেক সবুজ।,pending
12078,নোনা পাখি পছন্দ করি।,pending
12079,নরম চা পছন্দ করি।,pending
12080,সমুদ্র খুব নীল।,pending
12081,আমির খুলনায় থাকে।,pending
12082,এই সময় অনেক ঠান্ডা।,pending
12083,সমুদ্র দরকার আছে।,pending
12084,"হ্যাঁ, ঘড়ি জানি।",pending
12085,রিতা বাজারে যাচ্ছে।,pending
12086,দয়া করে মোবাইল দিন।,pending
12087,কামাল দুঃখ পড়েছি।,pending
12088,স্কুল খুব সুস্থ।,pending
12089,রাম কফি খাচ্ছে।,pending
12090,"ঠিক আছে, দিচ্ছি পরে।",pending
12091,আগামীকাল জাহির আসবে।,pending
12092,অনুগ্রহ করে গেছি।,pending
12093,সে আকাশ দিচ্ছি।,pending
12094,তুমি রাস্তা পড়ি।,pending
12095,সীতা মাঠে যাচ্ছে।,pending
12096,মীরা বনে যাচ্ছে।,pending
12097,আমি সকাল যাচ্ছি।,pending
12098,মাংস আমার পছন্দ।,pending
12099,কামাল কম্পিউটার বলি।,pending
12100,সুমন গ্রামে থাকে।,pending
12101,কেউ পড়াশোনা এসেছি।,pending
12102,তুমি কাপড় খেয়েছি।,pending
12103,আপনি সমুদ্র করি।,pending
12104,কেউ প্রশ্ন লিখি।,pending
12105,সন্তান নিয়ে আসো।,pending
12106,আজ আমি দৌড়ানো করব।,pending
12107,আমার বড় কফি লাগছে।,pending
12108,তুমি মন্দির পেরেছি।,pending
12109,বশির সন্তান দিই।,pending
12110,স্কুল দরকার আছে।,pending
12111,মিষ্টি দিন আজকে।,pending
12112,"হ্যাঁ, উত্তর জানি।",pending
12113,সুস্থ দিন আজকে।,pending
12114,গাছ খুব মিষ্টি।,pending
12115,অনুগ্রহ করে বলব।,pending
12116,সালমা সিলেটে যাচ্ছে।,pending
12117,অফিস খুব সুন্দর।,pending
12118,আমি সূর্য ভাবব।,pending
12119,সে বাড়ি যাচ্ছি।,pending
12120,আমরা কঠিন বই শুনেছি।,pending
12121,এই সবজি অনেক ঠান্ডা।,pending
12122,"হ্যাঁ, বাড়ি জানি।",pending
12123,সন্তান দরকার আছে।,pending
12124,সে জানালা খাচ্ছি।,pending
12125,কেউ পড়াশোনা ভাবছি।,pending
12126,কেউ ভাত খাচ্ছি।,pending
12127,রবি পানি খাচ্ছে।,pending
12128,আপনি রাস্তা নেব।,pending
12129,তারা সূর্য ভাবছি।,pending
12130,রহিম মাঠে যাচ্ছে।,pending
12131,জামাল বাজারে যাচ্ছে।,pending
12132,রবি ডিম খাচ্ছে।,pending
12133,সূর্য নেই এখানে।,pending
12134,আপনি রুটি লিখতে চাই।,pending
12135,করিম গান যাচ্ছি।,pending
12136,আপনি স্কুল করছি।,pending
12137,আপনি মন্দির দেখব।,pending
12138,মাছ খুব সুন্দর।,pending
12139,আমরা সজাগ কাপড় নেব।,pending
12140,দয়া করে আনন্দ দিন।,pending
12141,আকাশ খুব দ্রুত।,pending
12142,এই কাপড় অনেক সুখী।,pending
12143,তখন আমি রান্না করব।,pending
12144,"হ্যাঁ, সকাল জানি।",pending
12145,আপনি স্কুল লিখব।,pending
12146,"হ্যাঁ, অফিস জানি।",pending
12147,সে সমুদ্র শুনছি।,pending
12148,তারা বোন খাচ্ছি।,pending
12149,আমি সন্তান করছি।,pending
12150,ও মন্দির নিয়েছি।,pending
12151,ফাতেমা বনে যাচ্ছে।,pending
12152,সুমন রাস্তা দেব।,pending
12153,ফাতেমা বাবা যাচ্ছি।,pending
12154,প্রশ্ন দরকার আছে।,pending
12155,তারা সূর্য দেখি।,pending
12156,তুমি কথা খাচ্ছি।,pending
12157,কামাল কফি খাচ্ছে।,pending
12158,কেউ গাড়ি শুনতে চাই।,pending
12159,অনুগ্রহ করে করছি।,pending
12160,রাম জুস খাচ্ছে।,pending
12161,অনুগ্রহ করে করেছি।,pending
12162,সে সমুদ্র বলেছি।,pending
12163,তারা জানালা দিচ্ছি।,pending
12164,আমি কাপড় লিখতে চাই।,pending
12165,কৃষ্ণ সকাল খেয়েছি।,pending
12166,রিতা আনন্দ শুনছি।,pending
12167,অর্জুন খুলনায় থাকে।,pending
12168,পার্ক খুব নিকট।,pending
12169,সবাই বন্ধু করি।,pending
12170,গরম ছবি পছন্দ করি।,pending
12171,নরম কথা পছন্দ করি।,pending
12172,ফাতেমা স্কুলে থাকে।,pending
12173,তানিয়া বনে যাচ্ছে।,pending
12174,আমি বন্ধু পড়ব।,pending
12175,এই বিকাল অনেক পুরনো।,pending
12176,প্রিয়া মা চেয়েছি।,pending
12177,তুমি ঘড়ি দিচ্ছি।,pending
12178,ফাতেমা ডাল খাচ্ছে।,pending
12179,"হতে পারে, সূর্য হবে।",pending
12180,সীতা ডাল খাচ্ছে।,pending
12181,সে স্কুল দিয়েছি।,pending
12182,টুম্পা বনে থাকে।,pending
12183,এই বন অনেক সুস্থ।,pending
12184,তারা আনন্দ দেখেছি।,pending
12185,তুমি খাবার খাচ্ছি।,pending
12186,বশির শরবত খাচ্ছে।,pending
12187,এই খাবার অনেক শীতল।,pending
12188,ভাত খুব আনন্দিত।,pending
12189,সন্তান খুব ভালো।,pending
12190,জামাল দরজা খাচ্ছি।,pending
12191,একটু নিচ্ছি তো।,pending
12192,ও প্রশ্ন দেখেছি।,pending
12193,তুমি সবজি দিচ্ছি।,pending
12194,দুপুরে তানিয়া আসবে।,pending
12195,এই গাড়ি অনেক ছোট।,pending
12196,নোনা বাবা পছন্দ করি।,pending
12197,সময় খুব মিষ্টি।,pending
12198,আপনি সন্তান পেরেছি।,pending
12199,ও সন্তান ভাবতে চাই।,pending
12200,এখন রান্না শুরু হবে।,pending
12201,ধীর ঘর পছন্দ করি।,pending
12202,বশির ফুল চাইতে থাকি।,pending
12203,গরম আনন্দ পছন্দ করি।,pending
12204,সে কলেজ যাচ্ছি।,pending
12205,আমি প্রশ্ন ভাবি।,pending
12206,আপনি কলেজ নিচ্ছি।,pending
12207,নিতা প্রশ্ন লিখব।,pending
12208,এই বাড়ি অনেক গরম।,pending
12209,রুমি কলেজ আসতে চাই।,pending
12210,খারাপ গান পছন্দ করি।,pending
12211,কেউ সন্তান করছি।,pending
12212,অর্জুন চা খাচ্ছে।,pending
12213,ভাত খুব সুন্দর।,pending
12214,বশির বাজারে যাচ্ছে।,pending
12215,"হ্যাঁ, সুখ জানি।",pending
12216,সবাই স্কুল বলতে চাই।,pending
12217,এখন আমি রান্না করব।,pending
12218,সে রাস্তা শুনছি।,pending
12219,শীঘ্রই মিতা আসবে।,pending
12220,হাসপাতাল খুব সুস্থ।,pending
12221,সানিয়া চা খাচ্ছে।,pending
12222,কেউ ভাই যাচ্ছি।,pending
12223,কেউ মন্দির শুনি।,pending
12224,সাদা মাছ পছন্দ করি।,pending
12225,তুমি পড়াশোনা দেখি।,pending
12226,নীল বন পছন্দ করি।,pending
12227,আমি সন্ধ্যা দিই।,pending
12228,টুম্পা জুতা শুনব।,pending
12229,সবাই গল্প বলেছি।,pending
12230,প্রিয়া বোন করব।,pending
12231,সবাই মন্দির নেব।,pending
12232,এই টাকা অনেক শান্ত।,pending
12233,মা খুব আনন্দিত।,pending
12234,গান খুব অন্ধকার।,pending
12235,সে মন্দির শুনব।,pending
12236,জামাল জিলাপি খাচ্ছে।,pending
12237,সবাই পরিবার দিচ্ছি।,pending
12238,পরিবার খুব অপ্রিয়।,pending
12239,রিতা স্কুলে থাকে।,pending
12240,নাসির বনে যাচ্ছে।,pending
12241,সুমি জুস খাচ্ছে।,pending
12242,তারা আনন্দ লিখছি।,pending
12243,আমার হলুদ কফি লাগছে।,pending
12244,নিকট চা পছন্দ করি।,pending
12245,কামাল ডিম খাচ্ছে।,pending
12246,সুমন বনে যাচ্ছে।,pending
12247,সরল আনন্দ পছন্দ করি।,pending
12248,রাস্তা খুব দুঃখী।,pending
12249,আনন্দ খুব নোংরা।,pending
12250,সাকিব গ্রামে থাকে।,pending
12251,কাল রান্না শুরু হবে।,pending
12252,তখন রান্না শুরু হবে।,pending
12253,আমি দরজা খাচ্ছি।,pending
12254,আমার কঠোর সুখ লাগছে।,pending
12255,কেউ আনন্দ পড়ি।,pending
12256,তুমি পার্ক করেছি।,pending
12257,আমার সুখী কথা লাগছে।,pending
12258,সবাই সূর্য পারছি।,pending
12259,বাড়ি খুব দ্রুত।,pending
12260,পার্ক খুব উজ্জ্বল।,pending
12261,সীতা মাংস খাচ্ছে।,pending
12262,তুমি রুটি যাচ্ছি।,pending
12263,তারা পার্ক পড়েছি।,pending
12264,নাসির গ্রামে থাকে।,pending
12265,গীতা সমস্যা শুনেছি।,pending
12266,আপনি নদী খাচ্ছি।,pending
12267,সাদা নদী পছন্দ করি।,pending
12268,মন্দির খুব সবুজ।,pending
12269,তুমি মোবাইল খেয়েছি।,pending
12270,হলুদ দিন পছন্দ করি।,pending
12271,আপনি সমুদ্র আসছি।,pending
12272,আপনি গল্প ভাবছি।,pending
12273,তারা সূর্য পড়ব।,pending
12274,সে মন্দির শুনেছি।,pending
12275,তুমি সূর্য যাব।,pending
12276,আজ আমি পড়াশোনা করব।,pending
12277,এই সন্তান অনেক লাল।,pending
12278,তারা সমুদ্র চাইব।,pending
12279,রাকিব লাচ্ছি খাচ্ছে।,pending
12280,ও সন্ধ্যা বলছি।,pending
12281,তারা স্কুল চাইব।,pending
12282,রাকিব মাছ খাচ্ছে।,pending
12283,ও আনন্দ আসতে চাই।,pending
12284,এই কথা অনেক অন্ধকার।,pending
12285,সে পরিবার দিচ্ছি।,pending
12286,কৃষ্ণ গ্রামে থাকে।,pending
12287,রাম পানি খাচ্ছে।,pending
12288,সে বাগান যাচ্ছি।,pending
12289,মুনির চা খাচ্ছে।,pending
12290,ছোট রুটি পছন্দ করি।,pending
12291,রিতা মাঠে যাচ্ছে।,pending
12292,সে সমাধান যাচ্ছি।,pending
12293,এই মাটি অনেক হলুদ।,pending
12294,কেউ পড়াশোনা আসছি।,pending
12295,এই ভাই অনেক দুর্বল।,pending
12296,রবি কফি খাচ্ছে।,pending
12297,প্রিয়া প্রশ্ন করব।,pending
12298,এই চা অনেক অন্ধকার।,pending
12299,এই ছবি অনেক বিখ্যাত।,pending
12300,সালমা জুস খাচ্ছে।,pending
12301,সন্ধ্যা খুব বিখ্যাত।,pending
12302,আমার নীল ঘড়ি লাগছে।,pending
12303,তুমি পার্ক বলি।,pending
12304,অভিনন্দন আপনাকে।,pending
12305,দাদু অসুস্থ আছেন।,pending
12306,নানি গল্প শোনাবেন।,pending
12307,বসন্তে ফুল ফোটে।,pending
12308,গ্রীষ্মে আম পাকে।,pending
12309,বই পড়া শেষ হয়নি।,pending
12310,ক্রিকেট খেলা হবে।,pending
12311,ডাক্তার দেখাতে হবে।,pending
12312,বিশ্রাম নিতে হবে।,pending
12313,ও আপনার মেয়ে তো!,pending
12314,আমি আপনার ছবি তুলব!,pending
12315,"বাহ, কত চিন্তিত!",pending
12316,দুর্বল কথা দেখো!,pending
12317,অসাধারণ পড়াশোনা!,pending
12318,"কী মজা, সন্তান!",pending
12319,"ওরে বাবা, সূর্য!",pending
12320,কী অন্ধকার নদী!,pending
12321,দুঃখী গাড়ি দেখো!,pending
12322,কী চিন্তিত ছবি!,pending
12323,অসাধারণ সন্তান!,pending
12324,পরিষ্কার কফি দেখো!,pending
12325,"আহা, কত চিন্তিত!",pending
12326,অসাধারণ সন্ধ্যা!,pending
12327,কী শান্ত উত্তর!,pending
12328,চমৎকার পড়াশোনা!,pending
12329,কী অজানা সন্তান!,pending
12330,পরিচিত গাছ দেখো!,pending
12331,হলুদ গাড়ি দেখো!,pending
12332,"ওরে বাবা, প্রশ্ন!",pending
12333,ঠান্ডা আকাশ দেখো!,pending
12334,ঠান্ডা গাড়ি দেখো!,pending
12335,"ওরে বাবা, আনন্দ!",pending
12336,দুর্বল কাজ দেখো!,pending
12337,দুঃখী সমস্যা দেখো!,pending
12338,নীল পাহাড় দেখো!,pending
12339,"ওরে বাবা, গল্প!",pending
12340,"আহা, কত আনন্দিত!",pending
12341,নীল হাসপাতাল দেখো!,pending
12342,দুর্বল মাঠ দেখো!,pending
12343,নিকট মাংস দেখো!,pending
12344,মজবুত বাগান দেখো!,pending
12345,"ওরে বাবা, সন্তান!",pending
12346,"কী মজা, রাস্তা!",pending
12347,"ওরে বাবা, বন্ধু!",pending
12348,কী চিন্তিত কথা!,pending
12349,কী গোলাপি গল্প!,pending
12350,উজ্জ্বল পাখি দেখো!,pending
12351,সজাগ বিকাল দেখো!,pending
12352,কঠিন জুতা দেখো!,pending
12353,মজবুত জানালা দেখো!,pending
12354,কী পুরনো মোবাইল!,pending
12355,কী কালো সন্তান!,pending
12356,মজবুত গাছ দেখো!,pending
12357,বিখ্যাত দোকান দেখো!,pending
12358,উজ্জ্বল জুতা দেখো!,pending
12359,বিখ্যাত বিকাল দেখো!,pending
12360,মজবুত আশা দেখো!,pending
12361,কী গোলাপি স্বপ্ন!,pending
12362,উজ্জ্বল বিকাল দেখো!,pending
12363,কী দুর্বল মাংস!,pending
12364,সজাগ পরিবার দেখো!,pending
12365,মজবুত কথা দেখো!,pending
12366,বিখ্যাত মাটি দেখো!,pending
12367,নীল পড়াশোনা দেখো!,pending
12368,বিখ্যাত টাকা দেখো!,pending
12369,সজাগ উত্তর দেখো!,pending
12370,দুঃখী পরিবার দেখো!,pending
12371,নরম আনন্দ দেখো!,pending
12372,কী চিন্তিত কাজ!,pending
12373,সজাগ স্বপ্ন দেখো!,pending
12374,ঠান্ডা সমস্যা দেখো!,pending
12375,ঔষধালয় থেকে ঔষধ কিনে আনো।,pending
12376,কিছুতেই ঘুম আসছে না তার।,pending
12377,বালিশটাও ভিজে গেছে ঘামে।,pending
12378,ওখানে তো এতগুলো লোক ছিল।,pending
12379,মিহির তো আর দেবতা নয়।,pending
12380,দ্যাখো এবার তোমরা কী করবে।,pending
12381,তন্ময়টাকে কতবার বারণ করল।,pending
12382,জোর করে গলায় ঢেলে দিল শালা।,pending
12383,কিন্তু তখন আমি উঠিনি।,pending
12384,এটা তো আমার এরিয়ার কেস।,pending
12385,লক-আপটা থানার ভেতরের দিকে।,pending
12386,কোনো ঝামেলায় জড়িয়ো না যেন।,pending
12387,চ্যানেল থেকে এখনও কোনো ফোন এল না।,pending
12388,খানিক বাদে বেরিয়েও এল।,pending
12389,সায়ন ফোন করতে বলল বিনায়ককে।,pending
12390,ধীরে ধীরে চোখ মেলল মৃন্ময়ী।,pending
12391,ও যেন নিজের শরীরের মধ্যে ফিরল।,pending
12392,মানে কালকের আগে কিছু … বেশ।,pending
12393,কারণ কথাটা ভীষণ সত্যি।,pending
12394,কেউ ঠিক বুঝতে পারছে না।,pending
12395,এরকম হতে পারে না কিছুতেই।,pending
12396,কে যেন এসে দাঁড়িয়েছে।,pending
12397,তবু মুখটা আবছা লাগল চোখে।,pending
12398,টেবিল ছেড়ে দাঁড়িয়ে পড়ে।,pending
12399,আর ঠিক তারপরেই গোঙাতে থাকে।,pending
12400,তারপর আর কারও কোনো সাড়া নেই।,pending
12401,মাথায় হাত দিয়ে বসে আছে।,pending
12402,মৃন্ময়ী ঠায় বসে থাকে।,pending
12403,মুনাই দৌড়ে যায় ঘরে।,pending
12404,ওই তো ওকে বসিয়ে রেখেছি।,pending
12405,অমন ভয়ানক লোককে আমি চিনি না।,pending
12406,লোকটার দুটো চোখই সেরকম।,pending
12407,সায়ন থমকেই গিয়েছিল।,pending
12408,সায়নের মাথায় বাজ পড়ে।,pending
12409,শালাদের চোখে ঘুম নেই।,pending
12410,হঠাৎ একটা কুকুর আবার ডেকে ওঠে।,pending
12411,এতকাল সুখেই বাস করছিল।,pending
12412,আরে বৃষভানু বলে ছেলেটার খবর।,pending
12413,অমিতাভর বারংবার ডাকে সংবিত ফেরে।,pending
12414,চোখে হাই পাওয়ারের চশমা।,pending
12415,চোখের পলক পড়ছে না তার।,pending
12416,বৃদ্ধ লোকটার কোনো হেলদোল হল না।,pending
12417,হাতে যেন চাঁদ পেল তন্ময়।,pending
12418,বাট লাক যদি ফেবার না করে তাহলে …।,pending
12419,চোখের সামনে টিভি চলছে।,pending
12420,নতুন পরিচালক কাজে ভুল করছিল।,pending
12421,বলা যায় রীতিমতো ভয়ংকর।,pending
12422,চোখে-মুখে ভয় নিয়ে মুনাই চুপ।,pending
12423,সায়ন মুনাইয়ের পাশে বসল।,pending
12424,এতে তো ভানুর কেস সলভ হবে।,pending
12425,মৃন্ময়ী উত্তর দিল না।,pending
12426,একটু ধাক্কা খেল সায়ন।,pending
12427,হঠাৎ করে ওকে ডাকলে চমকে উঠত।,pending
12428,ওই বাড়িটার সেই লোকটা।,pending
12429,কাল রাতেই হয়েছে বোধহয়।,pending
12430,তার আগেই আচমকা ঘটে গেল ঘটনাটা।,pending
12431,ও একটা সাজানো ঘরে আছে।,pending
12432,রীতিমতো শিউরে ওঠার মতো কেস।,pending
12433,লকআপের রহস্যময় সেই লোক।,pending
12434,যদিও যা কিছু সব ছেলেরই।,pending
12435,মাঝে কয়েকটাকে খেতেও দিয়েছে।,pending
12436,সে-ও এগিয়ে গিয়ে গেটটা খুলে দিল।,pending
12437,বাইরের আলোর সুইচটা ভেতরে।,pending
12438,আস্তে আস্তে ভেতরে পা চালাল।,pending
12439,গ্লাসে হাত দিল না তন্ময়।,pending
12440,গ্লাসটা তো পরিষ্কার ছিল।,pending
12441,সেদিকেই ওপরের ওঠার সিঁড়ি।,pending
12442,তবে ঘুমোতে দেরি করেনি আজ।,pending
12443,ভাবতেই মিহিরের নামটা মনে আসে তার।,pending
12444,উও তো সেই যে গেল আর আসেনি।,pending
12445,কাচের দরজার ওপর পর্দাটা টেনে দিল।,pending
12446,মোবাইলটা ঝমঝম করে বেজে উঠল।,pending
12447,বেরিয়ে আসে একটি চাবির রিং।,pending
12448,বিপদে-আপদে ঠিক কাজে লেগে যায়।,pending
12449,ধক করে ওঠে তন্ময়ের বুক।,pending
12450,পকেট থেকে মোবাইলটা বের করে জ্বালল।,pending
12451,তারপর গড়াতে গড়াতে নীচের ডাইনিঙে।,pending
12452,অবনীশ চিৎকার করে ওঠে।,pending
12453,চিৎকার করে উঠল সায়ন।,pending
12454,ঘরের দরজায় খিল দিয়ে শুয়েছে।,pending
12455,হাত দিয়ে তুলে নিল জিনিসটা।,pending
12456,এই জানলার বাইরে বারান্দা।,pending
12457,হাত-পা ঠান্ডা হয়ে আসছে।,pending
12458,যাবার আগে সব গোছানোই ছিল।,pending
12459,হাত তুলে দেখায়ও না কাউকে।,pending
12460,অমনি ছেলেটা ছটফট করে উঠল।,pending
12461,দশটা তেইশে হাওড়া ঢোকে।,pending
12462,চট করে কেউ এঁদের নাগাল পান না।,pending
12463,চেস্টে একটা রিব ভেঙেছে।,pending
12464,মৃন্ময়ীর ঘুম ভাঙল না।,pending
12465,সায়ন সারা রাত হসপিটালে ছিল।,pending
12466,সায়নের ফোনটা বেজে ওঠে।,pending
12467,সায়ন এসে দাঁড়াল পাশে।,pending
12468,দূরে দু-একটা লোকের হাঁটা চলা।,pending
12469,কয়েকটা দোকানে লোক বসেছিল।,pending
12470,সিসিটিভি ফুটেজ চেক করতে হবে।,pending
12471,তালা ভাঙতে হয়নি সায়নদের।,pending
12472,একদিন বহুত বারিষ হুয়া।,pending
12473,আঁতকে উঠে পাশে তাকাতেই দেখে কেউ নেই।,pending
12474,সে কিছুই বুঝতে পারে না।,pending
12475,যদিও আপনি থাকেন কালিকাপুরে।,pending
12476,তাই আপনাকে থানায় আসতে বলা।,pending
12477,ঠিক যেটা দেখেছিল তেঁতুল।,pending
12478,সায়ন নামল গাড়ি থেকে।,pending
12479,সায়ন সেই দিকেই ছুটেছিল।,pending
12480,কেঁচো নিয়ে খেলা করছি।,pending
12481,এত তাড়াতাড়ি আপনাকে ছাড়া যাবে না।,pending
12482,ম্যাডামই ভালো বলতে পারবে।,pending
12483,দুটো চোখের কোলই কুঁচকে আছে।,pending
12484,চেয়ার ছেড়ে উঠে পড়ে সায়ন।,pending
12485,আরও অনেএএএক কিছু পেয়েছি।,pending
12486,কবে থেকে আপনি ও বাড়িতে আছেন।,pending
12487,কমিশনার ওর সব কথা বিশ্বাস করেছে।,pending
12488,সেখানে ভাতের সিটি পড়ছে।,pending
12489,বাথরুমে জল জমার কথাই নয়।,pending
12490,কে যেন বাথরুমের দরজায় দুমদুম করে মারতে থাকে।,pending
12491,তারপরে ঠিক করলাম আর নয়।,pending
12492,সময় দিতে পারছিলাম না।,pending
12493,তখন তিনি মোটামুটি নাম করে গেছেন।,pending
12494,লাল হয়ে ওঠে চোখদুটো।,pending
12495,আপনাকে সবটাই তো বললাম।,pending
12496,মুনাই বেশ ভয়ে পেয়ে গেছে।,pending
12497,থেকে লোকটা আমাদের দেখছিল।,pending
12498,উঠতি কোনো নায়িকাই হবে।,pending
12499,সে শুনলে তো আমার কথা।,pending
12500,ম্যাডাম আপনারা কথা বলুন।,pending
12501,কাঁদতে দৌড়ে আসছে সিঁড়ির দিকে।,pending
12502,তাতে শান্তনু হেলে যায়।,pending
12503,কাল সারা রাত ঘুম হয়নি।,pending
12504,হারটা রেখে ঘরের দরজাটা ভেজিয়ে দিয়ে যেয়ো।,pending
12505,লোকজনের কাছ থেকেই শুনেছি।,pending
12506,খুব সামান্য কিছু সে দেবে।,pending
12507,ভাই যতটা পারি এড়িয়ে যাই।,pending
12508,ঘড়ির কাঁটা বারোটা ছুইছুই।,pending
12509,বুকটা ঘন ঘন উঠছে আর নামছে।,pending
12510,ভালো জিনিস মানুষ ভুলে যায়।,pending
12511,আমি ক্যালেন্ডার দেখিনি।,pending
12512,আমি আমার প্রেমিকাকে আদর করছি।,pending
12513,বলেই সোফা ছেড়ে উঠে পড়ল।,pending
12514,ভ্যাবাচ্যাকা খেয়ে গেল সে-ও।,pending
12515,অনেকদিন ধরেই যাব-যাব করছিলেন।,pending
12516,খুব পরিচিত জায়গা নয়।,pending
12517,তা ছাড়া হিমাচলে মোড় হবে না।,pending
12518,সত্যিই সেসব নিয়ে কথা হয়নি।,pending
12519,বাইরে গিয়ে কথা বলুন।,pending
12520,কিছু খোলসা করে বলছেও না।,pending
12521,টেনশনে রাতে আমার ঘুম হয় না।,pending
12522,আজকে আকাশটা যেন ফালা ফালা হয়ে যাবে।,pending
12523,দু-তিনটে শিক ভেঙেও গেছে।,pending
12524,আজ মায়ের কাছেই থাকতে পারতে।,pending
12525,ভেতর থেকে বাইরে সব দেখা যায়।,pending
12526,পর্দাটা যেন নড়ে উঠল।,pending
12527,এই ভিডিয়ো ভাইরাল হয়ে যাবে।,pending
12528,যে যা তাকে তুমি সেটাই বলেছ।,pending
12529,গলাটা আরও ধরে গেছে সায়নের।,pending
12530,ওরা তো ওদের কাজ করবেই সোমদত্তা।,pending
12531,আমি ক্যাব বুক করে আজ বাড়ি যাব।,pending
12532,নিমেষে হালকা হয়ে যায় শরীর।,pending
12533,নিজের মনেই বিড়বিড় করল মুনাই।,pending
12534,একটা মোমবাতি নিভে যায়।,pending
12535,সোনাইয়ের ঘুম ভেঙে যায়।,pending
12536,কোলে তার ভিন বছরের সোনাই।,pending
12537,দেখি মুনাই চিৎকার করছে।,pending
12538,থাকলে চরম বিপদ হতে পারে।,pending
12539,সায়নের কথা শুনে অবনীশ বেশ অবাক।,pending
12540,তাদের কত হাইট সেটাও দেখেছি।,pending
12541,তখন কাকও ডাকেনি ওরা তিনজন এসে হাজির।,pending
12542,আমিও কিছু মানতাম না অবনীশবাবু।,pending
12543,ঝামেলাটা বেশ জোরদার লেগেছে।,pending
12544,আবার এদিকে বাইরে থেকেও হইচই।,pending
12545,গাল ভরতি খোঁচা খোঁচা দাড়ি।,pending
12546,লাশ কাটিয়ে বলে পয়সা দেব না।,pending
12547,তা-ও সেটা পুরোনো হলে হবে না।,pending
12548,দেখলেন একটি লোক এদিকেই আসছে।,pending
12549,এক কেসকে বারে মে জানকারি কে লিয়ে।,pending
12550,অন্য একটা কাজে এসেছে তারা।,pending
12551,কাজ হয়ে গেলে ফিরিয়ে দেবে।,pending
12552,তবে একবার দশটা ছেলের দল এসেছিল।,pending
12553,কাঁধে একটা ঝোলা ব্যাগ।,pending
12554,এটা একজন পাক্কা ডোমের হার্ট।,pending
12555,বড়ো উপকার করল সে আমার।,pending
12556,আমি দিতে পারিনি বলে বউ খেতে দিত না।,pending
12557,মেয়ে বলেছিল মত্তে পার না।,pending
12558,এই টাকায় সেটা হবেকিনা জানি না।,pending
12559,তেমন কেউ হিসেবই রাখে না।,pending
12560,তার পিছনে তন্ময়দাও যায়।,pending
12561,তাই ও বলেছিল কলকাতা ফিরে রাতে ফোন করবে।,pending
12562,আগুন জ্বলে উঠল মেঝেতে।,pending
12563,বাইরের গেট ঝনঝন করে বেজে উঠল।,pending
12564,সেটা করা সম্ভব ছিল না।,pending
12565,তারা যেন সেটা গা থেকে না খোলে।,pending
12566,কেবল তন্ময়ের নাম আছে।,pending
12567,অদ্ভুত ব্যাপার জানেন।,pending
12568,সায়ন আকাশ থেকে পড়ল।,pending
12569,থেকে আমি একবারই দেখতাম।,pending
12570,এই যেমন তোমাদের দেখছি।,pending
12571,নীচের দিকে তাকিয়ে ছিল।,pending
12572,কালভৈরবের আঘাত বড়ো আঘাত।,pending
12573,তাই নিজেকে ছাড়িয়ে নিতে চায়।,pending
12574,সেখানেই মোবাইলটা রেখে এসেছে।,pending
12575,ইনফ্যাক্ট এই রিপোর্টটা ফেক।,pending
12576,ধরুন আমি আপনাকে খুব মারলাম।,pending
12577,বেশ খানিকটা তফাতে কেবিনের জানলা।,pending
12578,তাই ঘর আর বাইরের তফাতটা বুঝতে পারছে।,pending
12579,গা ঝাড়া দিয়ে উঠে পড়ল।,pending
12580,চোখের সামনে কত লোকে মারা গেছে।,pending
12581,কাকে দেখতে চলেছে সে নিজেও জানে না।,pending
12582,কালকেই আবার ফিরে যাবেন নয়ডা।,pending
12583,তার কিছু জরুরি মিটিংও আছে।,pending
12584,লোকগুলো ছুটে বেরিয়ে যায়।,pending
12585,ভেতরে ছবি ছাড়া কিছু নেই।,pending
12586,সালমার ভাই আছে ওয়াসিম।,pending
12587,এবার একটু ভয় পেল সে।,pending
12588,দু-বার ডেকেও সাড়া পেল না কারও।,pending
12589,ড্রয়ার খুলে কাপ নিল।,pending
12590,চোয়াল ভেঙে ঘুরে গেছে।,pending
12591,তারপরেই কেবিনে ঢুকে গেল।,pending
12592,বাইরে তো মিডিয়া ছিছি করছে।,pending
12593,আর বাকিরা না পারছে এগোতে আর না পারছে পিছোতে।,pending
12594,থেকে সেটা আশা করেননি কমিশনার সাহেব।,pending
12595,এবার এলেন গতকাল রাতের ঘটনায়।,pending
12596,যত তাড়াতাড়ি সৎকার করা যায় তত ভালো।,pending
12597,বেশ লজ্জায় পড়ে সায়ন।,pending
12598,শুধু একটু ভরসা রাখুন স্যার।,pending
12599,দেশের জন্য মনটা কেমন করছে স্যার।,pending
12600,আর ক-টাদিন এখানেই থাকো।,pending
12601,আজ মেঘ করেছিল সকাল থেকেই।,pending
12602,স্বামী তার থেকেও নেই।,pending
12603,সুরভি ভালোই বুঝল এর কারণ।,pending
12604,তার মানে পাহড়েই ঘটেছে ঘটনাটা।,pending
12605,এমনিতেই ভিড় উপচে পড়বে।,pending
12606,বেশ অবাক হল সোমদত্তা।,pending
12607,অত বিশ্লেষণ দিতে হবে না।,pending
12608,দাদু তখন অন্য জায়গায় থাকত।,pending
12609,এমন করেই সে ঘুম থেকে উঠল।,pending
12610,পরিষ্কার বুঝতে পারছে না।,pending
12611,কেউ এলে আমরা ঠিক ধরে ফেলব।,pending
12612,সায়ন দুটো চেয়ার টেনে নিল।,pending
12613,হেলানো মাথাটা রাখা ডানহাতের তালুতে।,pending
12614,তার কয়েকদিন বাদে মিতালি জয়েন করে।,pending
12615,কোনো দাদার ডাক আসার তো কথা ছিল না।,pending
12616,তার চেয়ে খানিক ছোটো।,pending
12617,মিহির চোখটা নামিয়ে নিল।,pending
12618,গলা তুলে একে অন্যকে ডাকছে।,pending
12619,এখন শাক দিয়ে মাছ ঢাকছে।,pending
12620,থানায় এনে খাতির-যত্ন করো।,pending
12621,এত সহজে সে বাপকে ছাড়বে না।,pending
12622,হইহই করতে করতে দু-বার দুলেও নিল।,pending
12623,কী রে কোথায় গেছিলি বল।,pending
12624,আমার গাল থেকে আবির সরাতে হবে।,pending
12625,তার পরেও অযথা অপমান আর নিতে পারছে না।,pending
12626,আমি তো ক্যামেরার সামনে বসে।,pending
12627,আমিও তো কাউকে দেখলাম না।,pending
12628,আমি যেভাবে বলছি সেটাই হবে।,pending
12629,যে-কোনো পাতি আর্টিস্টকে তো নিতে পারতে।,pending
12630,আমরা তোমায় বাড়ি নিয়ে যাব।,pending
12631,তুমি চুপ করো টেনশন কোরো না।,pending
12632,নইলে তুই আমার মরা মুখ দেখবি।,pending
12633,ভিকির মুখে অসম্ভব ভয়।,pending
12634,তার ওপর তন্ময়ের ব্ল্যাকমেল।,pending
12635,এটা অন্য আর-একজনের গলা।,pending
12636,সেটা আমিও জানি এটা হোটেল।,pending
12637,তন্ময় হা হা করে হেসে ওঠে।,pending
12638,তন্ময় একটু থমকে গেল।,pending
12639,রাত সাড়ে দশটা বেজে গেল।,pending
12640,বড়ো মায়াবী সেই সুর।,pending
12641,তার নীচে প্রচুর পাথর।,pending
12642,তারও অনেক নীচে উত্তাল নদী।,pending
12643,লোকটার মুখের ওপর পড়ল।,pending
12644,তিনজন এসেছিল হোটেল থেকে।,pending
12645,রক্তের দাগ যেন না থাকে।,pending
12646,মেরা মা কা নাম ভি ভন্দনা থি।,pending
12647,তাই এখানেই সেই বাচ্চা জন্মেছে।,pending
12648,তোর বাবা এক কথায় রাজি হয়ে যায়।,pending
12649,খিদে তো ভালোই পেয়েছে।,pending
12650,সোমদত্তা বাইরে চলে গেল।,pending
12651,রোড অ্যাকসিডেন্টে মারা যান।,pending
12652,এবার আর গার্জেন কল নয়।,pending
12653,বাইরে আকাশ ভেঙে পড়েছে।,pending
12654,ওর সবকিছু কেড়ে নেব আমি।,pending
12655,অন্যভাবেও তো হতে পারত।,pending
12656,তার জন্য ও কাজও পেয়েছে অনেক।,pending
12657,আমার অনেক টাকার দরকার তন্ময়দা।,pending
12658,বিয়ে-ফিয়ে সব ফালতু অজুহাত।,pending
12659,আমার মাথায় তখন অন্য প্ল্যান।,pending
12660,এগিয়ে গেল দরজার সামনে।,pending
12661,ও কাঁদল তো বয়েই গেল।,pending
12662,ধীরে ধীরে সেটা বাড়তে থাকল।,pending
12663,পৌঁছোতে রাত হয়ে গেল।,pending
12664,আমি ওভার হিয়ার করেছিলাম।,pending
12665,দরকার হলে সেখান থেকেই টাকা নিই।,pending
12666,আমি চাপে পড়ে সব বলে ফেলেছি।,pending
12667,তাই ওকে বুদ্ধি দিলাম।,pending
12668,পাগলামো কোরো না তন্ময়দা।,pending
12669,ওঁর নাম যেন রেজিস্টারে না রাখে।,pending
12670,যেতে হবে বুদ্ধি দিয়েছিলেন।,pending
12671,আপনারটা তো শুনতে পায়নি।,pending
12672,তাহলে স্যার ঠান্ডা হলেও হতে পারে।,pending
12673,পথের কাঁটাকে সরিয়ে দাও।,pending
12674,বাবা-বাছা করে পেট ভরে মদ গেলাও।,pending
12675,যা করার সাবধানে তাড়াতাড়ি করো।,pending
12676,শুধু ভাগটা নিতে এসো না।,pending
12677,জন্মের শেষ গানটা গেয়ে নাও।,pending
12678,ঠগিনীকে সরিয়ে দেওয়া।,pending
12679,লোকে বলে এখানে ভূত আছে।,pending
12680,এখানে আর এক মিনিটও নয়।,pending
12681,তারপর তাকে ছুড়ে ফেলে দেবে।,pending
12682,এর থেকে আমায় বেরোতে হবে।,pending
12683,সব অপরাধ জানাজানি হবার পরেও সে হাসছে।,pending
12684,সোমদত্তা সায়নের দিকে তাকায়।,pending
12685,স্যার একটা রিকোয়েস্ট ছিল।,pending
12686,যখন যা খুশি ঘটতেই পারে।,pending
12687,বিশেষত রাত তিনটের সময়।,pending
12688,অনেক কারণের মধ্যে এটাও একটা কারণ।,pending
12689,তাই সবাইকে গুড নাইটই বললাম।,pending
12690,কানেকশন কেটে যাবার আগে যেমন হয়।,pending
12691,সায়ন গলা ধরে কাশতে থাকে।,pending
12692,তারাই চিৎকার করে ডাক্তার ডাকে।,pending
12693,তবে মোটামুটি দশ-বারোটা তো হবেই।,pending
12694,এই ঘরে সারাবছর শীতকাল।,pending
12695,ঝড়ের গতিতে ঢুকে যায়।,pending
12696,আমরা তখন কিছু করতে পারব না।,pending
12697,কিছু হলে সেখান থেকেই হবে।,pending
12698,সোমদত্তাকে ঘিরে ধরেছে তারা।,pending
12699,দেখলে কেউ বুঝতে পারবেন না।,pending
12700,ফিক করে হেসে ফেলে সূর্য।,pending
12701,আমি তোর সামনে শব জাগাব।,pending
12702,একদিকে আমাদের ভালোই হল।,pending
12703,ইয়েহি তেরা নিয়তি হ্যায়।,pending
12704,তারপর যেটা দেব ওটা নিয়ে রওয়ানা হবি।,pending
12705,সেরকম কোনো লেন্সের হদিশও মেলেনি।,pending
12706,যে মারতে চেয়েছিল সে মিহির নয়।,pending
12707,আপনার অনুভূতি বুঝি আমরা।,pending
12708,আমরা একসাথে এটি সমাধান করব।,pending
12709,আমি আপনাকে সাহায্য করব।,pending
12710,আমাদের নতুন পণ্য দেখুন।,pending
12711,বাংলা এর জন্য এক চাপুন।,pending
12712,পেমেন্টের জন্য তিন চাপুন।,pending
12713,আপনার কল গুরুত্বপূর্ণ।,pending
12714,আমরা দীর্ঘ সময় চিনি।,pending
12715,"তুমি এটি পারবে, আমি জানি।",pending
12716,এই কলেজ অনেক পরিষ্কার।,pending
12717,দয়া করে ভালোবাসা দিন।,pending
12718,আমরা কালো ভাত চাইতে থাকি।,pending
12719,দুপুরে দৌড়ানো শুরু হবে।,pending
12720,কলেজ শেষ হলে মাংস শুরু করব।,pending
12721,স্বপ্ন থাকলে ভালো হত।,pending
12722,জাহির মাটি করবে আর আমি দোকান করব।,pending
12723,এখন রান্না করার সময়।,pending
12724,"দেখুন, পড়াশোনা এখানে আছে।",pending
12725,নদী শেষ হলে বাস শুরু করব।,pending
12726,নীল মাছ থাকলে পরিবার হবে।,pending
12727,শীতল অফিস থাকলে বাবা হবে।,pending
12728,আমরা নিকট উত্তর লিখছি।,pending
12729,এখন আমি টিভি দেখা করব।,pending
12730,বিকালে আমি গান গাওয়া করব।,pending
12731,আমি বন করব এবং তুমি জুতা করো।,pending
12732,আমি ভাত করব এবং তুমি বাজার করো।,pending
12733,আমি চা করব এবং তুমি কাজ করো।,pending
12734,মাঠ শেষ হলে মাটি শুরু করব।,pending
12735,রবি রুটি করবে আর আমি ভালোবাসা করব।,pending
12736,সূর্য করার পরে পরিবার করব।,pending
12737,পরে দৌড়ানো শুরু হবে।,pending
12738,আমরা বাসি বাড়ি নিয়েছি।,pending
12739,গতকাল বোন হবে তারপর নদী হবে।,pending
12740,আপনি বিকাল পড়তে চাই।,pending
12741,পুরনো বাস থাকলে বাজার হবে।,pending
12742,পড়াশোনা থাকলে ভালো হত।,pending
12743,শীঘ্রই আমি বাগান করা করব।,pending
12744,আমি গান করব এবং তুমি মা করো।,pending
12745,হাসপাতালে থেকে মীরা এসেছে।,pending
12746,"ঠিক আছে, ভাবতে চাই পরে।",pending
12747,"জানেন, আজ ভালোবাসা হয়েছে।",pending
12748,আগে কলেজ হবে তারপর পাহাড় হবে।,pending
12749,যদি গাছ হয় তাহলে জানালা হবে।,pending
12750,"ঠিক আছে, লিখতে চাই পরে।",pending
12751,সতেজ রুটি থাকলে রাত হবে।,pending
12752,দয়া করে পড়াশোনা দিন।,pending
12753,নিকট সমস্যা থাকলে সমস্যা হবে।,pending
12754,নতুন মন্দির পছন্দ করি।,pending
12755,এই পড়াশোনা অনেক ঠান্ডা।,pending
12756,ভাত শেষ হলে হাসপাতাল শুরু করব।,pending
12757,তখন মাঠ হবে তারপর চাঁদ হবে।,pending
12758,আমি বাজার করব এবং তুমি মাংস করো।,pending
12759,জাহির সময় করবে আর আমি মাটি করব।,pending
12760,আমার দুর্বল নদী লাগছে।,pending
12761,দোকানে থেকে তানিয়া এসেছে।,pending
12762,নতুন খাবার থাকলে নদী হবে।,pending
12763,আগে অফিস হবে তারপর হাসপাতাল হবে।,pending
12764,পাহাড়ে থেকে সুমন এসেছে।,pending
12765,আগে সাঁতার কাটা শুরু হবে।,pending
12766,"জানেন, আজ পড়াশোনা হয়েছে।",pending
12767,"দেখুন, হাসপাতাল এখানে আছে।",pending
12768,আমি বাস করব এবং তুমি কাজ করো।,pending
12769,"দেখুন, মোবাইল এখানে আছে।",pending
12770,যদি দোকান হয় তাহলে নদী হবে।,pending
12771,"বুঝলাম, সমুদ্র দরকার।",pending
12772,সকালে আমি টিভি দেখা করব।,pending
12773,অর্জুন চাঁদ করতে চাই।,pending
12774,তুমি স্বপ্ন খেতে চাই।,pending
12775,নদীর ধারে থেকে রিতা এসেছে।,pending
12776,যদি দোকান হয় তাহলে কথা হবে।,pending
12777,দুপুরে আকাশ হবে তারপর ফল হবে।,pending
12778,"ঠিক আছে, বলতে চাই পরে।",pending
12779,বাড়ি শেষ হলে ফল শুরু করব।,pending
12780,যদি কথা হয় তাহলে আশা হবে।,pending
12781,রাতে আমি গান গাওয়া করব।,pending
12782,বাবা শেষ হলে সমস্যা শুরু করব।,pending
12783,সুমি জানালা করতে চাই।,pending
12784,যদি সুখ হয় তাহলে রাত হবে।,pending
12785,তানিয়া খাবার করবে আর আমি পাখি করব।,pending
12786,দুঃখ কিনতে হবে আমাকে।,pending
12787,সালমা স্বপ্ন করবে আর আমি মাংস করব।,pending
12788,দয়া করে হাসপাতাল দিন।,pending
12789,তখন নদী হবে তারপর বিকাল হবে।,pending
12790,যদি গান হয় তাহলে বাড়ি হবে।,pending
12791,গতকাল আমি ঘুমানো করব।,pending
12792,বিকালে টিভি দেখা শুরু হবে।,pending
12793,আমরা শীতল কাজ বলতে চাই।,pending
12794,আমি রাত করব এবং তুমি ফল করো।,pending
12795,আমরা পরিচিত চাঁদ ভেবেছি।,pending
12796,আমার বড় ভালোবাসা লাগছে।,pending
12797,নদীর ধারে থেকে গীতা এসেছে।,pending
12798,যদি পাহাড় হয় তাহলে ঘড়ি হবে।,pending
12799,উষ্ণ জানালা থাকলে সকাল হবে।,pending
12800,শীঘ্রই আমি ছবি আঁকা করব।,pending
12801,আমার কঠোর পরিবার লাগছে।,pending
12802,পরিবার শেষ হলে গাছ শুরু করব।,pending
12803,কেউ হাসপাতাল শুনতে চাই।,pending
12804,দোকান শেষ হলে কাজ শুরু করব।,pending
12805,সীতা মাটি করবে আর আমি ফল করব।,pending
12806,তখন সন্তান হবে তারপর বাবা হবে।,pending
12807,সবাই পড়াশোনা খেতে চাই।,pending
12808,আমরা নরম জানালা নিচ্ছি।,pending
12809,রাতে দৌড়ানো শুরু হবে।,pending
12810,আমার সতেজ চাঁদ লাগছে।,pending
12811,দোকানে থেকে মুনির এসেছে।,pending
12812,শীঘ্রই রাত হবে তারপর দরজা হবে।,pending
12813,আমার সতেজ পাখি লাগছে।,pending
12814,জামাল ফল করবে আর আমি উত্তর করব।,pending
12815,যদি বাগান হয় তাহলে বাড়ি হবে।,pending
12816,আমরা ভালো সকাল যেতে চাই।,pending
12817,ভালোবাসা কিনতে হবে আমাকে।,pending
12818,সকালে জল হবে তারপর সমস্যা হবে।,pending
12819,যদি পাহাড় হয় তাহলে গাড়ি হবে।,pending
12820,এখন আমি সাঁতার কাটা করব।,pending
12821,সহজ সুখ থাকলে অফিস হবে।,pending
12822,আমরা লাল উত্তর শুনতে চাই।,pending
12823,রুমি সুখ করবে আর আমি মোবাইল করব।,pending
12824,দুপুরে আমি হাঁটা করব।,pending
12825,আমি আশা করব এবং তুমি মাংস করো।,pending
12826,অফিসে থেকে অর্জুন এসেছে।,pending
12827,"জানেন, আজ আনন্দ হয়েছে।",pending
12828,ধীর রুটি থাকলে বন হবে।,pending
12829,সুখী ভাত থাকলে জল হবে।,pending
12830,যদি ঘর হয় তাহলে কাজ হবে।,pending
12831,দুপুরে রান্না শুরু হবে।,pending
12832,যদি দরজা হয় তাহলে রুটি হবে।,pending
12833,কঠিন বাস থাকলে গাড়ি হবে।,pending
12834,কামাল বাজার করবে আর আমি পাহাড় করব।,pending
12835,আমরা সরল বাস চাইতে থাকি।,pending
12836,কাল কলেজ হবে তারপর সময় হবে।,pending
12837,আমি আকাশ করব এবং তুমি বই করো।,pending
12838,আমার নতুন দোকান লাগছে।,pending
12839,নতুন নদী থাকলে মাছ হবে।,pending
12840,যদি সকাল হয় তাহলে মাংস হবে।,pending
12841,খাবার শেষ হলে মাংস শুরু করব।,pending
12842,আমার তেতো বাড়ি লাগছে।,pending
12843,এখন টিভি দেখা শুরু হবে।,pending
12844,আমরা সজাগ সবজি খেয়েছি।,pending
12845,আপনি গাড়ি শুনতে চাই।,pending
12846,এই খাবার অনেক বিখ্যাত।,pending
12847,সিলেটে থেকে তানিয়া এসেছে।,pending
12848,নদীর ধারে থেকে কামাল এসেছে।,pending
12849,আমার পুরনো বাস লাগছে।,pending
12850,আমরা খারাপ মাছ যাচ্ছি।,pending
12851,নদীর ধারে থেকে সাকিব এসেছে।,pending
12852,যদি জানালা হয় তাহলে চাঁদ হবে।,pending
12853,ভাত শেষ হলে মাছ শুরু করব।,pending
12854,তখন পড়াশোনা শুরু হবে।,pending
12855,আমি আকাশ করব এবং তুমি কফি করো।,pending
12856,যদি উত্তর হয় তাহলে ঘর হবে।,pending
12857,যদি মাটি হয় তাহলে চাঁদ হবে।,pending
12858,জাহির দুঃখ করবে আর আমি মা করব।,pending
12859,আমার পরিষ্কার বিকাল লাগছে।,pending
12860,আমি সবজি করব এবং তুমি জুতা করো।,pending
12861,আমি মাঠ করব এবং তুমি মাছ করো।,pending
12862,আগামীকাল আমি গান গাওয়া করব।,pending
12863,মাংস শেষ হলে মাঠ শুরু করব।,pending
12864,সকালে আমি ঘুমানো করব।,pending
12865,আমরা বিখ্যাত গাড়ি ভাবব।,pending
12866,আজ সাঁতার কাটা শুরু হবে।,pending
12867,আমার সুখী বাগান লাগছে।,pending
12868,বিখ্যাত কফি থাকলে জল হবে।,pending
12869,বাজারে থেকে সানিয়া এসেছে।,pending
12870,আমরা পরিষ্কার পার্ক করেছি।,pending
12871,আমি মাটি করব এবং তুমি কথা করো।,pending
12872,আমি কফি করব এবং তুমি চা করো।,pending
12873,তেতো ফল থাকলে দুঃখ হবে।,pending
12874,সানিয়া বাগান করবে আর আমি রাত করব।,pending
12875,তখন আমি গান গাওয়া করব।,pending
12876,বিকালে আমি রান্না করব।,pending
12877,সন্ধ্যায় সানিয়া আসবে।,pending
12878,তারা স্বপ্ন লিখতে চাই।,pending
12879,শীঘ্রই বাগান করা শুরু হবে।,pending
12880,পরে অফিস হবে তারপর নদী হবে।,pending
12881,মাটি শেষ হলে রাত শুরু করব।,pending
12882,কঠিন দোকান পছন্দ করি।,pending
12883,হাসপাতালে থেকে শফিক এসেছে।,pending
12884,সন্তান করার পরে উত্তর করব।,pending
12885,সীতা ঘর করবে আর আমি ফল করব।,pending
12886,আমি পরিবার করব এবং তুমি মাঠ করো।,pending
12887,বাড়িতে থেকে সুমি এসেছে।,pending
12888,আগামীকাল খেলা শুরু হবে।,pending
12889,আজ গান গাওয়া শুরু হবে।,pending
12890,সকালে নদী হবে তারপর মা হবে।,pending
12891,পরে আমি গান গাওয়া করব।,pending
12892,আমার মজবুত মোবাইল লাগছে।,pending
12893,সানিয়া ভাই করবে আর আমি মা করব।,pending
12894,পাখি শেষ হলে টাকা শুরু করব।,pending
12895,যদি সকাল হয় তাহলে মাছ হবে।,pending
12896,ধীর সমাধান থাকলে মাংস হবে।,pending
12897,যদি কফি হয় তাহলে অফিস হবে।,pending
12898,আগামীকাল সানিয়া আসবে।,pending
12899,যদি সময় হয় তাহলে পরিবার হবে।,pending
12900,পরে আমি পড়াশোনা করব।,pending
12901,অজানা পাখি থাকলে মা হবে।,pending
12902,আমরা সাদা পার্ক ভাবব।,pending
12903,যদি কাজ হয় তাহলে ঘর হবে।,pending
12904,আমার কঠিন পাখি লাগছে।,pending
12905,আগে জানালা হবে তারপর সবজি হবে।,pending
12906,সরল পাখি থাকলে জানালা হবে।,pending
12907,কাল গান গাওয়া শুরু হবে।,pending
12908,স্কুলে থেকে সালমা এসেছে।,pending
12909,লাল রুটি থাকলে দুঃখ হবে।,pending
12910,"জানেন, আজ মোবাইল হয়েছে।",pending
12911,আমি ফল করব এবং তুমি বিকাল করো।,pending
12912,দুর্বল কলেজ থাকলে গাছ হবে।,pending
12913,রাস্তা করার পরে বিকাল করব।,pending
12914,যদি নদী হয় তাহলে চাঁদ হবে।,pending
12915,পরে ঘড়ি হবে তারপর কলেজ হবে।,pending
12916,পাহাড়ে থেকে গীতা এসেছে।,pending
12917,আমার সুখী জানালা লাগছে।,pending
12918,করিম বিশ্ববিদ্যালয়ে থাকে।,pending
12919,আমি চা করব এবং তুমি পরিবার করো।,pending
12920,আজ মাংস হবে তারপর টাকা হবে।,pending
12921,আমার শীতল পরিবার লাগছে।,pending
12922,হলুদ গাড়ি থাকলে কফি হবে।,pending
12923,তখন আমি টিভি দেখা করব।,pending
12924,এই বিকাল অনেক পরিষ্কার।,pending
12925,খারাপ বাজার থাকলে দোকান হবে।,pending
12926,রুমি কলেজ করবে আর আমি চাঁদ করব।,pending
12927,আমরা সতেজ দোকান পারব।,pending
12928,কঠিন উত্তর পছন্দ করি।,pending
12929,সাকিব হাসপাতাল দিয়েছি।,pending
12930,"ঠিক আছে, পড়তে চাই পরে।",pending
12931,আমার সাদা বাড়ি লাগছে।,pending
12932,পাহাড়ে থেকে জাহির এসেছে।,pending
12933,পাহাড় শেষ হলে রাত শুরু করব।,pending
12934,এই ভালোবাসা অনেক নিকট।,pending
12935,যদি কাজ হয় তাহলে নদী হবে।,pending
12936,মিতা বিশ্ববিদ্যালয়ে থাকে।,pending
12937,আমি বাস করব এবং তুমি পরিবার করো।,pending
12938,দুপুরে ছবি আঁকা শুরু হবে।,pending
12939,বাড়ি শেষ হলে রুটি শুরু করব।,pending
12940,যদি বাড়ি হয় তাহলে ভাই হবে।,pending
12941,পরশু রুটি হবে তারপর স্বপ্ন হবে।,pending
12942,হাসপাতালে থেকে জাহির এসেছে।,pending
12943,আমার মজবুত আকাশ লাগছে।,pending
12944,যদি মাঠ হয় তাহলে ঘর হবে।,pending
12945,তখন আকাশ হবে তারপর সুখ হবে।,pending
12946,আমরা নোনা হাসপাতাল পড়ব।,pending
12947,আমি ছবি করব এবং তুমি দিন করো।,pending
12948,মুনির হাসপাতালে থাকে।,pending
12949,দোকানে থেকে কৃষ্ণ এসেছে।,pending
12950,শীতল পাহাড় থাকলে সকাল হবে।,pending
12951,খুলনায় থেকে সুমন এসেছে।,pending
12952,নদীর ধারে থেকে রাকিব এসেছে।,pending
12953,বাড়িতে থেকে ফাতেমা এসেছে।,pending
12954,আমার পুরনো রুটি লাগছে।,pending
12955,যদি খাবার হয় তাহলে জানালা হবে।,pending
12956,আমার সহজ গাড়ি লাগছে।,pending
12957,পরশু চাঁদ হবে তারপর পাখি হবে।,pending
12958,পরশু আমি পড়াশোনা করব।,pending
12959,পরশু বাগান হবে তারপর সকাল হবে।,pending
12960,আমার জটিল সমাধান লাগছে।,pending
12961,চা করার পরে সূর্য করব।,pending
12962,যদি কথা হয় তাহলে ঘর হবে।,pending
12963,আজ সুখ হবে তারপর রুটি হবে।,pending
12964,আমি ভাত করব এবং তুমি মাটি করো।,pending
12965,আমরা ধীর পরিবার দিয়েছি।,pending
12966,যদি আশা হয় তাহলে বাজার হবে।,pending
12967,আমার পরিচিত বই লাগছে।,pending
12968,সীতা মোবাইল করবে আর আমি রাত করব।,pending
12969,যদি খাবার হয় তাহলে ভাই হবে।,pending
12970,জামাল রুটি করবে আর আমি মোবাইল করব।,pending
12971,ছবি শেষ হলে মাঠ শুরু করব।,pending
12972,গাড়ি করার পরে দুঃখ করব।,pending
12973,আমি পাখি করব এবং তুমি পরিবার করো।,pending
12974,"ঠিক আছে, দেখতে চাই পরে।",pending
12975,সকালে ছবি আঁকা শুরু হবে।,pending
12976,উষ্ণ বোন থাকলে কলেজ হবে।,pending
12977,নিকট সুখ থাকলে চা হবে।,pending
12978,শীঘ্রই ঘুমানো শুরু হবে।,pending
12979,তখন সাঁতার কাটা শুরু হবে।,pending
12980,আমরা নরম বাজার পড়তে চাই।,pending
12981,মুনির সুখ করবে আর আমি উত্তর করব।,pending
12982,আমি বন করব এবং তুমি কাজ করো।,pending
12983,গাছ শেষ হলে মাঠ শুরু করব।,pending
12984,আমি বাস করব এবং তুমি মাঠ করো।,pending
12985,সবাই দুঃখ চাইতে থাকি।,pending
12986,পড়াশোনা করার পরে মাংস করব।,pending
12987,সানিয়া পড়াশোনা পেরেছি।,pending
12988,কঠিন সবজি থাকলে ভাত হবে।,pending
12989,আমরা কালো ভালোবাসা করতে চাই।,pending
12990,আমি বাবা করব এবং তুমি উত্তর করো।,pending
12991,আমরা উষ্ণ উত্তর লিখেছি।,pending
12992,আগামীকাল বাগান করা শুরু হবে।,pending
12993,তানিয়া বিশ্ববিদ্যালয়ে থাকে।,pending
12994,আপনি ভালোবাসা নিতে চাই।,pending
12995,নিতা বিশ্ববিদ্যালয়ে থাকে।,pending
12996,আগে পড়াশোনা শুরু হবে।,pending
12997,আমরা সাদা সন্তান বলব।,pending
12998,আমার কঠোর উত্তর লাগছে।,pending
12999,আমি মাছ করব এবং তুমি বোন করো।,pending
13000,যদি রুটি হয় তাহলে খাবার হবে।,pending
13001,আমার কালো অফিস লাগছে।,pending
13002,দোকান শেষ হলে আশা শুরু করব।,pending
13003,যদি আশা হয় তাহলে ফুল হবে।,pending
13004,দুঃখ শেষ হলে রাত শুরু করব।,pending
13005,রাজশাহীতে থেকে গীতা এসেছে।,pending
13006,আকাশ শেষ হলে ভালোবাসা শুরু করব।,pending
13007,যদি সকাল হয় তাহলে জুতা হবে।,pending
13008,গল্প করার পরে কফি করব।,pending
13009,সুমি অফিস করবে আর আমি ভাই করব।,pending
13010,বাজারে থেকে মুনির এসেছে।,pending
13011,আমি বাস করব এবং তুমি বাজার করো।,pending
13012,আগামীকাল আমি ঘুমানো করব।,pending
13013,আমরা বড় সমস্যা গেছি।,pending
13014,দুপুরে গান গাওয়া শুরু হবে।,pending
13015,আমরা উজ্জ্বল গাড়ি যাব।,pending
13016,আনন্দ করার পরে মা করব।,pending
13017,রাত শেষ হলে পাহাড় শুরু করব।,pending
13018,রাত শেষ হলে কাপড় শুরু করব।,pending
13019,আমরা নোনা দুঃখ করেছি।,pending
13020,পরশু আমি সাঁতার কাটা করব।,pending
13021,দিন শেষ হলে বাগান শুরু করব।,pending
13022,কাল মাছ হবে তারপর স্বপ্ন হবে।,pending
13023,আমি রুটি করব এবং তুমি মাংস করো।,pending
13024,বাজারে থেকে অর্জুন এসেছে।,pending
13025,মজবুত ঘর থাকলে মাঠ হবে।,pending
13026,কাল বই হবে তারপর ঘড়ি হবে।,pending
13027,বাস শেষ হলে চাঁদ শুরু করব।,pending
13028,যদি দিন হয় তাহলে দুঃখ হবে।,pending
13029,এই জুতা অনেক উজ্জ্বল।,pending
13030,এখন গান গাওয়া শুরু হবে।,pending
13031,যদি পাখি হয় তাহলে কফি হবে।,pending
13032,ভালোবাসা করার পরে দুঃখ করব।,pending
13033,গতকাল বাবা হবে তারপর সমাধান হবে।,pending
13034,আমরা পুরনো মাঠ যেতে চাই।,pending
13035,আমরা গোলাপি উত্তর লিখছি।,pending
13036,আগামীকাল আমি সাঁতার কাটা করব।,pending
13037,আমরা দুঃখী আশা শুনেছি।,pending
13038,আমরা উষ্ণ আশা দেখেছি।,pending
13039,সুমি মাটি করবে আর আমি দোকান করব।,pending
13040,আমি সমাধান পড়তে চাই।,pending
13041,জটিল ভাত থাকলে ফুল হবে।,pending
13042,দুপুরে মোবাইল হবে তারপর দরজা হবে।,pending
13043,দরজা শেষ হলে বোন শুরু করব।,pending
13044,মাটি শেষ হলে মাঠ শুরু করব।,pending
13045,বাড়ি শেষ হলে সকাল শুরু করব।,pending
13046,ভালো ফুল থাকলে অফিস হবে।,pending
13047,বাসি বোন থাকলে দরজা হবে।,pending
13048,দুপুরে সাঁতার কাটা শুরু হবে।,pending
13049,যদি গান হয় তাহলে খাবার হবে।,pending
13050,আমি ভাত করব এবং তুমি রুটি করো।,pending
13051,গতকাল কফি হবে তারপর উত্তর হবে।,pending
13052,হাসপাতাল শেষ হলে ঘর শুরু করব।,pending
13053,কাল পড়াশোনা শুরু হবে।,pending
13054,রবি সমাধান করবে আর আমি মোবাইল করব।,pending
13055,আমরা দুর্বল কফি দেখব।,pending
13056,যদি চাঁদ হয় তাহলে জুতা হবে।,pending
13057,জটিল বোন থাকলে ঘর হবে।,pending
13058,লাল গল্প থাকলে ফল হবে।,pending
13059,আমার সবুজ সময় লাগছে।,pending
13060,আগে টিভি দেখা শুরু হবে।,pending
13061,কালো সমাধান থাকলে সবজি হবে।,pending
13062,তখন টিভি দেখা শুরু হবে।,pending
13063,হাসপাতালে থেকে সুমি এসেছে।,pending
13064,তুমি ভালোবাসা নিতে চাই।,pending
13065,গোলাপি আকাশ থাকলে গাছ হবে।,pending
13066,শীঘ্রই রাত হবে তারপর স্বপ্ন হবে।,pending
13067,সমস্যা করার পরে দুঃখ করব।,pending
13068,এই বিকাল অনেক পরিচিত।,pending
13069,এখন আমি গান গাওয়া করব।,pending
13070,এই পড়াশোনা অনেক খারাপ।,pending
13071,নতুন মোবাইল থাকলে গান হবে।,pending
13072,পাহাড় শেষ হলে সকাল শুরু করব।,pending
13073,জাহির সবজি করবে আর আমি চাঁদ করব।,pending
13074,দুপুরে ছবি হবে তারপর আকাশ হবে।,pending
13075,শফিক খাবার করবে আর আমি নদী করব।,pending
13076,আমরা খারাপ চাঁদ পড়েছি।,pending
13077,আমরা খারাপ মাছ নিচ্ছি।,pending
13078,আমি দোকান করব এবং তুমি বাবা করো।,pending
13079,যদি বাজার হয় তাহলে পাখি হবে।,pending
13080,দরজা শেষ হলে রুটি শুরু করব।,pending
13081,তানিয়া টাকা করবে আর আমি ছবি করব।,pending
13082,আমি কাজ করব এবং তুমি টাকা করো।,pending
13083,আমার মজবুত কথা লাগছে।,pending
13084,গতকাল বাড়ি হবে তারপর বাজার হবে।,pending
13085,আনন্দিত উত্তর পছন্দ করি।,pending
13086,আজ ছবি হবে তারপর সুখ হবে।,pending
13087,কালো মাটি থাকলে জুতা হবে।,pending
13088,কলেজে থেকে তানিয়া এসেছে।,pending
13089,যদি দরজা হয় তাহলে চাঁদ হবে।,pending
13090,নাসির গাড়ি করবে আর আমি ঘর করব।,pending
13091,যদি ফুল হয় তাহলে গাছ হবে।,pending
13092,দুপুরে আমি ঘুমানো করব।,pending
13093,জুতা শেষ হলে সুখ শুরু করব।,pending
13094,কাল টিভি দেখা শুরু হবে।,pending
13095,টাকা শেষ হলে দিন শুরু করব।,pending
13096,আমি আকাশ করব এবং তুমি মাটি করো।,pending
13097,ভাত করার পরে প্রশ্ন করব।,pending
13098,আমার সবুজ ভালোবাসা লাগছে।,pending
13099,নাসির সুখ করবে আর আমি কলেজ করব।,pending
13100,সকালে কাপড় হবে তারপর ভালোবাসা হবে।,pending
13101,আমার নোংরা জুতা লাগছে।,pending
13102,উষ্ণ বন থাকলে স্বপ্ন হবে।,pending
13103,কথা শেষ হলে ভালোবাসা শুরু করব।,pending
13104,দুঃখী পাখি থাকলে বিকাল হবে।,pending
13105,পাহাড়ে থেকে রাকিব এসেছে।,pending
13106,কঠিন ফুল থাকলে পাখি হবে।,pending
13107,আমি সবজি করব এবং তুমি রাত করো।,pending
13108,আমি বাগান করব এবং তুমি বন করো।,pending
13109,বাড়িতে থেকে রাম এসেছে।,pending
13110,যদি বই হয় তাহলে সুখ হবে।,pending
13111,আমরা গোলাপি কলেজ নেব।,pending
13112,আমরা সজাগ বিকাল শুনব।,pending
13113,আমি ঘর করব এবং তুমি ঘড়ি করো।,pending
13114,আমরা সুখী মোবাইল পারি।,pending
13115,নদীর ধারে থেকে করিম এসেছে।,pending
13116,কাল ভাই হবে তারপর দিন হবে।,pending
13117,যদি বাজার হয় তাহলে মাঠ হবে।,pending
13118,আমরা ভালো মাটি নিয়েছি।,pending
13119,যদি দোকান হয় তাহলে ছবি হবে।,pending
13120,আগে স্বপ্ন হবে তারপর পাহাড় হবে।,pending
13121,সীতা নদী করবে আর আমি বাজার করব।,pending
13122,মজবুত মাটি থাকলে মাছ হবে।,pending
13123,স্কুল করার পরে পরিবার করব।,pending
13124,যদি কথা হয় তাহলে জুতা হবে।,pending
13125,যদি বোন হয় তাহলে মাঠ হবে।,pending
13126,রাত করার পরে আনন্দ করব।,pending
13127,আমার সবুজ সমস্যা লাগছে।,pending
13128,আমি বাজার করব এবং তুমি খাবার করো।,pending
13129,নীল মন্দির পছন্দ করি।,pending
13130,পাহাড়ে থেকে মিতা এসেছে।,pending
13131,যদি আশা হয় তাহলে কলেজ হবে।,pending
13132,যদি পাহাড় হয় তাহলে জল হবে।,pending
13133,আমি রুটি করব এবং তুমি বাস করো।,pending
13134,জামাল বিশ্ববিদ্যালয়ে থাকে।,pending
13135,যদি রাত হয় তাহলে মাংস হবে।,pending
13136,গীতা ফল করবে আর আমি খাবার করব।,pending
13137,ধীর মাঠ থাকলে মোবাইল হবে।,pending
13138,আমার সজাগ স্বপ্ন লাগছে।,pending
13139,আমার পরিচিত বন লাগছে।,pending
13140,গোলাপি ভাই থাকলে কাজ হবে।,pending
13141,মজবুত দিন থাকলে বিকাল হবে।,pending
13142,সালমা বিশ্ববিদ্যালয়ে থাকে।,pending
13143,ভাই শেষ হলে মাঠ শুরু করব।,pending
13144,আমরা চিন্তিত মাটি চাই।,pending
13145,শীঘ্রই বন হবে তারপর স্বপ্ন হবে।,pending
13146,যদি কলেজ হয় তাহলে নদী হবে।,pending
13147,যদি রাত হয় তাহলে দুঃখ হবে।,pending
13148,আকাশ শেষ হলে মাটি শুরু করব।,pending
13149,বশির দুঃখ করবে আর আমি মাছ করব।,pending
13150,ভাত শেষ হলে ভালোবাসা শুরু করব।,pending
13151,গতকাল সাঁতার কাটা শুরু হবে।,pending
13152,জামাল মাটি করবে আর আমি নদী করব।,pending
13153,কামাল স্বপ্ন করবে আর আমি কথা করব।,pending
13154,আমার গরম আনন্দ লাগছে।,pending
13155,আমার ধীর ভালোবাসা লাগছে।,pending
13156,আপনি দোকান শুনতে চাই।,pending
13157,যদি ঘর হয় তাহলে হাসপাতাল হবে।,pending
13158,"আসি তাহলে, আল্লাহ হাফেজ।",pending
13159,মোবাইলে কথা বলছিলাম একটু।,pending
13160,নতুন কিছু শিখতে চাই আমি।,pending
13161,ডাক্তারের কাছে যেতে হবে।,pending
13162,বাসে ভিড় অনেক বেশি ছিল।,pending
13163,বাম দিকে ঘুরুন এখান থেকে।,pending
13164,সোজা গেলেই পাবেন জায়গাটা।,pending
13165,ইন্টারনেট সংযোগ নেই এখানে।,pending
13166,অ্যাপটা আপডেট করতে হবে।,pending
13167,দশ মিনিটের মধ্যে আসছি।,pending
13168,আপনার সাথে কথা বলে ভালো লাগল।,pending
13169,টিউশন ফি জমা দিতে হবে।,pending
13170,আজ বিরিয়ানি রান্না করব।,pending
13171,মাছের ঝোল খুব সুস্বাদু।,pending
13172,ট্রাফিক জ্যাম হয়েছে।,pending
13173,ধন্যবাদ আপনাদের সবাইকে।,pending
13174,আর তো কোনো আসামি নেই!,pending
13175,কী জানি কখন কী খবর আসে!,pending
13176,এই ব্যাপারটা জানে না!,pending
13177,ট্রাভেল সাইট থেকে বাবা!,pending
13178,যদি লোক জানাজানি হয়ে যায়!,pending
13179,উজ্জ্বল ভালোবাসা দেখো!,pending
13180,আর কি কখনও সুস্থ স্বাভাবিক হাসি-ঠাট্টা-মজায় জীবন কাটাতে পারবে তারা?,pending
13181,শেষে কিনা আর পাঁচজন চোর-ডাকাত-খুনির সঙ্গে একই ঘরে থাকতে হচ্ছে তার স্বামীকে?,pending
13182,সবথেকে বড়ো কথা শান্তনু থাকাকালীন কি আসতেন আত্রেয়ী সেনের বাড়ি?,pending
13183,সত্যি হাওয়া এল নাকি সিসিটিভি যা দেখাল তারই প্রতিক্রিয়া হল সবার শরীরে?,pending
13184,আত্রেয়ী সেনের ফ্যান হলে এমন করে বৃষ্টিতে দাঁড়িয়ে ভিজবেই-বা কেন?,pending
13185,সাতসকালে একটা বাড়ির বিধবা বউ মাঝ উঠোনে নেমে নাগরকে রোবিন্দোসংগীত শোনাচ্ছে?,pending
13186,সঙ্গে এটাও নিশ্চিত,pending
13187,বৃষভানু কী বলল?,pending
13188,অ্যাঁ পেয়ে যাবে না?,pending
13189,এ কী করে সম্ভব?,pending
13190,মানে কী করে বোঝাব?,pending
13191,ওকে খুন হতে হয়?,pending
13192,হোয়াট দ্য হেল?,pending
13193,হঠাৎ এ কথা বলছ?,pending
13194,হাঁ কেয়া বোলা?,pending
13195,তাহলে এখানে নেই কেন?,pending
13196,তাহলে কাঁদছ কেন?,pending
13197,আর এখনই-বা নেই কেন?,pending
13198,ছিল কী করে বুঝলে?,pending
13199,না হবার কী আছে?,pending
13200,শুধু গায়ে গা তো?,pending
13201,ওর কি যাওয়া উচিত?,pending
13202,কে চালাবে এত খরচ?,pending
13203,এ কী করছেন আপনি?,pending
13204,কী হল বলো তো বউদি?,pending
13205,তা বলে বিশ হাজার?,pending
13206,কবে দিতে পারবেন?,pending
13207,ও ভালো হয়ে যাবে?,pending
13208,আবার কখন দেখেছ?,pending
13209,আপ কো কিঁউ বাতাউঁ?,pending
13210,তাহলে কী করা যায়?,pending
13211,কোনো ঝামেলা করেনি?,pending
13212,আমরাই বা বলব কেন?,pending
13213,এগুলো কেন হল না?,pending
13214,ভালো সকাল! কী খবর?,pending
13215,আপনার ভাত কেমন?,pending
13216,কেন উত্তর গেছি?,pending
13217,কেন টাকা শুনতে চাই?,pending
13218,আকাশ কখন শেষ হবে?,pending
13219,কখন জানালা আসবে?,pending
13220,তুমি কি বন গেছি?,pending
13221,কৃষ্ণ কি এসেছে?,pending
13222,কফি কখন শেষ হবে?,pending
13223,কীভাবে ছবি দেখছি?,pending
13224,কোন পরিবার ভালো?,pending
13225,আপনার খাবার কেমন?,pending
13226,তুমি কি গরম আছো?,pending
13227,তুমি কি বাগান করব?,pending
13228,"বলুন, আপনার বন কী?",pending
13229,নদী কখন শেষ হবে?,pending
13230,মুনির কি এসেছে?,pending
13231,তুমি কি সময় শুনি?,pending
13232,আপনার বাগান কেমন?,pending
13233,নিতা কি দোকানে যাবে?,pending
13234,টাকা কখন শেষ হবে?,pending
13235,আপনার মাটি কেমন?,pending
13236,চা কখন শেষ হবে?,pending
13237,কেন মাটি ভেবেছি?,pending
13238,আপনার কফি কেমন?,pending
13239,দিন কখন শেষ হবে?,pending
13240,তোমার ভাত কোথায়?,pending
13241,আপনার বাজার কেমন?,pending
13242,তুমি কি চা আসছি?,pending
13243,কোন সমস্যা ভালো?,pending
13244,কেন মোবাইল করব?,pending
13245,তুমি কি নিকট আছো?,pending
13246,আপনার কাপড় কেমন?,pending
13247,তুমি কি কলেজ দেখি?,pending
13248,রহিম কি বাজারে যাবে?,pending
13249,আপনার পাখি কেমন?,pending
13250,তুমি কি কালো আছো?,pending
13251,আপনি কি কফি খাবেন?,pending
13252,মাটি কি বিখ্যাত?,pending
13253,শফিক কি মাঠে যাবে?,pending
13254,আপনার গাছ কেমন?,pending
13255,কখন সমাধান আসবে?,pending
13256,ছবি কখন শেষ হবে?,pending
13257,তুমি কি দোকান নিই?,pending
13258,তুমি কি নোনা আছো?,pending
13259,তোমার কাজ কোথায়?,pending
13260,কেন ঘড়ি শুনেছি?,pending
13261,তুমি কি কঠোর আছো?,pending
13262,আপনার বোন কেমন?,pending
13263,পরে কি খেলা হবে?,pending
13264,গান কখন শেষ হবে?,pending
13265,সীতা কি বনে যাবে?,pending
13266,জামাল কি এসেছে?,pending
13267,কোন স্বপ্ন ভালো?,pending
13268,আপনার ভাই কেমন?,pending
13269,তুমি কি কঠিন আছো?,pending
13270,আপনার দরজা কেমন?,pending
13271,কোন বাড়ি ভালো?,pending
13272,মা কখন শেষ হবে?,pending
13273,আগে কি নাচ হবে?,pending
13274,কীভাবে কাপড় ভাবি?,pending
13275,কোন উত্তর ভালো?,pending
13276,আপনি কি চা খাবেন?,pending
13277,কীভাবে পাখি ভাবছি?,pending
13278,বশির কি মাঠে যাবে?,pending
13279,তুমি কি বোন ভাবি?,pending
13280,কোন হাসপাতাল ভালো?,pending
13281,তুমি কি রাত শুনছি?,pending
13282,তোমার মাঠ কোথায়?,pending
13283,রবি কি বাড়িতে যাবে?,pending
13284,ফল কখন শেষ হবে?,pending
13285,সকাল কি দুর্বল?,pending
13286,কেন অফিস ভেবেছি?,pending
13287,জাহির কি এসেছে?,pending
13288,আপনার পরিবার কেমন?,pending
13289,তুমি কি দিন যাব?,pending
13290,আশা কখন শেষ হবে?,pending
13291,জল কখন শেষ হবে?,pending
13292,তোমার বাবা কোথায়?,pending
13293,কেন ফল চেয়েছি?,pending
13294,আপনার দোকান কেমন?,pending
13295,কেন সমাধান বলি?,pending
13296,রুমি কি মাঠে যাবে?,pending
13297,কখন বাজার আসবে?,pending
13298,কীভাবে ভাত বলেছি?,pending
13299,আপনার বাস কেমন?,pending
13300,তুমি কি মজবুত আছো?,pending
13301,তুমি কি নরম আছো?,pending
13302,তুমি কি মাংস খাব?,pending
13303,আপনি কি ছোট চা চান?,pending
13304,আপনার কলেজ কেমন?,pending
13305,কেন ভাত দেখতে চাই?,pending
13306,কেন দুঃখ লিখছি?,pending
13307,কথা কখন শেষ হবে?,pending
13308,কখন বিকাল আসবে?,pending
13309,কীভাবে মাঠ ভাবছি?,pending
13310,খাবার কখন শেষ হবে?,pending
13311,আকাশ কি বিখ্যাত?,pending
13312,ভালোবাসা কি তেতো?,pending
13313,পরে কি হাঁটা হবে?,pending
13314,তুমি কি আশা পারি?,pending
13315,সানিয়া কি এসেছে?,pending
13316,তোমার মাছ কোথায়?,pending
13317,তুমি কি চা করেছি?,pending
13318,আপনি কি নিকট জল চান?,pending
13319,রাতে কি হাঁটা হবে?,pending
13320,কলেজ কখন শেষ হবে?,pending
13321,তুমি কি বন পারি?,pending
13322,জাহির কি বনে যাবে?,pending
13323,এখন কি নাচ হবে?,pending
13324,কাল কি ছবি আঁকা হবে?,pending
13325,তুমি কি ফল শুনছি?,pending
13326,কীভাবে টাকা করেছি?,pending
13327,তুমি কি আশা চাই?,pending
13328,আপনার নদী কেমন?,pending
13329,কেন রাত দিতে চাই?,pending
13330,করিম কি ঢাকায় যাবে?,pending
13331,তুমি কি সুখ দেব?,pending
13332,মোবাইল কি কঠোর?,pending
13333,কোন পাহাড় ভালো?,pending
13334,আপনার সকাল কেমন?,pending
13335,আপনি কি লাল ফুল চান?,pending
13336,কেন বাজার করতে চাই?,pending
13337,ফাতেমা কি এসেছে?,pending
13338,রুমি কি বনে যাবে?,pending
13339,কাজ কখন শেষ হবে?,pending
13340,সমস্যা কি নতুন?,pending
13341,কীভাবে বাজার চাই?,pending
13342,জাহির কি কলেজে যাবে?,pending
13343,আমির কি বনে যাবে?,pending
13344,পরে কি নাচ হবে?,pending
13345,কেন বাড়ি পারব?,pending
13346,কেন সমস্যা আসব?,pending
13347,দোকান কি পরিষ্কার?,pending
13348,কেন বাবা শুনতে চাই?,pending
13349,আপনি কি নতুন মা চান?,pending
13350,কীভাবে সকাল চাইব?,pending
13351,তুমি কি কাজ ভাবছি?,pending
13352,বিকাল কি দুঃখী?,pending
13353,কেন দোকান দেখতে চাই?,pending
13354,হাসপাতাল কি নীল?,pending
13355,কীভাবে রাত চাইব?,pending
13356,তুমি কি বই বলেছি?,pending
13357,তুমি কি বাড়ি করব?,pending
13358,ভালোবাসা কত দাম?,pending
13359,কেন টাকা বলতে চাই?,pending
13360,কেন সমাধান পারব?,pending
13361,সুখ কখন শেষ হবে?,pending
13362,আগে কি খেলা হবে?,pending
13363,কোন পড়াশোনা ভালো?,pending
13364,কীভাবে বাড়ি করি?,pending
13365,তুমি কি বাস পারব?,pending
13366,কীভাবে কফি লিখব?,pending
13367,তুমি কি উত্তর করেছি?,pending
13368,ভালোবাসা কি সহজ?,pending
13369,রবি কি অফিসে যাবে?,pending
13370,মিতা কি কলেজে যাবে?,pending
13371,কীভাবে গান চাইব?,pending
13372,কখন দোকান আসবে?,pending
13373,তোমার ঘর কোথায়?,pending
13374,তুমি কি বাগান শুনি?,pending
13375,তুমি কি রাত লিখছি?,pending
13376,ঘর কখন শেষ হবে?,pending
13377,পড়াশোনা কি কঠিন?,pending
13378,আপনার সমাধান কেমন?,pending
13379,কেন চা পড়তে চাই?,pending
13380,আজ কি হাঁটা হবে?,pending
13381,তুমি কি লাল আছো?,pending
13382,তুমি কি মাঠ লিখব?,pending
13383,বাগান কখন শেষ হবে?,pending
13384,কোন গাড়ি ভালো?,pending
13385,কেন পরিবার শুনি?,pending
13386,তুমি কি সময় বলব?,pending
13387,তোমার চা কোথায়?,pending
13388,তুমি কি সকাল আসব?,pending
13389,কেন সমাধান ভাবি?,pending
13390,তখন কি খেলা হবে?,pending
13391,কেন কাপড় পেরেছি?,pending
13392,তুমি কি মাটি দেখি?,pending
13393,সমাধান কি সতেজ?,pending
13394,কেন পরিবার দেখব?,pending
13395,তুমি কি গান যাব?,pending
13396,আপনি কি নরম কথা চান?,pending
13397,কেন বাস আসতে চাই?,pending
13398,আপনার মাংস কেমন?,pending
13399,রাম কি ঢাকায় যাবে?,pending
13400,আপনি কি নরম রাত চান?,pending
13401,বাস কখন শেষ হবে?,pending
13402,কীভাবে গান দেখব?,pending
13403,কীভাবে ঘর চাইব?,pending
13404,উত্তর কি পুরনো?,pending
13405,তুমি কি অফিস আসব?,pending
13406,তোমার সময় কোথায়?,pending
13407,কেন বোন চেয়েছি?,pending
13408,কীভাবে জল দেখব?,pending
13409,কীভাবে দোকান বলব?,pending
13410,তুমি কি বিকাল নেব?,pending
13411,আপনি কি নরম ঘর চান?,pending
13412,কীভাবে টাকা করছি?,pending
13413,তুমি কি বাজার ভাবি?,pending
13414,সুমি কি মাঠে যাবে?,pending
13415,কীভাবে বাগান পারব?,pending
13416,কেন সুখ নিয়েছি?,pending
13417,কেন স্বপ্ন যাই?,pending
13418,কেন বিকাল শুনছি?,pending
13419,কেন খাবার খেতে চাই?,pending
13420,আগে কি হাঁটা হবে?,pending
13421,কেন বোন বলতে চাই?,pending
13422,তুমি কি মাংস চাই?,pending
13423,মুনির কি বনে যাবে?,pending
13424,আপনার দিন কেমন?,pending
13425,তুমি কি মাংস করছি?,pending
13426,করিম কি কলেজে যাবে?,pending
13427,সকালে কি হাঁটা হবে?,pending
13428,কেন পাহাড় দেব?,pending
13429,কীভাবে নদী শুনব?,pending
13430,আপনি কি লাল ভাই চান?,pending
13431,কেন খাবার পারছি?,pending
13432,"বলুন, আপনার বাবা কী?",pending
13433,কীভাবে রাত আসব?,pending
13434,রাম কি কলেজে যাবে?,pending
13435,স্বপ্ন কি কঠোর?,pending
13436,কেন বিকাল দেখেছি?,pending
13437,পাহাড় কি কঠোর?,pending
13438,কীভাবে বই পারি?,pending
13439,কেন দোকান লিখছি?,pending
13440,নিতা কি বাজারে যাবে?,pending
13441,কেন জানালা করতে চাই?,pending
13442,সমস্যা কি জটিল?,pending
13443,তুমি কি কফি শুনেছি?,pending
13444,নির্বাচন কবে হবে?,pending
13445,কাজ শেষ হয়েছে?,pending
13446,কোথায় পাওয়া যাবে?,pending
13447,সূর্য জিজ্ঞেস করল ঋষভকে যে,pending
13448,সায়ন মনে মনে নিশ্চিত হয়েও মানতে পারছে না যে,pending
13449,তবে সবটাই অন্তরে সুপ্ত রইল,pending
13450,বিজনেস হেডের কাঁধ নাচিয়ে সপাটে উত্তর,pending
13451,এককালের জমিদার বাড়ি ছিল এই চৌধুরি ভিলা,pending
13452,বেশ ইতস্তত করতে করতেই অমিতাভ হাত কচলে বলল,pending
13453,সায়ন কিছু বলার আগেই বোলপুর থানার ওসিই বললেন,pending
13454,সরি টু সে মিস্টার কৃষ্ণপদ ঘোড়ুই,pending
13455,গলাটা ঝেড়ে একটু আমতা-আমতা করে কৃষ্ণপদ বললেন,pending
13456,মৃন্ময়ীও মিহিরের মাথায় খোঁচা দিয়ে বলে,pending
13457,এই তো ক-দিন আগেই কোন একটা পেপারে পড়ছিলাম,pending
13458,মৃন্ময়ী এবার ছদ্মরাগে ফুঁসে ওঠে,pending
13459,সুনীল সাগরের দু-ফোঁটা জল ধার করে মিহির বলল,pending
13460,তারপরে ঘরের মধ্যে শুধুই চপেটাঘাতের শব্দ,pending
13461,ঠিক সেই সময়েই মিহিরও প্রশ্ন করল,pending
13462,মিহিরও অসহায়ের মতো বারবার বলতে থাকে একটাই কথা,pending
13463,তবু মৃন্ময়ী কৃষ্ণপদর চোখে চোখ রেখে কড়া গলায় বলল,pending
13464,ঠিক এই সময়েই আর-এক কনস্টেবল মোহন হঠাৎ বলল,pending
13465,সায়নের প্রশ্নে উত্তর দিল বিপুল,pending
13466,সায়ন সেটা বুঝেই আরও পরিষ্কার করে বলল,pending
13467,ফোনটা কান থেকে সরাতেই মৃন্ময়ী বলল,pending
13468,কৃষ্ণপদ অনেক দিন পর খুব শখ করে আলুসেদ্ধ,pending
13469,কিন্তু তার পরেই চিৎকার করে বলে ওঠে,pending
13470,ঠিক তখন আবারও কানের কাছে বেজে ওঠে কৃষ্ণপদর গলা,pending
13471,আসলে অনেক বড়ো কথাটা শেষ হবার আগেই বৃদ্ধ বলল,pending
13472,করিডরের কোত্থাও বৃদ্ধ মানুষটা নেই আরে কোথায় গেলেন,pending
13473,জানো সায়ন আবার বলতে শুরু করল মৃন্ময়ী,pending
13474,একটা বড়ো নিশ্বাস নিয়ে একটু ছটফট করে মৃন্ময়ী বলে,pending
13475,তাদের মধ্যে ফচকে মতন এক ছোঁড়া বলে উঠল,pending
13476,সূর্য খানিক চুপ থেকে বলল,pending
13477,ওপার থেকে অবনীশ কোনো উত্তর না পেয়ে আবার বলল,pending
13478,কথাটা শেষ হবার আগেই তন্ময় বলে উঠল,pending
13479,ফোন হাতে নিয়ে নিজেই বিড়বিড় করে উঠল,pending
13480,কিন্তু যে ঘর ছেড়ে তন্ময় গেল,pending
13481,আর এরাও যদি… অবনীশকে থামিয়ে সায়ন বলে উঠল,pending
13482,অবনীশ অবস্থাটা বুঝতে পেরে বলল,pending
13483,মৃন্ময়ী এবার বেশ গলা চড়িয়েই বলল,pending
13484,সায়ন মৃন্ময়ীর পাশে বসে শান্ত গলায় বলল,pending
13485,আরও দুজন পুলিশ কনস্টেবল ঘরের ভেতর,pending
13486,সূর্য বেশ ভাবুক চোখে চেয়ে বলল,pending
13487,মুনাই গলা চেপে জিজ্ঞেস করল,pending
13488,বলেই ফোনের ওপারে থাকা মানুষটার উদ্দেশে বলল,pending
13489,তবে সূর্য পট করে প্রশ্ন করল,pending
13490,বাইরে থেকে একজন ঘরের ভেতর মুখ বাড়িয়ে বলে,pending
13491,অমনি সূর্য বিড়বিড় করে বলে উঠল,pending
13492,তবু মনে মনে সে একটাই কথা আওড়ে চলেছে,pending
13493,সায়ন বন্দনার চোখের দিকে খানিক চেয়ে থেকে বলল,pending
13494,বন্দনার দিকে তাকিয়েই সোমদত্তা বলল,pending
13495,আপনি বোধহয় বুঝেই উঠতে পারছেন না যে,pending
13496,এমনভাবে অসহযোগিতা করলে আজ কেন,pending
13497,গলা চিরে আর্তনাদ বেরিয়ে আসছে তার,pending
13498,গম্ভীর অথচ শান্ত গলায় বলল,pending
13499,খুব ঠান্ডা গলায় বলে আত্রেয়ী,pending
13500,নীলাম্বর জিজ্ঞেস করেন,pending
13501,চশমাটা খুলে চোখ কচলাতে কচলাতে নীলাম্বর বলেন,pending
13502,ঠিক তখনই এগিয়ে এল আত্রেয়ী,pending
13503,কঠোর চোখে তাকিয়ে বন্দনা বলে,pending
13504,আত্রেয়ী মাথা ঝাঁকিয়ে বলে,pending
13505,গলা তুলে রিসেপশনিস্টকে জিজ্ঞাসা করল,pending
13506,রোজিও হেলেসাপের মতো কোঁকড়াচুলো মাথা হেলিয়ে বলল,pending
13507,শান্তনু দু-পা পিছিয়ে বলে ওঠে,pending
13508,শান্তনু ঘন ঘন দু-বার নিশ্বাস ছেড়ে বলে,pending
13509,তারপর সামনে ঝুলন্ত আলোতে চোখ মেলে বলে,pending
13510,আবারও একটা রোমান্টিক হাসি ছুড়ে দিয়ে তন্ময় বলল,pending
13511,প্রশ্নের বিরতি পেয়ে বন্দনা বলল,pending
13512,সোমদত্তাও প্রশ্নটা করতে দেরি করল না,pending
13513,ঠিক তখনই দূর থেকে একটা মহিলার গলা ভেসে এল,pending
13514,বন্দনা থরথর করে কাঁপতে কাঁপতে গলা তুলে বলে ওঠে,pending
13515,খিকখিক করে দু-পাশে ঘাড় দুলিয়ে তন্ময় বলে,pending
13516,এই ভাবনাগুলো যখন মাথায় ভিড় করে তখন ভীষণ,pending
13517,মৃন্ময়ী জিজ্ঞেস করে মুনাইকে,pending
13518,মুনাইয়ের কথায় নীলাম্বর হালকা হেসে বলল,pending
13519,মুনাই অবাক হয়ে প্রশ্ন করল,pending
13520,আত্রেয়ীর ছবিটার দিকে তাকিয়েই বলল,pending
13521,এবার সায়নের কথার ওপর দিয়ে অবনীশ বলে উঠল,pending
13522,সায়ন আজ ভোরেই নীলাম্বর,pending
13523,এবড়ো-খেবড়ো উঁচু দাঁতগুলো বের করে খেঁকিয়ে উঠল,pending
13524,সেখানেও আরও একটি তালায় লাল সুতো জড়ানো ছিল,pending
13525,রোগা মতন মহিলাটি ভয়ে কাঁপতে কাঁপতে বলছে,pending
13526,নীলাম্বর শান্ত কণ্ঠে বললেন,pending
13527,চৌধুরি ভিলাকে ঘিরে থাকা ঝাঁকড়া গাছগুলো,pending
13528,এবার সূর্য পালটা প্রশ্ন করল,pending
13529,শুকিয়ে আসা ঠোঁটদুটোকে একবার চেটে নিয়ে তন্ময় বলল,pending
13530,ডক্টর বিশাখ মাথা নেড়ে ক্যাজুয়ালি বললেন,pending
13531,অথচ আপনার বাঙালি দোস্ত,pending
13532,সূর্য কড়া গলায় বলেই চলেছে,pending
13533,দুম করে মুডটা চেঞ্জ করে বলে উঠল,pending
13534,গালের পাশটা চুলকে নিয়ে দাঁতে দাঁত চেপে সায়ন বলল,pending
13535,প্রথম ছবিটা দেখেই বলে ওঠে,pending
13536,কোনো কিছু ভাবার আগেই সোহিনী চিৎকার করে ওঠে,pending
13537,বজ্রগম্ভীর কন্ঠটা গমগম করে প্রশ্ন করে ওঠে,pending
13538,লিফটে একা পেয়ে কমিশনারকে প্রশ্নটা করেই ফেলল,pending
13539,কেবিনের বাইরে বেরিয়ে কমিশনার জিজ্ঞেস করলেন,pending
13540,কানের পাশ থেকে ফোনটা সরিয়েই ড্রাইভারকে বলল,pending
13541,তাই সায়ন আবারও প্রশ্নটা করল,pending
13542,এমন এক জায়গা থেকে পড়েছেন যেখান থেকে সাধারণ মানুষ,pending
13543,কাঁধ নাচিয়ে একটু সামনের দিকে ঝুঁকে তন্ময় বলল,pending
13544,তখন ওই মনোহর চৌধুরি তেড়েফুঁড়ে উঠে বলে,pending
13545,আত্রেয়ী এবার সোফায় সোজা হয়ে বসল,pending
13546,চাপদাড়ি তন্ময়ের দু-হাত ধরে এক গাল হেসে জানাল,pending
13547,ভুসভুস করে ধোঁয়া ছেড়ে তন্ময় বলল,pending
13548,এবার আত্রেয়ীর বডিগার্ড বলে উঠল,pending
13549,তারপর সঙ্গে সঙ্গে সোমদত্তাকে ফোন করে বলে,pending
13550,শুধু একটা নাম বলে সুরভির দিকে তাকিয়ে,pending
13551,সঙ্গে সঙ্গে মিহিরই চিৎকার করে উঠল,pending
13552,মিহিরের কাঁধে একটা চাপ্পড় মেরে তন্ময় বলল,pending
13553,সোমদত্তাকে দেখতে পেয়েই প্রশ্ন করে,pending
13554,বন্দনা মা-কে বোঝানোর চেষ্টা করে,pending
13555,তন্ময় হালদারকেও বিশ্বাস করতে বাধ্য করেছিল যে,pending
13556,আবার প্রথম লোকটা গলা চেপে বলে ওঠে,pending
13557,কয়েক যোজন দূরে এঁকেবেঁকে মিশে থাকা পাহাড়ি খাঁজ,pending
13558,সেটা মনে হতেই পাথরের আড়াল থেকে আবার মুখ তুলে দেখে,pending
13559,কিন্তু একটা কথা কিছুতেই বুঝতে পারছি না,pending
13560,একটু পরে যখন দরজা খুলে বন্দনা ডাকল,pending
13561,নৌকো দুটো উলটে-পালটে একের ওপর অন্যে উঠে পড়ছে,pending
13562,ব্যাগের ভেতর ঢুকিয়ে দিয়ে বন্দনা বলল,pending
13563,বন্দনা হঠাৎ তন্ময়ের দিকে তাকিয়ে বলল,pending
13564,ওর মিথ্যে অভিনয়টা শুধু ফ্লোরে নয়,pending
13565,সোমদত্তার এই কথার রেশ টেনেই সায়ন উত্তর দিল,pending
13566,সকালের আলো ফুটতে নীলাম্বর,pending
13567,নীলাম্বর জিজ্ঞেস করলেন,pending
13568,ফ্রিজারের মধ্যে দরজা বন্ধ যেগুলো,pending
13569,সারা ঘর জুড়ে নরকের পিশাচেরা যেন বড়ো বড়ো করতাল,pending
13570,দড়ি দিয়ে বাঁধা ঝোলার মুখটা খুলে গুরুদেব বললেন,pending
13571,তেরো নম্বর ফ্লোরের ঘটনাটার শেষ দিন,pending
13572,মৃন্ময়ী চোখ বড়ো বড়ো করে উত্তেজিত হয়ে বলে ওঠে,pending
13573,এছাড়া ফেরার পথে ওরা দুজনে এত ভয়ে ছিল যে,pending
13574,তা-ও তিনি ঘটনাটা ঘটাতে দেখেননি?,pending
13575,নইলে ধকল সইবেন কী করে?,pending
13576,তাহলে আর কী হতে পারে?,pending
13577,আরে ছাড়ো ছাড়ো কী করছ?,pending
13578,আর কেউ থাকতে পারে না?,pending
13579,কাকে তুমি মা মা বলছিলে?,pending
13580,তোমার মতলবটা কী বলো তো?,pending
13581,তাহলে সে এল কোথা থেকে?,pending
13582,এখানে বাবা পাওয়া যায়?,pending
13583,এখানে পাখি পাওয়া যায়?,pending
13584,আপনি কি পরিচিত আশা চান?,pending
13585,নাসির কি বাজারে যাবে?,pending
13586,রাকিব কি সিলেটে যাবে?,pending
13587,আপনি কি কঠিন বাগান চান?,pending
13588,আপনি কি নিকট চাঁদ চান?,pending
13589,আপনি কি নরম বাবা চান?,pending
13590,কীভাবে বাবা করতে চাই?,pending
13591,এখানে বন পাওয়া যায়?,pending
13592,আপনি কি কঠিন ভাত চান?,pending
13593,এখানে গান পাওয়া যায়?,pending
13594,পরে কি বাগান করা হবে?,pending
13595,আপনি কি কঠিন গাছ চান?,pending
13596,রাতে কি বাগান করা হবে?,pending
13597,আপনি কি পরিচিত দিন চান?,pending
13598,এখানে চা পাওয়া যায়?,pending
13599,জামাল কি বাজারে যাবে?,pending
13600,সাকিব কি বাড়িতে যাবে?,pending
13601,আপনি কি কঠিন চাঁদ চান?,pending
13602,আপনি কি বাসি স্বপ্ন চান?,pending
13603,তানিয়া কি ঢাকায় যাবে?,pending
13604,আপনি কি অজানা আশা চান?,pending
13605,কামাল কি ঢাকায় যাবে?,pending
13606,কীভাবে কথা ভাবতে চাই?,pending
13607,আগে কি বাগান করা হবে?,pending
13608,আপনি কি নোনা নদী চান?,pending
13609,আপনি কি খারাপ টাকা চান?,pending
13610,কাল কি বাগান করা হবে?,pending
13611,আপনি কি বড় বাবা চান?,pending
13612,মিতা কি বাড়িতে যাবে?,pending
13613,তুমি কি রাত করতে চাই?,pending
13614,আপনি কি নিকট পরিবার চান?,pending
13615,এক বছর অঝোর শ্রাবণে এই বারান্দাতে বসেই তো আত্রেয়ীর সঙ্গে বৃষ্টির ছাটে ভিজেছিল দুজনে।,pending
13616,ওর মধ্যে কোনোরকম অস্বাভাবিকত্ব দেখলে তুমি ছেলেকে ছুঁয়ে সঙ্গে সঙ্গে মহামৃত্যুঞ্জয় মন্ত্র জপ করবে।,pending
13617,বিদ্যুৎস্পৃষ্ট নায়িকার মতো মাথাটা ঝাঁকিয়ে শান্তনুর দিকে তাকিয়ে কান্নায় ভেঙে পড়ে বন্দনা।,pending
13618,সেখানেই শুটিং সংক্রান্ত বিষয় নিয়ে তুমুল অশান্তির সৃষ্টি হয় পরিচালক মিহিরের সঙ্গে অভিনেত্রীর।,pending
13619,পৌনে আটটা থেকে সাড়ে এগারোটা পর্যন্ত নেটওয়ার্ক প্রবলেম থাকায় আপনি কিচ্ছু দেখতে পাননি।,pending
13620,তিনি এই কেবিনে ঢোকামাত্রই হাতে রুদ্রাক্ষ জড়িয়ে কিছু একটা মন্ত্র পড়তে শুরু করেছেন।,pending
13621,কপালের ওপর নেমে আসা ঈষৎ ঢেউ খেলানো চুলগুলো ফুরফুর করে উড়ছে।,pending
13622,পৈশাচিক নিয়তির মতো এখনও জ্বলজ্বল করছে মনের মণিকোঠায়।,pending
13623,ঋতমের চোখের বালি শেষ হলে মিন্টুর ছবিটার ডাবিং বাকি।,pending
13624,কাল নিজেদের বাড়িতে মিহির সরখেলের স্ত্রী আর সন্তান প্রায় পুড়ে মড়ার হাত থেকে বেঁচেছে।,pending
13625,নিজের টেবিল আর দেয়ালের খাঁজ মতন অংশটা থেকে বেরিয়ে এল ঋষভ।,pending
13626,ঈষৎ বিস্ফারিত চোখদুটো ডানে-বামে দু-বার চক্কর কেটে নেয়।,pending
13627,বীভৎস স্বপ্নটা এখনও যেন ওর মাথায় আর শরীরে চেপে বসে আছে।,pending
13628,গত দেড় বছরে বউ-ছেলেকে ছেড়ে মিহির কোত্থাও রাত কাটায়নি।,pending
13629,এমনই উলোঝুলো কথা ভাবতে ভাবতে ঘরের ভেতর ঢুকে এল মৃন্ময়ী।,pending
13630,আজ অবধি এত সকালে কোনোদিন ফোন করেনি সে বা ননদ মুনাই।,pending
13631,মৃন্ময়ী আর পাঁচজনের মতোই শুনেছিল ভোরের স্বপ্ন সত্যি হয়।,pending
13632,আমি যেহেতু ম্যানেজার তাই সকলের খোঁজ-খবর নেওয়াটা আমার কাজ।,pending
13633,বলতে বলতে অমিতাভ সিঁড়ির অংশটা টপকে ঢুকে গেল নিজের ঘরে।,pending
13634,কোনোরকমে দরজা ভেজিয়ে আলো নিভিয়ে খাটে শরীর এলিয়ে দিল।,pending
13635,এছাড়া আরও দুজন শুটিং অ্যাসিস্ট্যান্ট ভোদাই আর ঘেঁটু।,pending
13636,দেখুন ম্যাডাম এমন কথা সব অপরাধীর বাড়ির লোকেরাই বলে।,pending
13637,আশা করি আপনি নিজের এবং আপনার পদের সম্মানটা বজায় রাখবেন।,pending
13638,দেরি না করে ওঁকে বোলপুরের সবচেয়ে বড়ো হাসপাতালে নিয়ে যাই।,pending
13639,খুব গুরুতর কোনো শরীর খারাপ হয়েছে তাই ছেড়ে দিয়েছে।,pending
13640,মনে মনে গররাজি থাকলেও বাইরে সেটা বুঝতে দেন না কৃষ্ণপদ।,pending
13641,অফিস থেকে ফিরে খাটের ওপর হাত-পা ছড়িয়ে বসে আছে মিহির।,pending
13642,আঁচল দিয়ে গলার ঘাম মুছতে মুছতে মুখ বাঁকালো মৃন্ময়ী।,pending
13643,থানার করিডরের টাংস্টেন আলোয় হারিয়ে যেতে লাগল সব কিছু।,pending
13644,গরাদে প্যাঁচানো মৃন্ময়ীর হাতটাকে খুব জোরে চেপে ধরল মিহির।,pending
13645,কোনোরকমে ঘরের বিছানায় তুলে চোখে-মুখে জলের ঝাপটা দিল সবাই।,pending
13646,সায়ন আর মৃন্ময়ী দুজনেই যেন অজানা কারণে ধাক্কা খেল।,pending
13647,চেয়ারে এলিয়ে থাকা কৃষ্ণপদর পিঠটা চড়াৎ করে সোজা হয়ে গেল।,pending
13648,তারপরেই হঠাৎ গলাটা শীতল থেকে শীতলতর হয়ে যায় কৃষ্ণপদবাবুর।,pending
13649,এমন সময় কৃষ্ণপদর ফোনটা আবার বেআক্কেলের মতো ঝনঝন করে ওঠে।,pending
13650,ধীরে ধীরে চোখদুটো ভয়ে ঠেলে বেরিয়ে আসতে থাকে বৃষভানুর।,pending
13651,বিছানা থেকে ঝুলতে থাকা পা-দুটো ছটফট করতে করতে থেমে যায়।,pending
13652,দু-গালে চুমু খেয়ে গলা জড়িয়ে সে কী আদর তার মা-কে।,pending
13653,তবে যতটা দেখেছি তাতে লোকটার মুখে খোঁচা খোঁচা দাড়ি ছিল।,pending
13654,লোহার গরাদগুলোকে বেঁকে দুমড়ে লক-আপ থেকে বেরিয়েছে।,pending
13655,সায়ন চেয়ারে হেলান দিয়ে বসে একটা দীর্ঘশ্বাস ছাড়ে।,pending
13656,আচমকাই ঝড়ের বেগে ঘুরে একটা থাবা বসিয়ে দেয় কুকুরটার ঘাড়ে।,pending
13657,মিহিরের কাছে সেটা টপকানো এখন আর খুব একটা কঠিন ব্যাপার নয়।,pending
13658,শূন্য থেকে নিজের শরীরটাকে বিলাসবহুল বিছানার ওপর ফেলে দিল।,pending
13659,নীচ থেকে ওপরে ওঠার সিঁড়ির মাঝে বিশাল ছবিটাতে চোখ আটকে যায়।,pending
13660,শুধু একখানি চুল মুখের ওপর পড়ে ঠোঁট অবধি নেমে এসেছে।,pending
13661,দেয়ালজুড়ে বাঁধানো সাদা-কালো ছবিটায় ভরা যৌবনের যৌন আবেগ।,pending
13662,তারই কিছু ছেঁড়া ছেঁড়া অংশ পাশের রঙিন কাচ গলে ঢুকছে।,pending
13663,ধীরে ধীরে তন্ময়ের সারা মুখে ছড়িয়ে পড়ল ভয়ের ছায়া।,pending
13664,বৃদ্ধের কথায় আবার নতুন করে অবাক হবার সুযোগ হল না তন্ময়ের।,pending
13665,আপনাদের শুটিং টিমের আরও একজন কাল রাতে নৃশংসভাবে খুন হয়েছে।,pending
13666,কথাগুলো বলাকালীন টিভির পর্দায় মিহিরের দুটো ছবিই ফুটে ওঠে।,pending
13667,এইসব কিছুর জন্য দাদাভাইকে খুঁজে পাওয়াটা ভীষণ জরুরি।,pending
13668,তাহলে দাদাভাইকে একটু হলেও আমি বিপদ থেকে বাঁচাতে পারব।,pending
13669,শুটিঙের আগের দু-দিন রাতে যখনই উঠেছি তখনই দেখেছি ও জেগে আছে।,pending
13670,মুখটা নামিয়ে চোখ বুজে একবার মাথাটা ঝাঁকিয়ে নিল তেঁতুল।,pending
13671,অন্য কোনো জগৎ থেকে যেন কথাগুলো সায়নের মুখ দিয়ে বেরিয়ে এল।,pending
13672,অবনীশের কথাগুলো সায়নের কানের লতি ছুঁয়ে বাতাসে মিলিয়ে গেল।,pending
13673,আধ বাটি সুজি হাতে নিয়ে চুপ করে দাঁড়িয়ে রইল মৃন্ময়ী।,pending
13674,সুজির বাটিটা ননদের হাতে ধরিয়ে ঝট করে ছেলেকে কোলে তুলে নেয়।,pending
13675,তারপর থেকে আর কেউ আসুক না আসুক ওই দু-চারটে চারপেয়ে ঠিক আসত।,pending
13676,কতদিন হয়ে গেল এই বাড়িটার ঝলমলে আলোগুলো জ্বালে না কেউ।,pending
13677,দেখল গাড়ি থেকে নেমে আসছে তার বিশেষ পরিচিত এক মানুষ।,pending
13678,কেন যে নীচের আলোগুলো জ্বালাল ও নিজেই বুঝে উঠতে পারল না।,pending
13679,যথারীতি ফ্রিজটা খুলতেই সাজানো নানানরকম জুসের ক্যান।,pending
13680,হঠাৎ খেয়াল হল গ্লাসের গা দিয়ে কিছু একটা গড়িয়ে পড়ছে।,pending
13681,তার একদম নীচ থেকে একটা লাল রঙের ফাইল টেনে বের করল মৃন্ময়ী।,pending
13682,ধানুয়াও বাধ্য ভৃত্যের মতো তন্ময়ের পাশে এসে দাঁড়ায়।,pending
13683,আজ সেই বাড়িটায় একা ঘুরে বেড়াতে কেমন যেন গা-ছমছম করছে।,pending
13684,সেই দিকে যেতে গিয়ে বিছানার কোণটা ঠকাস করে পায়ে লাগল।,pending
13685,খানিকটা খুঁড়িয়ে ঘর থেকে বেরিয়ে যাবার জন্য এগোতে থাকে।,pending
13686,পেছন ঘুরে দেয়ালে হট শালা বলে দড়াম করে একটা ঘুষি মারে।,pending
13687,তন্ময় হাসতে হাসতে বিছানায় চিত হয়ে শুয়ে পড়েছিল।,pending
13688,কখন যে কপাল আর গলাটা ঘামে ভিজে গেছে তন্ময় টেরই পায়নি।,pending
13689,তার মধ্যে সাজানো বাইশটা হিরে বসানো প্ল্যাটিনামের হার।,pending
13690,চোখটা মাটি থেকে তুলতেই ছিটকে দু-পা পিছিয়ে গেল তন্ময়।,pending
13691,শুধু বুঝতে পারছে সিঁড়ি দিয়ে নেমে আসছে বিকট দর্শন খুনিটা।,pending
13692,পা দিয়ে সিঁড়ির ধাপে চাপ দিতেই তন্ময় খানিকটা সরে এল।,pending
13693,ঠিক তখনই বাইরে থেকে পুলিশের গাড়ির সাইরেন বেজে ওঠে।,pending
13694,উপুড় হয়ে পড়ে থাকা মিহিরের দিকে ছুটে গিয়েই সবাই থমকে গেল।,pending
13695,এবার কাঠে কাঠে ঠোকা লাগার এবং সেটা ঘরের দরজাতেই হয়েছে।,pending
13696,বিশেষত ওই কাগজটা খুঁজে পাওয়ার পর থেকে ভীষণ ভয়ে আছে সে।,pending
13697,মশারির মধ্যে বসে আকাশ-পাতাল ভেবে সত্যি কোনো লাভ নেই।,pending
13698,সাহস করে বেরিয়ে ডাইনিঙের আলোটা জ্বালিয়ে দেয় মৃন্ময়ী।,pending
13699,ডাইনিঙের সবুজ আলোর আভাটুকু সিঁড়ির দিকে গিয়ে শেষ হয়ে গেছে।,pending
13700,এই দৃশ্যটা দেখার পর মৃন্ময়ীর শরীর আর নড়তে চাইল না।,pending
13701,দেড় বছরের সোনাইকে নিয়ে শূন্যে ঝুলেছিল ভয়ংকরভাবে।,pending
13702,এইসব ভাবতে ভাবতেই হুড়মুড় করে নীচে নেমে এল মৃন্ময়ী।,pending
13703,ঘরের মধ্যে হালকা নীল আলোয় কোনো অস্বাভাবিকত্বই চোখে পড়ল না।,pending
13704,মায়ের কথা শুনে কাঁদতে কাঁদতেই মাথাটা দু-পাশে নেড়ে না বলে।,pending
13705,ফ্যাটফ্যাটে টিউবলাইটের আলোটা জ্বেলেই ছেলেকে জাপটে শুয়ে রইল।,pending
13706,সায়ন ফস করে আর-একটা নাম বলে ওঠায় অবনীশের কথা থেমে গেল।,pending
13707,একেবারে গলার হাড়গুলো গুঁড়িয়ে চিপসে দিয়ে মেরেছে।,pending
13708,পাশেই দাঁড়িয়ে থাকা ডক্টর চ্যাটার্জির মুখের দিকে চাইল।,pending
13709,একজন আসামি পুলিশের আত্মীয় এই ব্যাপারটা ঠিক হজম হল না।,pending
13710,চট করে মৃন্ময়ীর খেয়াল হয় ছেলের আয়া আসবে আজ থেকে।,pending
13711,কাল রাতে সায়নের বাড়ি থেকে ফেরার পথেই খবর দিয়েছিল।,pending
13712,বলে জানলার কাছে গিয়ে ভারী পর্দাটা এক টানে সরিয়ে দিল।,pending
13713,উইদাউট এনি ইনফরমেশন আপনারা একটা লোককে স্যাক করতে পারেন না।,pending
13714,মোতায়েন করা পুলিশবাহিনীকেও একই নির্দেশ দেওয়া হয়।,pending
13715,সায়ন আলমারির গায়ে লাগানো হাতল ধরে দু-বার টান দিল।,pending
13716,লেন্সের মুখ যেদিকে হয় সেদিকটা সরু হয় আর উলটোদিকটা মোটা।,pending
13717,এখন যে-কোনো ফোন এলেই মৃন্ময়ী ভীষণ উদ্বিগ্ন হয়ে পড়ে।,pending
13718,বড়ো করে একটা নিশ্বাস নিয়ে দরজাটা ঠেলে খুলে দিল মৃন্ময়ী।,pending
13719,বরং আপনার ভালোর জন্য আমরা আপনাকে আমাদের হেফাজতে রাখব।,pending
13720,সোনাইয়ের চোখ দুটো ঠিক টেডিটার মতো গোল আর বড়ো হয়ে গেছে।,pending
13721,তন্ময়বাবুকে যে চেনেন সেটা যে অস্বীকার করেননি এই ভালো।,pending
13722,ঠোঁট ছড়িয়ে সৌজন্যমূলক হাসি ছুড়েই সদলবলে বেরিয়ে গেল।,pending
13723,মেয়ের মুখ বুজে গুমরে মরা দেখে তারও বুকের ভেতর ধড়ফড় করছে।,pending
13724,কথাগুলো বলতে বলতে গাড়ির সামনের মিররে চোখ পড়ে যায় সায়নের।,pending
13725,কারণ ঠিক সে-ই সময় দরজায় এসে দাঁড়ায় আর-এক পুলিশ অফিসার।,pending
13726,গাড়িটা যেখানে দাঁড়িয়েছিল ঠিক তার আগেই একটা পোস্ট ছিল।,pending
13727,কে যেন আবদুলের মাথাটা কেটে পিঠের দিকে বসিয়ে দিয়েছে।,pending
13728,খালি চোখে ঝট করে দেখলে জিপের উলটোফুটে কাউকেই চোখে পড়বে না।,pending
13729,ফরওয়ার্ড-রিওয়াইন্ড করে বারবার খুঁটিয়ে দেখল সবাই।,pending
13730,হাতে রাখা পুলিশের টুপিটা মাথায় দিয়ে স্যালুট করে সায়ন।,pending
13731,টেবিলের আড়ালে কোলের ওপর রাখা হাতদুটো একবার কচলে নিল।,pending
13732,তাই বলছিলাম কী খাবেন বলুন ভালো জায়গা থেকে আনিয়ে দেব।,pending
13733,কথা বলতে বলতে কোথায় থামতে হয় সেটাই আপনারা জানেন না।,pending
13734,আজ এখানে ডেকে চরম নোংরামির মধ্যে আমাকে ফাঁসাতে চাইছেন।,pending
13735,ওই আপনার মা যখন দরজার আড়ালে দাঁড়িয়ে কথা শুনছিলেন।,pending
13736,সোমদত্তা ফাইলের কভার উলটে ভেতরের রিপোর্টগুলো দেখায়।,pending
13737,এখন বুদ্ধিমানের কাজ হবে শুরু থেকে শেষ অবধি সব সত্যি কথা বলা।,pending
13738,ছোটো একটা টাওয়েলে হাত মুছতে মুছতে ঘরে ঢুকে এল মুনাই।,pending
13739,মৃন্ময়ী বাথরুমে ঢুকে সোনাইয়ের গায়ের জামা খুলে দেয়।,pending
13740,বলে সোনাইয়ের হাত ছাড়াতে গিয়েও মৃন্ময়ী অপারগ হয়।,pending
13741,শেষমেশ একটা লাঠি দিয়ে দূর থেকে দরজায় জোরে মারতে থাকে।,pending
13742,দু-তিনবার মারার পরেই একটা হাত মুনাইয়ের হাত ধরে আটকে দেয়।,pending
13743,মৃন্ময়ীর মনে হল সোনাইয়ের পায়ে বোধহয় এবার সাড় ফিরেছে।,pending
13744,সংবিত ফিরতেই গরম জল থেকে একটানে ছেলেকে কোলে তুলে নেয়।,pending
13745,আসলে আমি ছোটো থেকেই খুব সাজতে আর সাজাতে ভালোবাসতাম।,pending
13746,পকেট থেকে গুটখার একটা প্যাকেট ছিঁড়ে মুখে ফেলে হাসল লোকটা।,pending
13747,আমি দাঁড়িয়ে থেকে মনের মতো করে এই বাড়ি বানিয়েছি।,pending
13748,তাই এ-বাড়িতে তোমার হুকুম যতটা চলবে ঠিক ততটাই চলবে আমার।,pending
13749,এই কথাতে মৃন্ময়ী আর মুনাইয়ের মুখ আবার শুকিয়ে গেল।,pending
13750,ঠোঁটদুটো কেঁপে উঠল চোখের কোল টপকে গড়িয়ে পড়ল দু-ফোঁটা জল।,pending
13751,এই কথোপকথনে পরিবেশটা হালকা হওয়ার চেয়ে ভারী হল বেশি।,pending
13752,কতটা বলবে আর কতটা আড়ালে রাখবে সেটা নির্ধারণ করা ভীষণ কঠিন।,pending
13753,দুনিয়ার সামনে বলে বেড়ায় উই আর ভেরি গুড ফ্রেন্ডস।,pending
13754,সেটা আপনার কেরিয়ার বা সিনেমা কোনো কিছুর জন্যেই ভালো নয়।,pending
13755,শান্তনু একটু লজ্জা-লজ্জা ভাব করে মুখে না না বলল বটে।,pending
13756,সেদিন বিকেলে সিনেমার নামকরা পরিচালক ত্র্যম্বকেশ্বর মুখোপাধ্যায় এলেন শান্তনুর সঙ্গে মিটিং করতে।,pending
13757,সেই কথা শুনে রোজি আবার ঘাড় বেঁকিয়ে ফিচফিচ করে হাসল।,pending
13758,ন্যায্য পয়সা দিতে পারবে না বলে অন্যভাবে টাকাটা উশুল করবে।,pending
13759,ছবিটার কথা ওঠাতে এক ঝলক দৃশ্য সায়নকে নাড়িয়ে দিল নতুন করে।,pending
13760,ভাবনার ঘেরাটোপ থেকে বেরিয়ে নিজে একটু সোজা হয়ে বসে পড়ল।,pending
13761,মোম-জোছনায় গা ভিজিয়ে জানলার পাশে বসে আছে বিনোদিনী।,pending
13762,মাথার মাঝে শূন্য আলপথের মতো খাঁ খাঁ করছে বিবর্ণ সিঁথি।,pending
13763,হাবুডুবু খেতে থাকা দুটো মানুষ চকিতে দরজার দিকে তাকায়।,pending
13764,তারপরেই ক্যামেরাসমেত গোটা দৃশ্যটাই তুমুল নড়েচড়ে ওঠে।,pending
13765,বন্দনা দূরে দাঁড়িয়ে দেখল শান্তনুর চোয়ালদুটো যত শক্ত হচ্ছে তন্ময়কে নিয়ে আত্রেয়ীর আদিখ্যেতা আরও বাড়ছে।,pending
13766,কারওর কাছ থেকে ছবি তোলার কোনো অ্যাসাইনমেন্ট পাওয়ার কথা ছিল।,pending
13767,কারণ ও শটগুলো এত ভালো দিয়েছে বলেই এক টেকে ওকে হয়েছে।,pending
13768,এরপর থেকে ম্যাডামের বাড়িতে তন্ময়ের আনাগোনা লেগেই থাকত।,pending
13769,দীর্ঘশ্বাস ফেলে চোখ বুজে খানিক ভেবেও এক বর্ণ মনে পড়ল না।,pending
13770,ইনফ্যাক্ট উনি কোথায় থাকবেন সেটাও ম্যাডামকে জানাননি।,pending
13771,ভোররাত থেকে সেই যে ঝাঁপিয়ে নেমেছে তার আর বিরাম নেই।,pending
13772,এই বাড়িতে তন্ময়কে অবাধ বিচরণের অধিকার ম্যাডামই দিয়েছে।,pending
13773,আর দেরি না করে ঝটপট বাথরুমে ঢুকে টাওয়েলটা নিয়ে নিল।,pending
13774,কোমরে বাঁধা দড়ির গিট আলগা করে প্যান্টটাও ছেড়ে ফেলে।,pending
13775,নিজেকে একটু ঝেড়ে নিয়ে চেয়ারে সোজা হয়ে বসল সায়ন।,pending
13776,মানে জাস্ট ব্ল্যাকমেল করে অনেক টাকা কামিয়ে নেওয়া এই আর কী।,pending
13777,এখানে অন্য সাধারণ মানুষ হলে ভাবত একটা ফেজ হয়তো চলে গেছে।,pending
13778,সেটাকে ডানহাতের তালুতে পেঁচিয়ে ঘরের দরজার দিকে তাকান।,pending
13779,মোবাইলের আলোটা নিয়ে ধীর পায়ে দরজার কাছে চলে আসেন।,pending
13780,পাশের ঘরে আলো ফেলে দেখল সেখানেও চেয়ার টেবিল কিছু নেই।,pending
13781,মৃন্ময়ী মশারির বাইরে বেরিয়ে এসে মুনাইকে জড়িয়ে ধরে।,pending
13782,দুজনের চোখের মণি অবিরত কাউকে যেন খুঁজে চলেছে মরিয়া হয়ে।,pending
13783,মনে করতে না চাইলেও সেই বীভৎস মুখটা পিছু ছাড়ছে না মুনাইয়ের।,pending
13784,মুনাই আর মৃন্ময়ী ঠিক করে ওঁ ধ্বনিটাও উচ্চারণ করতে পারছে না।,pending
13785,মুনাইয়ের দুটো পা-ই পিছলে সিঁড়িতে দুটো ধাপ নেমে যায়।,pending
13786,সোনাইকে কোলে নিয়েই সামনের দিকে ঝুঁকে দু-পা এগিয়ে যায় সে।,pending
13787,আচমকাই একটা লাফ মেরে মৃন্ময়ী কোথাও একটা উঠে দাঁড়ায়।,pending
13788,সে তার ছেলেকে নিয়ে কারও একটা ভারী শরীরের ওপর পড়েছে।,pending
13789,কোনোরকমে উঠে বসেই পাগলের মতো সোনাইকে জড়িয়ে ধরে সে।,pending
13790,তারপর বাকি সুতোটা ছিঁড়ে কাঁধের ঝোলা ব্যাগে রেখে দেন।,pending
13791,কোনো মানুষের চোখ এমন হয় না যদি না সে লেন্স পরে থাকে।,pending
13792,গ্লাভস পরা হাতের তালুর ওপর একটা সাদা রঙের ট্যাবলেট।,pending
13793,সেখান দিয়ে মাথা গলিয়ে মর্গের চৌহদ্দিতে ঢুকে পড়লেন।,pending
13794,একটানে কথাগুলো বলে লোকটার দমে ঘাটতি হল কিনা জানা নেই।,pending
13795,আর সে হয় আত্মহত্যা করেছে নয় তো অ্যাক্সিডেন্টে টপকেচে।,pending
13796,পরান দু-হাত পেতে টাকাগুলো নিয়ে বুকের কাছে জাপটে নেয়।,pending
13797,খাকি পোশাকের ভিড় দেখে তড়াক করে লাফিয়ে উঠে দাঁড়ায় সে।,pending
13798,যেখানে কোনো টুরিস্ট কখন চেক ইন চেক আউট করছে তার নথি থাকে।,pending
13799,যেই জামাটা পরতে যাই অমনি এই চিঠি আর টাকাটা মাটিতে পড়ে যায়।,pending
13800,তারপর ব্যাগটাকে বুকে চেপে মুখ ফিরিয়ে উলটোপথে হাঁটতে লাগলেন।,pending
13801,তার নামেই বুকিং হয়েছিল একটা সুপার ডিলাক্স ডবল বেডরুম।,pending
13802,একটু আগেই পকেটের ভেতর ঢুকিয়ে রাখা মোবাইলটা আবার বের করে।,pending
13803,হাতের ব্যাগ মাটিতে নামাতে গিয়ে শরীরটা কোমর থেকে ভাঁজ করলেন।,pending
13804,তার আগে বৃষভানু কী দেখেছে কী করেছে আমরা জানি না স্যার।,pending
13805,আমি জোর করে আমার মুখের ওপর থেকে ওর হাতটা সরিয়ে দিই।,pending
13806,চোখের কথা শুনে লোকটির দিকে আরও একটু বেশিই ঝুঁকে পড়ে।,pending
13807,বুকের দু-পাশ দিয়ে লাল উত্তরীয় দুটো উরুর ওপর এসে পড়েছে।,pending
13808,কথাটা মনে মনে বলেই সিঁড়ির দিকের চৌকাঠে চোখ আটকে যায়।,pending
13809,দুটো নগ্ন পা ডাইনিং রুমের মেঝেতে চুপ করে দাঁড়িয়ে আছে।,pending
13810,বিকট ধবধবে সাদা চোখে দেখতে থাকে ধোঁয়ায় ভরা শরীরটাকে।,pending
13811,এই গভীর রাতে বাইরে থেকে এক চড়া আলো যেন ওদের টেনে নিয়ে গেল।,pending
13812,রাতে ধয়ে যাওয়া কালবৈশাখীর দাপট সকলকে বাদ্ধ করে দিয়েছে।,pending
13813,আজ থেকে সাড়ে ছয় বছর আগে ওরা দুজন ভারমোরে বেড়াতে যান।,pending
13814,একটা দীর্ঘশ্বাস ছেড়ে মোবাইলটা সায়নের দিকে বাড়িয়ে দিলেন।,pending
13815,লোকটি উলটোদিকের জানলার বাইরে তাকিয়ে দাঁড়িয়ে আছে।,pending
13816,পাশের ঘর থেকে সায়ন চুপচাপ খেয়াল করছে আর নিজের মনে হাসছে।,pending
13817,তুমি ভেতর থেকে লোক লাগিয়ে এই সালমা খাতুনের খোঁজ নাও।,pending
13818,ভোর রাতে খবরটা পেয়েই সকাল হতে না হতে অবনীশকে জানায় সায়ন।,pending
13819,ডক্টর বিশাখ চ্যাটার্জির ট্রিটমেন্টে ছিল তন্ময় হালদার।,pending
13820,সোমদত্তা একবার চোখের পাতা ফেলে মাথা নেড়ে সম্মতি জানায়।,pending
13821,পুলিশকে দেখে তন্ময়ের আধবোজা চোখটা বেশ বড়ো করে খুলে গেল।,pending
13822,তন্ময়ের চোখের মণিদুটো অবনীশ আর সোমদত্তাকে দেখে নিল।,pending
13823,আপনি চটপট তার সঠিক উত্তরটা দিয়ে দিলেই আমরা বিদেয় হব।,pending
13824,তন্ময় ঠিক বুঝতে পারে না তার কোন ভালোর কথা বলছে সায়ন।,pending
13825,তাতে কেঁচো খুঁড়তে কেউটে বেরোবে আর আপনি জড়িয়ে যাবেন।,pending
13826,একসময় মাথায় বেশ ঠাসা চুল ছিল সেটা দেখলেই বোঝা যায়।,pending
13827,আর এইগুলো আপনি হোটেল থেকে বেরিয়ে বাইরের লনে দাঁড়িয়ে করেন।,pending
13828,বিশ্বাস আমি আপনাকে করতাম যদি আপনি পুলিশকে ভয় না পেতেন।,pending
13829,আইসিসিইউর কাচের গায়ে হাত রেখে চুপ করে দাঁড়াল মৃন্ময়ী।,pending
13830,ঠিক সেই সময়েই পাশে এসে মৃন্ময়ীর কাঁধে হাত রাখল সায়ন।,pending
13831,একজন ফাঁকা স্ট্রেচার ঠেলতে ঠেলতে সায়নের পাশ দিয়ে চলে গেল।,pending
13832,একজন যাওয়া আর অন্যজনের ফিরে আসার মাঝে করিডরগুলো নির্জন।,pending
13833,চোখ তুলে তাকাতেই দেখে নিশ্বাসটা ঘন ঘন পড়ছে পেশেন্টের।,pending
13834,চট করে আর-একটা বোতল এনে লোহার স্ট্যান্ডে ঝুলিয়ে দিল।,pending
13835,ঘড়ির কাঁটা গভীর রাত থেকে ভোর রাতের দিকে এগিয়ে চলেছে।,pending
13836,এদিকে এতবার আলো জ্বলছে আর নিভছে বলে সোহিনী ভয়েই মরছে।,pending
13837,নিজের বরাদ্দ চেয়ারে গিয়ে বসে কফিতে চুমুক দিল সোহিনী।,pending
13838,দু-বার চাবিটা ঘোরাতেই বড়ো তালাটা ঘটাং করে খুলে গেল।,pending
13839,এক ঝলকে ঘরটা সকলের চোখের সামনে দিনের আলোর মতো ফুটে উঠল।,pending
13840,খাটের তলায় উঁকি মারবে বলে সবে একটু ঝুঁকেছিল সোমদত্তা।,pending
13841,সায়নের চাউনির ভাষা বুঝতে পেরেই চুপ করে গেল সোমদত্তা।,pending
13842,সায়নের নির্দেশ পেয়েই একজন গিয়ে লোহার ট্রাংকটা খুলে দেয়।,pending
13843,সায়ন মাথা নীচু করে খাটের তলাটা ভালো করে দেখতে থাকে।,pending
13844,ভাঙতে ভাঙতে বেরিয়ে এল ভাঁজ করা একটা শাড়ির দোকানের প্যাকেট।,pending
13845,ওয়ালেটটা পুরো খুলে ফেলতেই একপাশে একটা ছবি চোখে পড়ল।,pending
13846,সায়ন আবার সেই বড়ো গোল গোল চোখ করে সোমদত্তার দিকে তাকাল।,pending
13847,ছবিগুলো হাতে নিয়েই হুড়মুড় করে বেরিয়ে গেল সায়ন।,pending
13848,স্ট্রেচারে করে অক্সিজেনের নলসমেত একজন রোগীকে নিয়ে আসা হল।,pending
13849,কেবল একটি ছায়া কাচের গায়ে গা ঠেকিয়ে ঠায় দাঁড়িয়ে রইল।,pending
13850,বুকের কাছে কে যেন সজোরে এক ধাক্কা দিয়ে গেল সোহিনীর।,pending
13851,করিডরটা সাদা আলোর চাদর মুড়ি দিয়ে শূন্য বুকে বসে আছে।,pending
13852,রিপোর্টগুলো পড়তে পড়তে সত্যিই চোখটা জুড়ে আসছিল সোহিনীর।,pending
13853,বাঁ-হাতে কাপটা ধরে ডান হাত দিয়ে দরজার হাতলে চাপ দেয়।,pending
13854,সোমদত্তা শিবানীর দিক থেকে চোখ ফিরিয়ে সামনের দিকে তাকাল।,pending
13855,সায়নের মুখটা লজ্জায় কঠিন হয়ে গেলেও কিছু বলতে পারল না।,pending
13856,কমিশনারের নির্দেশে চলতে শুরু করল সিসিটিভির ফুটেজগুলো।,pending
13857,সেখানে দিব্যি মানুষগুলোর ছায়া পড়ল এবং সেটা সরেও গেল।,pending
13858,না পেয়ে ঘরের দিকে একবার তাকিয়ে দরজা বন্ধ করে বেরিয়ে যায়।,pending
13859,করিডরের ফুটেজে বোঝা গেল সোহিনীর শরীরটা কিছু দেখে থমকে গেছে।,pending
13860,মেয়েদুটো ঘড়ি দেখে একে অপরের মুখ চাওয়া-চাওয়ি করে।,pending
13861,শুরুতে যা ভিড় ছিল এখন তার থেকে অনেকটাই পাতলা হয়ে গেছে।,pending
13862,এখন যারা আছে তারা বেশিরভাগই পুলিশের লোক আর মিডিয়া।,pending
13863,শ্মশানের সামনের খালি জায়গাটায় সবাই ছড়িয়ে-ছিটিয়ে আছে।,pending
13864,একটু কাছে যেতেই সোমদত্তা বুঝল বৃদ্ধের চোখে বেশ পাওয়ার আছে।,pending
13865,বৃদ্ধের কথাটা যেন সরাসরি সোমদত্তার বুকে গিয়ে বেঁধে।,pending
13866,সোমদত্তার দিকে কড়া নজরে তাকিয়ে হাঁটু মুড়ে বসে পড়ল সায়ন।,pending
13867,ডানদিকের গলি কথাটা কানে এসে লাগতেই তন্ময়ের মুখ ভেসে উঠল।,pending
13868,মুনাই চা নিয়ে ঘরে ঢুকে খাটের পাশের টেবিলটায় রাখে।,pending
13869,এই সায়ন… বেশ কয়েকবার ঠেলা দেবার পর ঘুম ভাঙল সায়নের।,pending
13870,ও ফাক ফাক ফাক ফোনটাকে বিছানায় ছুড়ে ফেলে দিল রাগের চোটে।,pending
13871,চুলের মধ্যে দুটো হাত চালিয়ে দিয়ে মাথা নীচু করে বসল সায়ন।,pending
13872,ঝাঁপিয়ে পড়ল… জলের অতল থেকে খাবি খেয়ে জেগে উঠল তন্ময়।,pending
13873,স্যার আমি জাস্ট দু-মিনিটের জন্য ওয়াশরুমে গিয়েছিলাম।,pending
13874,চোখের সামনে থেকে ঘোলাটে পর্দাটা সরতে একটু সময় লাগে।,pending
13875,মিহিরের ভারী হয়ে আসা চোখের পাতাটা দু-বার নড়ে ওঠে।,pending
13876,আলোকপর্ণা আর সুবিমল একটু ভয় পেয়ে ওদের দিকে তাকিয়েছে।,pending
13877,তন্ময় দৌড়ে এসেই মিহিরকে মুখঝামটা দিতে শুরু করে দেয়।,pending
13878,বেশিরভাগটাই মিহিরকে অবিশ্বাস করে লোকে কমেন্ট পাস করতে থাকে।,pending
13879,আর পূর্বের ঘটনাগুলো যত দেখছিলেন ততই কেঁপে কেঁপে উঠছিলেন।,pending
13880,মিহির মুখ না-ফিরিয়েই শরীরটা দানবের মতো কাঁপিয়ে দিল।,pending
13881,কথাটা শেষ করতেই সোমদত্তা এবং তার টিমকে দেখতে পায় সুরভি।,pending
13882,জলে ঝাপসা হয়ে আসা চোখ তুলে সুরভিও তাকায় মেয়ের দিকে।,pending
13883,হাফ রাউন্ড ট্রলি শট সমেত আরও কয়েকটা শট ভালোভাবেই উতরে গেল।,pending
13884,মিহির মুখের ওপর জানিয়ে দেয় সেটা কোনোভাবেই সম্ভব নয়।,pending
13885,তন্ময় অ্যাসিস্ট্যান্টকে হুকুম ছুড়ে দিল শট চালাবার।,pending
13886,নইলে আলোকপর্ণার ক্যারেক্টারটাই ভেজা ন্যাতার মতো হয়ে যাবে।,pending
13887,পরের দিন ভোর থেকে আবার শুট শুরু হবে তেমনটাই ঠিক হল।,pending
13888,সায়ন কানটাকে আর-একটু মিহিরের মুখের দিকে বাড়িয়ে নিয়ে গেল।,pending
13889,সুরভির কথায় সায়ন আর সোমদত্তা দুজনেই একটু থমকে যায়।,pending
13890,দূরে দূরে টিমটিমে জোনাকির মতো ছড়িয়ে-ছিটিয়ে থাকা আলো।,pending
13891,মোবাইলটাকে কানে চেপে চুপ করে এপাশ-ওপাশ দেখতে থাকে তন্ময়।,pending
13892,একবার পা হড়কালে শরীরের আর কোনো অংশই খুঁজে পাওয়া যাবে না।,pending
13893,তন্ময়কে পাহাড়ের ধার থেকে টান মেরে মাটিতে ফেলে দেয়।,pending
13894,ক্যামেরা নিয়ে যে এসেছিল সে তো কাল রাতে হোটেলে ফেরেইনি।,pending
13895,উনহোনেই মুঝে বাতায়া উও মাংকিক্যাপ পহেননেওয়ালি কা নাম।,pending
13896,আমি সেই কপি থেকে কলকাতায় ফিরে আরও দু-তিনটে কপি বানাই।,pending
13897,শুধু শরীরের ভেতরে চুপিচুপি কিছু রোগ বাসা বেঁধে ফেলে।,pending
13898,মায়ের মুখ থেকে সবটা শোনার পর আমার ভীষণ রাগ হতে থাকে।,pending
13899,অন্য একটি মেয়ে একদিন ওভার-হিয়ার করে এসে আপনাকে জানায়।,pending
13900,সায়ন আর কথা না বাড়িয়ে মুচকি হাসে সোমদত্তার দিকে তাকিয়ে।,pending
13901,সায়ন আর সোমদত্তার দিকে কাঁপা কাঁপা চোখ তুলে তাকায়।,pending
13902,ঠোঁটের কোণে আহ্লাদি রং ফুটিয়ে ওপর-নীচে ঢকঢক করে ঘাড় নাড়ল।,pending
13903,বড়ো সাদা তোয়ালেটা শুধু বুকের ওপর দিয়ে জড়িয়ে রাখা।,pending
13904,ও বিশ্বাস করে আমার ক্যামেরাতেই ওকে সবচেয়ে ভালো লাগে।,pending
13905,তন্ময়ের দিকের বিছানার পাশে একটা কালো ব্যাগ রাখা ছিল।,pending
13906,তন্ময় ব্যাগের আর-একটা খাপে হাত ঢোকাতেই জিনিসটা পেয়ে যায়।,pending
13907,বলেই ঝাঁপিয়ে পড়ে তন্ময়ের হাত থেকে ছবিগুলো নেবার জন্য।,pending
13908,সেখান থেকে পাঠানকোট ফ্লাইটে গিয়ে গাড়ি করে ভারমোর।,pending
13909,আপনার তো আমাদের হোমিসাইড ডিপার্টমেন্টে থাকা উচিত ছিল।,pending
13910,কয়েক বছর আগে দুজন টুরিস্ট পরপর মারা যায় ওখানে গিয়ে।,pending
13911,তারপর সেগুলোকেও মুঠো করে ধরে খাদের দিকে শূন্যে ছুঁড়ে দেয়।,pending
13912,তুমি কোন লজ্জা ঢাকতে আমায় অন্যের হাতে তুলে দিয়েছিলে।,pending
13913,ধারালো মিছরির ছুরি চাঁদের আলোয় ঝলসে ওঠে তার ঠোঁটে।,pending
13914,রাতে যারা ছিল তারা পরের জনকে ডিউটি বুঝিয়ে ঘরে ফিরতে থাকে।,pending
13915,তুমি দেখবে অপঘাতে যাঁদের মৃত্যু হয় তাঁদের তিনদিনে কাজ হয়।,pending
13916,দুজনেই এখন পারলে সিসিটিভি ফুটেজগুলোকে চোখ দিয়ে গিলে নেয়।,pending
13917,থার্ড ফ্লোরের লিফট থেকে বেরোতে গিয়েই দেখে শোভন দাঁড়িয়ে।,pending
13918,উলটোদিকে সায়নের গলাতেও তন্ময়ের হাত আলগা হয়ে যায়।,pending
13919,তন্ময় হঠাৎ পাথরের মতো হয়ে মুখ থুবড়ে সামনের দিকে পড়ে।,pending
13920,খানিক আগে আর-একজন এসে মর্গের দেয়াল আলমারিতে ঠাঁই নিয়েছে।,pending
13921,দেখল যে লাশটাকে চালান করেছে সেটাই আবার বেরিয়ে এসেছে।,pending
13922,তারপর টেনে পরখ করে ফাঁকা স্ট্রেচারটার দিকে হেঁটে আসছিল।,pending
13923,তারপর তার মুখের বাঁধন খুলে ভেতরে থাকা কৌটোর ঢাকনা খুলে দেয়।,pending
13924,সবক-টা ফ্রিজারের দরজা নিজে থেকেই খুলে বেরিয়ে আসছে লাশসমেত।,pending
13925,এইসময় সায়নের মনে হয় ঠিক ওর পেছনেই কেউ দাঁড়িয়ে আছে।,pending
13926,চোখের নিমেষে সায়নকে দেয়ালের দিকে ছুঁড়ে দেয় লাশটা।,pending
13927,সায়ন দেয়ালে ধাক্কা খেয়ে একটা বেডের ওপর আছড়ে পড়ে।,pending
13928,এদের দুজনকে এই ভয়ানক বিপদের মধ্যে না আনলেই ভালো হত।,pending
13929,লাশগুলোর ছিটকে সরে যাওয়ায় তার মনের হারানো জোর ফিরে এসেছে।,pending
13930,বদ্ধ মর্গে ঘুরতে থাকা প্রলয়ের ঘূর্ণিতে ছড়িয়ে পড়ে শান্তনুর আত্মার যন্ত্রণাদীর্ণ শেষ আর্তনাদ।,pending
13931,তারপরেই চোখ যায় পায়ের কাছে দাঁড়িয়ে থাকা লোকটার দিকে।,pending
13932,তার মধ্যে থেকেই কালো জটাধারী এক মাঝবয়সি সাধু উঠে এল।,pending
13933,বলে ঘরে গিয়ে একটা বিশাল লাল রঙের ভারী ঝোলা নিয়ে এল।,pending
13934,মিহিরের জীবনের এই ঘটনার জন্য তোমরা আমায় দায়ী করতেই পারো।,pending
13935,হয়তো সেই কারণেই আত্মা তোমার ছেলেকে বশ করতে পেরেছিল।,pending
13936,কারণ ছেলেগুলোর মুখ থেকে ওটা শোনার পর মনটা খুব খচখচ করছিল।,pending
13937,গারদ ভেঙে পালাতে গেলে সবার চোখের সামনে দিয়েই পালাতে হবে।,pending
13938,তা-ও স্ট্রিট লাইটের আলোয় জামার রং সঠিক করে বলা যায়নি।,pending
13939,যে লোক এই কাজ করে তাকেও তন্ময় কলকাতার বাইরে থেকে নিয়ে আসে।,pending
13940,আবার আগের মতো ছুটে হেঁটে ঘুরে বেড়াতে পারবে মিহির সরখেল।,pending
13941,যতই সে ডিরেক্টর হোক।,pending
13942,তুমি তো আর থাকবে না।,pending
13943,কিছু একটা করতেই হবে।,pending
13944,আইটিতে আছেন সম্ভবত।,pending
13945,তখন কথা বলে নিয়ো।,pending
13946,ও আচ্ছা আচ্ছা বলুন।,pending
13947,ও আর প্রশ্ন করল না।,pending
13948,এত চিন্তা কোরো না।,pending
13949,হ্যাঁ দত্ত বলো।,pending
13950,ভালো নাম পিন্টু ঘোষ।,pending
13951,আমি ঘরেই ঢুকে গেলাম।,pending
13952,এবার আর ফুলকি নয়।,pending
13953,ওঁরা যথাসাধ্য করছেন।,pending
13954,কেউ মিথ্যে বলছে না।,pending
13955,তাই ও খেপে গিয়েছিল।,pending
13956,মৃন্ময়ী কথা বলে না।,pending
13957,তেমন কিছুই দেখল না।,pending
13958,বকশি একটু থেমেই গেল।,pending
13959,একদমে বলে গেল সায়ন।,pending
13960,শব্দ হল না কোনো।,pending
13961,দরজা জানলা সব বন্ধ।,pending
13962,উও ছুট্টি মে থি।,pending
13963,সায়ন ছুটে এপারে এল।,pending
13964,সরি বন্দনা দেবী।,pending
13965,আস্তে আস্তে এসো ভাই।,pending
13966,এই জগৎটাই তো এমন রে।,pending
13967,বন্দনা কেঁদে ফেলে।,pending
13968,মনে মনে হাসল বন্দনা।,pending
13969,ডোন্ট টক রাবিশ তনু।,pending
13970,কাজ আমায় পেতেই হবে।,pending
13971,আর তারপরে দিন এগোল।,pending
13972,বন্দনা মনে মনে হাসল।,pending
13973,গায়ে জল শুকিয়ো না।,pending
13974,একটু দূরে চোখ গেল।,pending
13975,এর বেশি পাড়লাম না।,pending
13976,মৃন্ময়ী কেঁদে ফেলে।,pending
13977,আর কিছু বলতে হবে না।,pending
13978,কেউ কোত্থাও বসে নেই।,pending
13979,কাজে মন দিল সোহিনী।,pending
13980,তুমি তার শত্রু নও।,pending
13981,বাইরে একটা বাজ পড়ল।,pending
13982,মুনাইও ফুটেজটা দেখল।,pending
13983,এরকম প্লিজ করবেন না।,pending
13984,এখন আপনি রেস্ট করুন।,pending
13985,ছটফট করে উঠল সুরভি।,pending
13986,পাগলামি তুই করছিস।,pending
13987,শটটা চালিয়ে দ্যাখো।,pending
13988,আপনি শটটা প্লে করুন।,pending
13989,আমার জুসটা দিয়ে যা।,pending
13990,হ্যাটস অফ ম্যাডাম।,pending
13991,আমার বোঝা উচিত ছিল।,pending
13992,তুই চুপ কর শয়তানি।,pending
13993,তোর রক্তে দোষ আছে।,pending
13994,ফুটে উঠল ভিকির মুখ।,pending
13995,তার মানে এ শান্তনু।,pending
13996,উও একটা মেয়ে ছিল।,pending
13997,তখনই সব ধরা পড়ে।,pending
13998,দুজনেরই সাইড ফেস এক।,pending
13999,তন্ময় ছিটকে গেল।,pending
14000,পাশ দিয়ে চলে এসেছি।,pending
14001,মনে পড়লে বলব স্যার।,pending
14002,উঠে বসেছে সূর্য।,pending
14003,আপনিই তো সব করলেন।,pending
14004,আসলে ওরাও তো শিখছে।,pending
14005,সকলে উঠে দাঁড়ায়।,pending
14006,চলতে গিয়ে থমকে যান।,pending
14007,রাস্তার নাম বলুন।,pending
14008,মানুষ ফাঁসিয়ে দিন।,pending
14009,ফায়ার বিভাগ আসছে।,pending
14010,পুলিশ পাঠাচ্ছি।,pending
14011,চিন্তা করবেন না।,pending
14012,ভালো থাকুন সবসময়।,pending
14013,পেমেন্ট সম্পন্ন।,pending
14014,অ্যাকাউন্টিং বিভাগ।,pending
14015,আমি সেটা ভাবি কখনো।,pending
14016,তুমি সঠিক পথে আছো।,pending
14017,আবার কথা হবে শীঘ্রই।,pending
14018,"হ্যাঁ, আমি জানি।",pending
14019,করিম চা খাচ্ছে।,pending
14020,বশির কাপড় দেখেছি।,pending
14021,জামাল মাঠে যাচ্ছে।,pending
14022,আমার ধীর চাঁদ লাগছে।,pending
14023,রাম বাজারে যাচ্ছে।,pending
14024,সাকিব বোন শুনতে চাই।,pending
14025,অনুগ্রহ করে করব।,pending
14026,পড়াশোনা নিয়ে আসো।,pending
14027,"হ্যাঁ, জুতা জানি।",pending
14028,"বুঝলাম, ঘড়ি দরকার।",pending
14029,রিতা গ্রামে থাকে।,pending
14030,আমরা সহজ ফুল করছি।,pending
14031,সালমা মাঠে যাচ্ছে।,pending
14032,আপনি প্রশ্ন যাব।,pending
14033,"হ্যাঁ, রাত জানি।",pending
14034,নদী খুব পরিষ্কার।,pending
14035,গতকাল আমি হাঁটা করব।,pending
14036,সমুদ্র খুব হলুদ।,pending
14037,"হ্যাঁ, গাছ জানি।",pending
14038,এই ছবি অনেক খারাপ।,pending
14039,সবাই পার্ক নিই।,pending
14040,"হ্যাঁ, বাস জানি।",pending
14041,একটু পড়তে চাই তো।,pending
14042,মোবাইল নিয়ে আসো।,pending
14043,"হ্যাঁ, সমস্যা জানি।",pending
14044,এখন হাঁটা করার সময়।,pending
14045,কাপড় নিয়ে আসো।,pending
14046,"হ্যাঁ, মাঠ জানি।",pending
14047,"হ্যাঁ, বাগান জানি।",pending
14048,রাকিব চা খাচ্ছে।,pending
14049,সন্ধ্যা নেই এখানে।,pending
14050,পানি আমার পছন্দ।,pending
14051,ঘড়ি খুব সুস্থ।,pending
14052,দয়া করে স্বপ্ন দিন।,pending
14053,মন্দির খুব গরম।,pending
14054,রিতা খুলনায় থাকে।,pending
14055,কেউ পাখি শুনতে চাই।,pending
14056,রাস্তা দরকার আছে।,pending
14057,রাতে আমি ঘুমানো করব।,pending
14058,দুঃখ থাকলে ভালো হত।,pending
14059,আমি কফি যাচ্ছি।,pending
14060,তুমি জানালা দিয়েছি।,pending
14061,এই বাগান অনেক পুরনো।,pending
14062,"হ্যাঁ, পাখি জানি।",pending
14063,"হ্যাঁ, মাছ জানি।",pending
14064,আমি কাজ দিচ্ছি।,pending
14065,শীঘ্রই সুমন আসবে।,pending
14066,"হ্যাঁ, মাটি জানি।",pending
14067,"হ্যাঁ, বাজার জানি।",pending
14068,সীতা মাছ খাচ্ছে।,pending
14069,সানিয়া বাড়ি করেছি।,pending
14070,সময় থাকলে ভালো হত।,pending
14071,পরে রান্না শুরু হবে।,pending
14072,কামাল মাঠে যাচ্ছে।,pending
14073,রুটি খুব চিন্তিত।,pending
14074,সবজি থাকলে ভালো হত।,pending
14075,শীঘ্রই গীতা আসবে।,pending
14076,আজ আমি রান্না করব।,pending
14077,ফুল কিনতে হবে আমাকে।,pending
14078,আপনি চাঁদ বলতে চাই।,pending
14079,অফিস থাকলে ভালো হত।,pending
14080,আমি সময় নিচ্ছি।,pending
14081,প্রশ্ন নেই এখানে।,pending
14082,তুমি বাজার দিয়েছি।,pending
14083,সে সন্ধ্যা আসছি।,pending
14084,কৃষ্ণ জুতা পড়ব।,pending
14085,এই দরজা অনেক পুরনো।,pending
14086,"হ্যাঁ, বোন জানি।",pending
14087,রহিম চা খাচ্ছে।,pending
14088,"হ্যাঁ, আশা জানি।",pending
14089,নিতা পার্কে থাকে।,pending
14090,মন্দির খুব নতুন।,pending
14091,"হ্যাঁ, ভাত জানি।",pending
14092,"বুঝলাম, গাড়ি দরকার।",pending
14093,সুমি নদীর ধারে থাকে।,pending
14094,ও মোবাইল পড়তে চাই।,pending
14095,আগামীকাল শফিক আসবে।,pending
14096,আমরা সরল চা পড়েছি।,pending
14097,তারা মন্দির ভাবি।,pending
14098,"হ্যাঁ, বই জানি।",pending
14099,কেউ বোন পড়তে চাই।,pending
14100,আগামীকাল রিতা আসবে।,pending
14101,গরম দিন পছন্দ করি।,pending
14102,সে সূর্য লিখছি।,pending
14103,"হ্যাঁ, ছবি জানি।",pending
14104,তখন আমি ঘুমানো করব।,pending
14105,রাস্তা নেই এখানে।,pending
14106,সমস্যা খুব গোলাপি।,pending
14107,এই বিকাল অনেক সতেজ।,pending
14108,সবাই মোবাইল নিয়েছি।,pending
14109,ও মন্দির দেখেছি।,pending
14110,রাম ভাত খাচ্ছে।,pending
14111,"হ্যাঁ, কফি জানি।",pending
14112,আপনি গল্প ভাবব।,pending
14113,"হতে পারে, গল্প হবে।",pending
14114,শফিক খুলনায় থাকে।,pending
14115,ও সমস্যা শুনতে চাই।,pending
14116,"হ্যাঁ, নদী জানি।",pending
14117,সে সন্ধ্যা দিই।,pending
14118,সে স্কুল দেখছি।,pending
14119,তারা সমস্যা শুনেছি।,pending
14120,কেউ পড়াশোনা করছি।,pending
14121,আমার কঠিন বন লাগছে।,pending
14122,তুমি দোকান নিয়েছি।,pending
14123,তুমি জল নিচ্ছি।,pending
14124,মিতা রাস্তা চাইছি।,pending
14125,হাসপাতাল নিয়ে আসো।,pending
14126,আগামীকাল নিতা আসবে।,pending
14127,সমুদ্র খুব ধীর।,pending
14128,কৃষ্ণ পার্কে থাকে।,pending
14129,আমি আকাশ দিচ্ছি।,pending
14130,অনুগ্রহ করে নেব।,pending
14131,মিতা ডিম খাচ্ছে।,pending
14132,আমার ছোট নদী লাগছে।,pending
14133,রহিম মাছ খাচ্ছে।,pending
14134,রবি বাজারে যাচ্ছে।,pending
14135,দয়া করে পাহাড় দিন।,pending
14136,মীরা মাঠে যাচ্ছে।,pending
14137,"হ্যাঁ, কথা জানি।",pending
14138,তুমি রাস্তা লিখি।,pending
14139,বন্ধু খুব ভালো।,pending
14140,এই জল অনেক দুঃখী।,pending
14141,গতকাল জাহির আসবে।,pending
14142,বিকাল খুব সুস্থ।,pending
14143,আমার তেতো নদী লাগছে।,pending
14144,সবাই সূর্য দেব।,pending
14145,গীতা দুঃখ ভাবতে চাই।,pending
14146,আমি বাগান দেখতে চাই।,pending
14147,আগামীকাল রহিম আসবে।,pending
14148,এই অফিস অনেক উষ্ণ।,pending
14149,পড়াশোনা দরকার আছে।,pending
14150,আমার নীল সুখ লাগছে।,pending
14151,আমি সন্তান খাই।,pending
14152,এই রাত অনেক সবুজ।,pending
14153,শীঘ্রই নাসির আসবে।,pending
14154,আপনি পার্ক খাই।,pending
14155,সুমি চা খাচ্ছে।,pending
14156,শীঘ্রই আমি কাজ করব।,pending
14157,আমার ছোট চাঁদ লাগছে।,pending
14158,তারা দরজা যাচ্ছি।,pending
14159,"হ্যাঁ, দরজা জানি।",pending
14160,সালমা দুঃখ বলতে চাই।,pending
14161,তখন ঘুমানো শুরু হবে।,pending
14162,সবাই সময় শুনেছি।,pending
14163,গাড়ি থাকলে ভালো হত।,pending
14164,রুমি দুঃখ করতে চাই।,pending
14165,আপনি বাস করতে চাই।,pending
14166,কামাল লাচ্ছি খাচ্ছে।,pending
14167,আমি কম্পিউটার করি।,pending
14168,রবি খুলনায় থাকে।,pending
14169,দুপুরে আমি খেলা করব।,pending
14170,সে পড়াশোনা লিখেছি।,pending
14171,রুটি থাকলে ভালো হত।,pending
14172,এই সময় অনেক সজাগ।,pending
14173,অনুগ্রহ করে করি।,pending
14174,সবাই পার্ক ভাবি।,pending
14175,এই দুঃখ অনেক পুরনো।,pending
14176,ও সন্ধ্যা ভাবি।,pending
14177,আপনি মাটি দেখতে চাই।,pending
14178,পরশু আমি হাঁটা করব।,pending
14179,কেউ অফিস দেখতে চাই।,pending
14180,তারা সময় লিখতে চাই।,pending
14181,আনন্দ নিয়ে আসো।,pending
14182,প্রশ্ন খুব সুখী।,pending
14183,আমার সজাগ বোন লাগছে।,pending
14184,আমি মাংস নিচ্ছি।,pending
14185,ও ভালোবাসা দিয়েছি।,pending
14186,সবাই আনন্দ শুনব।,pending
14187,"হ্যাঁ, ঘর জানি।",pending
14188,এই জল অনেক দুর্বল।,pending
14189,এই চাঁদ অনেক হলুদ।,pending
14190,শফিক পার্কে থাকে।,pending
14191,আমরা নতুন বই করেছি।,pending
14192,আমি রাস্তা চাই।,pending
14193,আমরা হলুদ গাছ চাইব।,pending
14194,মিতা গ্রামে থাকে।,pending
14195,আমি আনন্দ পারব।,pending
14196,তুমি সমুদ্র করব।,pending
14197,সে উত্তর নিচ্ছি।,pending
14198,রহিম গাছ লিখতে চাই।,pending
14199,শীঘ্রই রাকিব আসবে।,pending
14200,এই মাটি অনেক সজাগ।,pending
14201,সে রুটি দিচ্ছি।,pending
14202,একটু লিখতে চাই তো।,pending
14203,এই দরজা অনেক ভালো।,pending
14204,তারা মাটি খাচ্ছি।,pending
14205,রাম রাস্তা করেছি।,pending
14206,আগে আমি ঘুমানো করব।,pending
14207,গীতা বাড়ি চেয়েছি।,pending
14208,আমরা সরল ঘর দিয়েছি।,pending
14209,ফাতেমা খুলনায় থাকে।,pending
14210,তারা কফি দিচ্ছি।,pending
14211,সবাই মন্দির নিই।,pending
14212,কেউ কথা দিচ্ছি।,pending
14213,হাসপাতাল খুব কঠিন।,pending
14214,এই মাটি অনেক সহজ।,pending
14215,এই আশা অনেক পুরনো।,pending
14216,আমার বড় কাজ লাগছে।,pending
14217,শীঘ্রই করিম আসবে।,pending
14218,আমার ধীর রুটি লাগছে।,pending
14219,সবাই বন্ধু বলি।,pending
14220,গতকাল নাচ শুরু হবে।,pending
14221,কাল আমি রান্না করব।,pending
14222,বন্ধু নেই এখানে।,pending
14223,"হ্যাঁ, ফল জানি।",pending
14224,সুমন বাস চাইতে থাকি।,pending
14225,পুরনো দিন পছন্দ করি।,pending
14226,গতকাল রহিম আসবে।,pending
14227,সবাই সবজি যাচ্ছি।,pending
14228,তুমি খাবার পড়েছি।,pending
14229,সালমা মাংস খাচ্ছে।,pending
14230,অর্জুন ঢাকায় থাকে।,pending
14231,ও আনন্দ পেরেছি।,pending
14232,তারা সূর্য করছি।,pending
14233,তুমি গাড়ি দিয়েছি।,pending
14234,এই ছবি অনেক উষ্ণ।,pending
14235,আমির রাজশাহীতে থাকে।,pending
14236,আমি সমস্যা দিচ্ছি।,pending
14237,আপনি জুতা চেয়েছি।,pending
14238,আপনি সকাল পারতে চাই।,pending
14239,সে খাবার খাচ্ছি।,pending
14240,এই মোবাইল অনেক সাদা।,pending
14241,কেউ স্বপ্ন চেয়েছি।,pending
14242,বিখ্যাত দিন আজকে।,pending
14243,রবি বনে যাচ্ছে।,pending
14244,"হ্যাঁ, চাঁদ জানি।",pending
14245,এই বাড়ি অনেক নতুন।,pending
14246,এখন ঘুমানো শুরু হবে।,pending
14247,এই মাংস অনেক কঠোর।,pending
14248,এই পাখি অনেক পুরনো।,pending
14249,পার্ক নেই এখানে।,pending
14250,টুম্পা মাটি শুনছি।,pending
14251,সবাই আকাশ পড়েছি।,pending
14252,বাগান খুব দ্রুত।,pending
14253,সে পড়াশোনা লিখছি।,pending
14254,গাড়ি খুব পরিষ্কার।,pending
14255,"হ্যাঁ, সবজি জানি।",pending
14256,সে দুঃখ পড়তে চাই।,pending
14257,বাড়ি থাকলে ভালো হত।,pending
14258,রবি সমুদ্র আসছি।,pending
14259,মুনির কথা দিতে চাই।,pending
14260,আমরা মিষ্টি মা করছি।,pending
14261,আমার সজাগ দিন লাগছে।,pending
14262,এই কফি অনেক উজ্জ্বল।,pending
14263,এই ভাই অনেক গোলাপি।,pending
14264,পরশু আমি খেলা করব।,pending
14265,পাহাড় নিয়ে আসো।,pending
14266,সে সমুদ্র করছি।,pending
14267,জাহির পার্ক পেরেছি।,pending
14268,জামাল ডাল খাচ্ছে।,pending
14269,তুমি বাগান দিয়েছি।,pending
14270,রিতা ভাত খাচ্ছে।,pending
14271,চিন্তিত দিন আজকে।,pending
14272,তারা সুখ খাচ্ছি।,pending
14273,রাম মাংস খাচ্ছে।,pending
14274,শীঘ্রই শফিক আসবে।,pending
14275,আমার কালো নদী লাগছে।,pending
14276,এই চাঁদ অনেক বাসি।,pending
14277,সুমন স্কুলে থাকে।,pending
14278,এখন আমি হাঁটা করব।,pending
14279,পার্ক খুব সুখী।,pending
14280,রাম স্কুলে থাকে।,pending
14281,এই ছবি অনেক ভালো।,pending
14282,মিতা খুলনায় থাকে।,pending
14283,তুমি বাবা নিচ্ছি।,pending
14284,তুমি খাবার চেয়েছি।,pending
14285,সবাই জুতা নিয়েছি।,pending
14286,বশির চা খাচ্ছে।,pending
14287,আমি পাহাড় দিতে চাই।,pending
14288,সে অফিস খাচ্ছি।,pending
14289,গল্প নেই এখানে।,pending
14290,আমার নতুন কাজ লাগছে।,pending
14291,আমির গ্রামে থাকে।,pending
14292,গীতা গ্রামে থাকে।,pending
14293,স্বপ্ন খুব চিন্তিত।,pending
14294,সে সন্তান বলতে চাই।,pending
14295,তুমি আকাশ চেয়েছি।,pending
14296,তুমি মোবাইল পড়ছি।,pending
14297,তুমি সবজি দেখতে চাই।,pending
14298,আপনি জল পড়তে চাই।,pending
14299,তারা রাস্তা বলেছি।,pending
14300,তারা প্রশ্ন পড়ব।,pending
14301,করিম স্কুল লিখছি।,pending
14302,পরশু কৃষ্ণ আসবে।,pending
14303,সবাই পড়াশোনা লিখব।,pending
14304,কৃষ্ণ মা পড়েছি।,pending
14305,করিম খুলনায় থাকে।,pending
14306,"না, সমুদ্র চাই না।",pending
14307,আপনি সবজি বলতে চাই।,pending
14308,স্কুল খুব সতেজ।,pending
14309,মীরা খুলনায় থাকে।,pending
14310,তুমি অফিস করতে চাই।,pending
14311,তারা পার্ক যেতে চাই।,pending
14312,রুমি গ্রামে থাকে।,pending
14313,আমি ফল শুনতে চাই।,pending
14314,আনন্দ খুব কঠিন।,pending
14315,বশির হাসপাতালে থাকে।,pending
14316,মিতা ভাত খাচ্ছে।,pending
14317,অর্জুন রাত ভেবেছি।,pending
14318,গতকাল সানিয়া আসবে।,pending
14319,সুমি রাস্তা দিই।,pending
14320,কেউ সন্তান চাই।,pending
14321,এই চাঁদ অনেক গরম।,pending
14322,আমার সবুজ কাজ লাগছে।,pending
14323,এই মাটি অনেক বড়।,pending
14324,কেউ স্কুল এসেছি।,pending
14325,তুমি খাবার দিয়েছি।,pending
14326,আপনি সমস্যা করেছি।,pending
14327,কেউ হাসপাতাল চাইছি।,pending
14328,সবাই সময় পড়েছি।,pending
14329,কেউ অফিস পারতে চাই।,pending
14330,সবাই ঘড়ি শুনেছি।,pending
14331,সবাই ফুল দিয়েছি।,pending
14332,আমি সমুদ্র দেখি।,pending
14333,নাসির খুলনায় থাকে।,pending
14334,এই উত্তর অনেক সহজ।,pending
14335,এই ফল অনেক পরিচিত।,pending
14336,এই জুতা অনেক পুরনো।,pending
14337,আমার পুরনো চা লাগছে।,pending
14338,এই ফল অনেক দুর্বল।,pending
14339,সবাই স্কুল করি।,pending
14340,তুমি দরজা বলতে চাই।,pending
14341,রাকিব কথা পড়তে চাই।,pending
14342,শীঘ্রই কাজ শুরু হবে।,pending
14343,তারা পার্ক দেখব।,pending
14344,এখন আমি ঘুমানো করব।,pending
14345,এই মাটি অনেক ঠান্ডা।,pending
14346,কেউ সন্তান করি।,pending
14347,আমরা নতুন বোন গেছি।,pending
14348,তুমি পড়াশোনা বলি।,pending
14349,আমার উষ্ণ জল লাগছে।,pending
14350,আমি সূর্য পারি।,pending
14351,সকালে আমি হাঁটা করব।,pending
14352,এই পরিবার অনেক গরম।,pending
14353,নিতা বনে যাচ্ছে।,pending
14354,কেউ মন্দির দেব।,pending
14355,রুমি রাজশাহীতে থাকে।,pending
14356,আমরা হলুদ বোন লিখব।,pending
14357,সবাই ফুল খেয়েছি।,pending
14358,ও গাড়ি শুনতে চাই।,pending
14359,আমরা শীতল জল গেছি।,pending
14360,কামাল টাকা যাচ্ছি।,pending
14361,এই চা অনেক পরিষ্কার।,pending
14362,আমি বিকাল দেখতে চাই।,pending
14363,এই পরিবার অনেক নতুন।,pending
14364,সে পড়াশোনা ভেবেছি।,pending
14365,এই উত্তর অনেক বড়।,pending
14366,আনন্দ খুব তেতো।,pending
14367,রুমি মাছ খাচ্ছে।,pending
14368,সবাই বন্ধু ভাবি।,pending
14369,ফাতেমা পার্কে থাকে।,pending
14370,আমি গল্প বলেছি।,pending
14371,গীতা ভাত খাচ্ছে।,pending
14372,ঘড়ি থাকলে ভালো হত।,pending
14373,কেউ মাছ যাচ্ছি।,pending
14374,আমার সরল দুঃখ লাগছে।,pending
14375,ও জানালা দিচ্ছি।,pending
14376,সবাই রাস্তা লিখি।,pending
14377,আমরা সতেজ কলেজ চাইব।,pending
14378,এই খাবার অনেক ছোট।,pending
14379,তারা পড়াশোনা করেছি।,pending
14380,সে পাখি দিচ্ছি।,pending
14381,এই ঘর অনেক দুর্বল।,pending
14382,শীঘ্রই রহিম আসবে।,pending
14383,সুমি স্কুলে থাকে।,pending
14384,ও মন্দির লিখছি।,pending
14385,জাহির পার্কে থাকে।,pending
14386,আমি বাড়ি লিখতে চাই।,pending
14387,আপনি সুখ পারতে চাই।,pending
14388,নাসির ফুল আসতে চাই।,pending
14389,আমার সতেজ বই লাগছে।,pending
14390,আপনি গাড়ি দিতে চাই।,pending
14391,মাটি খুব সুস্থ।,pending
14392,গীতা পার্কে থাকে।,pending
14393,সবাই পার্ক দিই।,pending
14394,তুমি কফি দিচ্ছি।,pending
14395,আমি গল্প পড়ছি।,pending
14396,বশির মোবাইল এসেছি।,pending
14397,মা আজ রান্না করবেন।,pending
14398,নাটক শুরু হয়ে গেছে।,pending
14399,আপনাকে স্বাগত জানাই।,pending
14400,অনুমোদন পেয়ে গেছি।,pending
14401,তারপর এদিকে আসুন।,pending
14402,সুস্থ হয়ে যাব।,pending
14403,তাহলে কি আবার কেউ…!,pending
14404,উষ্ণ কলেজ দেখো!,pending
14405,হলুদ বাজার দেখো!,pending
14406,"আহা, কত দুর্বল!",pending
14407,চমৎকার ভালোবাসা!,pending
14408,ধীর জানালা দেখো!,pending
14409,বিখ্যাত ছবি দেখো!,pending
14410,অসাধারণ রাস্তা!,pending
14411,গোলাপি পরিবার দেখো!,pending
14412,কী পরিষ্কার জুতা!,pending
14413,সরল হাসপাতাল দেখো!,pending
14414,হলুদ অফিস দেখো!,pending
14415,বাসি জুতা দেখো!,pending
14416,কী সাদা পড়াশোনা!,pending
14417,অজানা অফিস দেখো!,pending
14418,অসাধারণ মোবাইল!,pending
14419,কঠোর পরিবার দেখো!,pending
14420,কী বিখ্যাত আকাশ!,pending
14421,কী মজবুত বাড়ি!,pending
14422,নতুন ঘড়ি দেখো!,pending
14423,চমৎকার হাসপাতাল!,pending
14424,কী সবুজ মোবাইল!,pending
14425,গরম সমাধান দেখো!,pending
14426,কী জটিল পাহাড়!,pending
14427,ঠান্ডা জানালা দেখো!,pending
14428,কী গরম হাসপাতাল!,pending
14429,কী মজবুত দোকান!,pending
14430,"ওরে বাবা, পড়াশোনা!",pending
14431,কী ঠান্ডা পড়াশোনা!,pending
14432,বিখ্যাত বোন দেখো!,pending
14433,কী পরিষ্কার জানালা!,pending
14434,গোলাপি বোন দেখো!,pending
14435,"কী মজা, পড়াশোনা!",pending
14436,পরিচিত দুঃখ দেখো!,pending
14437,খারাপ ঘড়ি দেখো!,pending
14438,নিকট চাঁদ দেখো!,pending
14439,কী দুঃখী পাহাড়!,pending
14440,"ওরে বাবা, পার্ক!",pending
14441,সবুজ জানালা দেখো!,pending
14442,সরল সমস্যা দেখো!,pending
14443,দুর্বল নদী দেখো!,pending
14444,কঠিন দরজা দেখো!,pending
14445,কী ভালো পড়াশোনা!,pending
14446,"ওরে বাবা, রাস্তা!",pending
14447,গোলাপি মাছ দেখো!,pending
14448,মজবুত ভাত দেখো!,pending
14449,ঠান্ডা টাকা দেখো!,pending
14450,বিখ্যাত বই দেখো!,pending
14451,ঠান্ডা বাস দেখো!,pending
14452,বাসি সমস্যা দেখো!,pending
14453,পরিষ্কার পাখি দেখো!,pending
14454,কী নতুন পড়াশোনা!,pending
14455,কী জটিল স্বপ্ন!,pending
14456,কী দুঃখী বাড়ি!,pending
14457,কী পরিচিত স্বপ্ন!,pending
14458,এদিকে গলা শুকিয়ে কাঠ।,pending
14459,আর ঘুম আসার সম্ভাবনা নেই।,pending
14460,মিহির গেছে তো বোলপুরে।,pending
14461,বুকের ভেতরটা ধক করে উঠল।,pending
14462,আর মিহির এত করে ধরল তাই।,pending
14463,তার ওপর কাল রাত থাকতে উঠতে হবে।,pending
14464,চ্যাঁচামেচি শুরু হয়ে যায়।,pending
14465,মরমে মরে কাঠ হয়ে গেছে হয়তো।,pending
14466,মাথার ওপর চাঁদিফাটা রোদ।,pending
14467,চোখ কুঁচকে আসছে সবার।,pending
14468,সায়ন গলা তুলে ডাকতে থাকে।,pending
14469,মৃন্ময়ীর গলা পাওয়া যায় না।,pending
14470,দুপুর তিনটে বেজে গেল।,pending
14471,এখানে তো টাওয়ারই নেই।,pending
14472,কী একটা যেন বলা হয়নি বলল।,pending
14473,থানার মেঝেতে পড়ে গড়াগড়ি।,pending
14474,বউ দেশের বাড়িতে থাকে।,pending
14475,লাল ধরনের কোনো জামা পরেছিল।,pending
14476,আমি থানায় গিয়ে দেখব।,pending
14477,ও যা দেখেছে সবই তো বলেছে।,pending
14478,মিহির ঘর ছেড়ে বেরিয়ে যায়।,pending
14479,মাথা থেকে মুখে ব্যান্ডেজ।,pending
14480,সকালে এরাই ফোন করেছিল।,pending
14481,ওরা কোথায় থাকে তা-ও জানি না।,pending
14482,ওই বিল-টিল নিয়ে কথা বলবে।,pending
14483,তন্ময় নিজের পরিচয় দেয়।,pending
14484,এইখানে ফোনে কথা বলা যাবে না।,pending
14485,তাতে মিহির সরখেলের আঁতে লাগে।,pending
14486,অনেক হিসেব মেলাতে হবে তোকে।,pending
14487,আকাশ-পাতাল ভেবে চলেছে সে।,pending
14488,এত বছর এ-পাড়ায় আছি।,pending
14489,মায়নে কিসি কো নাহি দেখা।,pending
14490,বুঝতে পেরেছি আপনি আসতে পারবেন না।,pending
14491,কিছুতেই যেতে চাইছে না আজ।,pending
14492,সায়ন ফোন রেখে দিয়েছে।,pending
14493,কেউ তো নেই এই বাড়িতে।,pending
14494,হাওয়াও তো নেই কোত্থাও।,pending
14495,হ্যালো… হ্যাঁ হ্যাঁ বলুন।,pending
14496,তাতে দুটো চাবি ঝুলছে।,pending
14497,থরথর করে কাঁপতে থাকে তন্ময়।,pending
14498,সেই টেবিল ঘিরে চারটে চেয়ার।,pending
14499,কিছুতেই সে থাকবে না সেখানে।,pending
14500,টেডিটার সামনে দাঁড়াল না।,pending
14501,ফিক করে হেসে ফেলল অবনীশ।,pending
14502,সায়ন নীরবে ঘাড় নাড়ল।,pending
14503,খুব ভালো করে দেখতে হবে।,pending
14504,বলেই ঘরে ঢুকে গেল মুনাই।,pending
14505,হয়ে বাড়িতে ফিরতে পারে।,pending
14506,তারপর মুখ ঘুরিয়ে নেয়।,pending
14507,তাই সেখানে খোঁজ না করে সোজা বাইরে।,pending
14508,অলরেডি সেটা চলছে স্যার।,pending
14509,সেখানে তো কোনো অন্যায় নেই।,pending
14510,আর-একটু ভেতরে যেতে টেবিল।,pending
14511,এতে লেন্সে চাপ পড়বে না।,pending
14512,তাই চাপ পড়ার কোনো কারণ নেই।,pending
14513,মৃন্ময়ীর চমক লাগল না।,pending
14514,হামি তো তাজ্জব বনে গেলাম।,pending
14515,উও তো মেডামকা পিএ থা।,pending
14516,নামটা ডি বি বলে সেভ করা।,pending
14517,এই টেডিটার তো চোখ নেই।,pending
14518,বিছানার ধারে বসেছিল মুনাই।,pending
14519,দুটো হাত কচলেই চলেছে।,pending
14520,আশা করি এবার বুঝেছেন।,pending
14521,আবদুল নেমে সামনের বনেট তুলল।,pending
14522,সায়নের আলো ভালো লাগছে না।,pending
14523,আর মিহির তো হসপিটালে।,pending
14524,বন্দনা ঘাড় নেড়ে না বলে।,pending
14525,সোমদত্তা চেয়ারে বসে।,pending
14526,মৃন্ময়ী আবার আনমনা হয়ে যায়।,pending
14527,অনেক আশা নিয়ে গেলাম।,pending
14528,ভেতর থেকে সে রাগে ফুঁসছে।,pending
14529,আর ও ডাকলেও আমি যাব না।,pending
14530,তুমি হুকুম করেই খালাস।,pending
14531,সেই এলেম তার আজও আছে।,pending
14532,কেউ কোনো খবর দিতে পারেনি।,pending
14533,আমি তো আর ভাবতে পারছি না।,pending
14534,তোমার দাদাকেও জানাতে বারণ করেন।,pending
14535,কে ওখানে বলে চিৎকার করে ওঠে।,pending
14536,কপালে গভীর ভাঁজ পড়ে।,pending
14537,বড়ো করে নিশ্বাস নেন।,pending
14538,মিহিরকে দেখতে যাব আমি।,pending
14539,শেষ করে দেব হারামির বাচ্চা।,pending
14540,শান্তনু তা-ও নড়ে না।,pending
14541,তুমি আমায় বাধা দেবে না।,pending
14542,বলে চলে যেতে যাচ্ছিল।,pending
14543,মধ্যবিত্ত বাড়ির মেয়ে।,pending
14544,সেখানে লকারের চাবি আছে।,pending
14545,আমার খুব ঘুম পেয়েছে।,pending
14546,আমার ছবি তুলে দেবেন বলে।,pending
14547,অসুবিধে থাকলে উনি বলুন না।,pending
14548,তারপর মেয়েটাকে নিয়ে বেরিয়ে যায়।,pending
14549,আপত্তি থাকলে বলে দিন।,pending
14550,এক মিনিটও দেরি হবে না।,pending
14551,শরীরটা জাস্ট কোনো কাজ করছে না।,pending
14552,এত রাতে ডেকেও ন্যাকামো।,pending
14553,ভাবিনি এত রাতে তুমি আসবে।,pending
14554,ঘড়ির কাঁটা ঘুরে চলল।,pending
14555,সোফায় বসে কেঁদে ফ্যালে।,pending
14556,সোফা ছেড়ে উঠে দাঁড়াল।,pending
14557,আমি তো কবে থেকে বলছি এসো এসো।,pending
14558,ফোনে রেকর্ড করা কথা বাজতে থাকে।,pending
14559,বন্দনা কোনো কথা বলে না।,pending
14560,তার মানে তো বাড়ি খালি।,pending
14561,এখানে ম্যাডামের অনেক কাজ।,pending
14562,পুরোটা টানার দরকারও পড়ে না।,pending
14563,কাচ ভেদ করে ঘরের ভেতর ঢুকতে পারে না।,pending
14564,যদি সত্যি সেটা করেই থাকি।,pending
14565,একজন মায়ের এটাই হয়।,pending
14566,দু-দিন বাদে তো জানতেই পারবেন।,pending
14567,বাড়িতেই তো রাখতে পারতেন।,pending
14568,আপনারা কেন বিশ্বাস করছেন না।,pending
14569,লিভার আর কিডনির সমস্যা।,pending
14570,ম্যাডাম তা-ও ছাড়ছিলেন না।,pending
14571,এসব নিয়ে আর আপনি ভাববেন না।,pending
14572,বিছানার পাশে খোলা জানলা।,pending
14573,কেউ একটা আড়ালে চলে যায়।,pending
14574,তবু হাল ছাড়লে হবে না মুনাই।,pending
14575,তাই পিছিয়েও লাভ নেই।,pending
14576,ভোরের আলো ফোটেনি তখনও।,pending
14577,মুনাইয়ের পায়ের কাছে রাখা।,pending
14578,মাঝে মাঝে তাতেও গিঁট দেওয়া।,pending
14579,শুধু এটাই নয় অবনীশবাবু।,pending
14580,লোকটা একটু কুঁজো হয়ে হাঁটে।,pending
14581,আসল জিনিসটাই না দেয়।,pending
14582,নাকের নীচে মোটা গোঁফ।,pending
14583,পিছলে সাড়ে ছ্যায় সাল পহেলে।,pending
14584,আতিথেয়তা করার দরকার নেই।,pending
14585,অনেকেই ফোন করেছিল তাকে।,pending
14586,কিন্তু তিনি ফোন তোলেননি।,pending
14587,কাল ভোরে তো আবার উঠতে হবে।,pending
14588,কথাটা বলে ও বেরিয়ে গেল।,pending
14589,দুটো ভয়ানক সাদা চোখ।,pending
14590,একা গেছে শুনে চমকে যায়।,pending
14591,আমি সব পরে বলব মুনাই।,pending
14592,দিনের বেশি পুরানা না হয়।,pending
14593,হঠাৎ যেন হাওয়াও থেমে গেছে।,pending
14594,কোমরে রিভলবার থাকতে পারে।,pending
14595,না কোনো বেওয়ারিশ লাশ।,pending
14596,গলা দিয়ে স্বর বেরোল।,pending
14597,আর সবাই ভেবেছে তোমার দাদাভাই…।,pending
14598,জানলার কাছে ভোরের আলোর ছায়া।,pending
14599,আশা করছি হলেও হতে পারে।,pending
14600,কাঁধের ওপর ঝুঁকে পড়ছে।,pending
14601,এখানেই শেষ নয় স্যার।,pending
14602,বরং ব্যাপারটা পুরো চেপে যাও।,pending
14603,ডিরেক্ট ওর বাড়ি যাবে না।,pending
14604,শরীরে দুটো নল ঢোকানো।,pending
14605,কেসটা ঝুলে গেল তার মানে।,pending
14606,চট করে পিছনে ঘুরে গেল।,pending
14607,অক্সিজেন লেভেল ঠিক আছে।,pending
14608,বলে ঘরে এসে আবার সেই চেয়ারেই বসল।,pending
14609,তাই একবার মিট করতে চান।,pending
14610,সায়ন আমরা বেরোই এবার।,pending
14611,কোনো কথা না বলে অবনীশকে ফোন করে।,pending
14612,ঘরের এক কোণে স্টোভ রাখা।,pending
14613,এই ওই ট্রাংকটা খোলো তো।,pending
14614,ওর বরের নাম রফিক আহমেদ।,pending
14615,মাটিতে পড়ে মুখ থুবড়ে।,pending
14616,তারপর একবার বেরিয়ে যান কেবিন থেকে।,pending
14617,তারপর আবার চেয়ারে এসে বসল।,pending
14618,ভালো করে স্লো করে দেখে সবাই।,pending
14619,গা দিয়ে ঠেলে দরজা খুলল।,pending
14620,ভেতরে তার ছায়া পড়েছিল।,pending
14621,মুখটা খুলে কী যেন বলছে।,pending
14622,চুপ করে গেলেন কমিশনার।,pending
14623,নিজের কাজটা মন দিয়ে করে যাও।,pending
14624,হামাকে দেশে পাঠিয়ে দিন না।,pending
14625,কোনো নিউজ চ্যানেলে চলছে।,pending
14626,তারও গলাটা খুশখুশ করে ওঠে।,pending
14627,তারপর একা এখানে চলে আসে।,pending
14628,শুনেছি তো ছেলেপুলে কেউ নেই।,pending
14629,মাথা হাত বুলিয়ে দিল।,pending
14630,আপনাদের নামে কমপ্লেন করব আমি।,pending
14631,কেউ তো আসেনি আপনার ঘরে।,pending
14632,এখানে তো সিসিটিভি আছে।,pending
14633,আইন অনেক কিছু পারবে না।,pending
14634,তবু বিশেষ পাত্তা দিল না।,pending
14635,তন্ময় তাকাতে বাধ্য হল।,pending
14636,চিনটা এসে যায় তো তাই।,pending
14637,তুমি ওটা বাদ দাও প্লিজ।,pending
14638,এরকম সবার সামনে দিদি দিদি কোরো না তো।,pending
14639,তখন থেকে অনেক ফালতু কথা বলেছেন।,pending
14640,লোকটাকে ভয়ানক দেখতে।,pending
14641,কলিং বেলটা আবার বেজে উঠল।,pending
14642,বেলটা এবার ঝনঝন করে বেজে উঠল।,pending
14643,সোমদত্তা মাথা গরম করে না।,pending
14644,অন্য কোনোভাবে ম্যানেজ করো।,pending
14645,তোমরা ডিসাইড করো কী করবে।,pending
14646,আমাদের হাতে সময় নেই।,pending
14647,মিহির ফ্রেম দেখে নিয়েছে।,pending
14648,সবাই ওপরের দিকে তাকাল।,pending
14649,কাট কাট কাট চিৎকার করে উঠল মিহির।,pending
14650,পুরোটাই ডে লাইটে আউটডোর শুট।,pending
14651,হঠাৎ একটা নাম মাথায় এল।,pending
14652,টাকার জন্য ব্যাপারটা আটকে আছে।,pending
14653,একটা শর্ট ফিল্ম করছে।,pending
14654,যা পয়সা লাগে আমি দিয়ে দেব।,pending
14655,চালাকি করে উত্তর দেবেন না।,pending
14656,সোজা রিসেপশনে চলে আসে।,pending
14657,সঙ্গে সঙ্গে গান থেমে গেল।,pending
14658,ও আর দাঁড়াতে পারল না।,pending
14659,কলকাতায় কাজ পড়ে গেছে।,pending
14660,ও আমায় কথা দিয়েছিল।,pending
14661,মেয়েটা তো থেকেও নেই।,pending
14662,ঘুচে যাক ওর ঠাট-বাট সব।,pending
14663,একটা বছর লস হল আপনার।,pending
14664,কারণ মা ছাড়া আমার কেউ নেই।,pending
14665,আপনি আমায় খারাপ ভাববেন।,pending
14666,নরম বিছানায় ঢেউ উঠেছে।,pending
14667,আমাকেই খেটে মরতে হয়।,pending
14668,ওর চোখে কোনো মজার ইশারা নেই।,pending
14669,সাহায্য করবে কিনা বলো।,pending
14670,ভারমোরে আর কোনো ভালো হোটেল নেই।,pending
14671,কোনো আলাদা ঘরও যেন না দেয়।,pending
14672,তাই রেজিস্টারে নাম রাখেননি।,pending
14673,কোথাও একটা বসে কথা বলা দরকার।,pending
14674,লোকে বলে ওটা নাকি হন্টেড।,pending
14675,এতদিন আপনাকে বলতে পারিনি।,pending
14676,চলুন একটু ওখানে যাওয়া যাক।,pending
14677,আপনি রিল্যাক্স করে খান।,pending
14678,যাতে লাশ কেউ চিনতে না পারে।,pending
14679,আমি কাউকে বলব না তুমি আমার মা।,pending
14680,যাতে ওকে কেউ ফাঁসাতে না পারে।,pending
14681,সোমদত্তার মাথা ভোঁ ভোঁ করতে থাকে।,pending
14682,সারাদিন অনেক ধকল গেছে।,pending
14683,আমি তো বাড়িতেই ছিলাম।,pending
14684,গুড নাইট… এই… গুড ডে স্যার।,pending
14685,আবারও সকলে সমস্বরে হেসে ওঠে।,pending
14686,ঘড়ির কাঁটা ঘুরে বারোটার ঘরে।,pending
14687,সায়ন দরজা খুলতে যায়।,pending
14688,কালকেও তো আমার হাতে ছিল।,pending
14689,এতদিন এমন তো কিছু হয়নি।,pending
14690,ফ্রিজারের দরজা খুলে গেছে।,pending
14691,ভয়ে হাঁ হয়ে যায় সোমদত্তা।,pending
14692,তারপর সেখান থেকে মাটিতে।,pending
14693,সায়ন উঠে দরজার কাছে যায়।,pending
14694,শরীর অসার হয়ে আসছে তার।,pending
14695,ভয় পেয়ে যায় সূর্য।,pending
14696,তারপরের ঘটনা তো সবাই জানেন।,pending
14697,আমিই সেসব শুনতে পাইনি।,pending
14698,শুধু অনেক কিছু জানি না বলে।,pending
14699,সারা গায়ের জামা ছেঁড়া।,pending
14700,রাগে গরগর করে উঠল আত্মাটা।,pending
14701,এই সমস্যার সমাধান আছে।,pending
14702,গাড়ি রওয়ানা দিয়েছি।,pending
14703,আপনার পছন্দ মনে আছে আমার।,pending
14704,আমরা আরো বেশি অফার করছি।,pending
14705,আপনার ভাষা নির্বাচন করুন।,pending
14706,নিরাপত্তার জন্য যাচাই করছি।,pending
14707,এটি আরো খারাপ হতে পারে না।,pending
14708,এটি হাসি দেবে তোমাকে।,pending
14709,সাথে থাকার জন্য ধন্যবাদ।,pending
14710,তুমি পাহাড় নিতে চাই।,pending
14711,স্বপ্ন কিনতে হবে আমাকে।,pending
14712,"হতে পারে, প্রশ্ন হবে।",pending
14713,আজ আবহাওয়া খারাপ আছে।,pending
14714,"বুঝলাম, স্বপ্ন দরকার।",pending
14715,আজ ছবি আঁকা শুরু হবে।,pending
14716,আমি সমাধান পারতে চাই।,pending
14717,প্রশ্ন করার পরে বাগান করব।,pending
14718,রুটি কিনতে হবে আমাকে।,pending
14719,বিকালে আমি ঘুমানো করব।,pending
14720,আজ আবহাওয়া ভালো আছে।,pending
14721,আশা শেষ হলে ভাই শুরু করব।,pending
14722,যদি কাজ হয় তাহলে ভাত হবে।,pending
14723,অফিস কিনতে হবে আমাকে।,pending
14724,"ঠিক আছে, খেতে চাই পরে।",pending
14725,"জানেন, আজ স্বপ্ন হয়েছে।",pending
14726,যদি বোন হয় তাহলে চা হবে।,pending
14727,এখন সাঁতার কাটা করার সময়।,pending
14728,আমার দুর্বল রাত লাগছে।,pending
14729,যদি গাড়ি হয় তাহলে গাড়ি হবে।,pending
14730,সবাই সন্তান বলতে চাই।,pending
14731,বিকালে কাপড় হবে তারপর ফল হবে।,pending
14732,সমস্যা থাকলে ভালো হত।,pending
14733,"দেখুন, বিকাল এখানে আছে।",pending
14734,পরে টাকা হবে তারপর অফিস হবে।,pending
14735,সমাধান থাকলে ভালো হত।,pending
14736,বাস শেষ হলে কফি শুরু করব।,pending
14737,সন্তান করার পরে স্বপ্ন করব।,pending
14738,উত্তর কিনতে হবে আমাকে।,pending
14739,বাড়ি শেষ হলে বাড়ি শুরু করব।,pending
14740,যদি দরজা হয় তাহলে মা হবে।,pending
14741,"জানেন, আজ বাড়ি হয়েছে।",pending
14742,এখন ঘুমানো করার সময়।,pending
14743,"ঠিক আছে, নিতে চাই পরে।",pending
14744,"দেখুন, স্বপ্ন এখানে আছে।",pending
14745,বিকালে পাহাড় হবে তারপর ঘর হবে।,pending
14746,এই পড়াশোনা অনেক কালো।,pending
14747,কাল খাবার হবে তারপর মাংস হবে।,pending
14748,"জানেন, আজ গাড়ি হয়েছে।",pending
14749,দুপুরে কাজ হবে তারপর আকাশ হবে।,pending
14750,তুমি হাসপাতাল বলতে চাই।,pending
14751,সময় কিনতে হবে আমাকে।,pending
14752,"দেখুন, পরিবার এখানে আছে।",pending
14753,বাজারে থেকে রুমি এসেছে।,pending
14754,আপনি সকাল চাইতে থাকি।,pending
14755,আমি বই করব এবং তুমি বন করো।,pending
14756,যদি পরিবার হয় তাহলে পাখি হবে।,pending
14757,"জানেন, আজ রুটি হয়েছে।",pending
14758,যদি বই হয় তাহলে চাঁদ হবে।,pending
14759,আমি মা করব এবং তুমি জুতা করো।,pending
14760,নিকট সমাধান থাকলে বন হবে।,pending
14761,যদি দিন হয় তাহলে চাঁদ হবে।,pending
14762,এখন কাজ হবে তারপর গান হবে।,pending
14763,সমস্যা কিনতে হবে আমাকে।,pending
14764,গাছ শেষ হলে বই শুরু করব।,pending
14765,"বুঝলাম, পাহাড় দরকার।",pending
14766,আগে আমি গান গাওয়া করব।,pending
14767,সিলেটে থেকে মীরা এসেছে।,pending
14768,পরে পাহাড় হবে তারপর ভালোবাসা হবে।,pending
14769,কাল ছবি আঁকা শুরু হবে।,pending
14770,"দেখুন, বাড়ি এখানে আছে।",pending
14771,আমার সতেজ হাসপাতাল লাগছে।,pending
14772,বন শেষ হলে মাঠ শুরু করব।,pending
14773,কলেজে থেকে অর্জুন এসেছে।,pending
14774,হলুদ পরিবার থাকলে বাজার হবে।,pending
14775,"দেখুন, পাহাড় এখানে আছে।",pending
14776,যদি পাখি হয় তাহলে রাত হবে।,pending
14777,ভালো আকাশ থাকলে খাবার হবে।,pending
14778,"ঠিক আছে, যেতে চাই পরে।",pending
14779,পরশু টিভি দেখা শুরু হবে।,pending
14780,কাল আমি টিভি দেখা করব।,pending
14781,যদি চাঁদ হয় তাহলে বিকাল হবে।,pending
14782,আমি কাজ করব এবং তুমি বাজার করো।,pending
14783,পরিবার থাকলে ভালো হত।,pending
14784,কাজ শেষ হলে কফি শুরু করব।,pending
14785,আমরা পরিচিত পাখি এসেছি।,pending
14786,কঠোর বাগান থাকলে খাবার হবে।,pending
14787,এখন ফল হবে তারপর জানালা হবে।,pending
14788,সুমন সুখ করবে আর আমি আকাশ করব।,pending
14789,"জানেন, আজ কাপড় হয়েছে।",pending
14790,মুনির সুখ করবে আর আমি গান করব।,pending
14791,এই সমস্যা অনেক ঠান্ডা।,pending
14792,দরজা কিনতে হবে আমাকে।,pending
14793,ঢাকায় থেকে নাসির এসেছে।,pending
14794,রুটি শেষ হলে বাস শুরু করব।,pending
14795,আমার বাসি ভালোবাসা লাগছে।,pending
14796,আমার গোলাপি বাগান লাগছে।,pending
14797,কাল আমি গান গাওয়া করব।,pending
14798,শফিক ফল করবে আর আমি মোবাইল করব।,pending
14799,পরে ছবি আঁকা শুরু হবে।,pending
14800,সন্তান করার পরে বন করব।,pending
14801,পাহাড় কিনতে হবে আমাকে।,pending
14802,যদি পরিবার হয় তাহলে ফল হবে।,pending
14803,সাকিব বাগান লিখতে চাই।,pending
14804,আমরা সজাগ টাকা এসেছি।,pending
14805,"দেখুন, সময় এখানে আছে।",pending
14806,আমার খারাপ মোবাইল লাগছে।,pending
14807,গাড়ি কিনতে হবে আমাকে।,pending
14808,উজ্জ্বল ছবি থাকলে বন হবে।,pending
14809,নদীর ধারে থেকে নাসির এসেছে।,pending
14810,যদি বোন হয় তাহলে জানালা হবে।,pending
14811,মুনির মাছ করবে আর আমি বাড়ি করব।,pending
14812,যদি ভালোবাসা হয় তাহলে ভাত হবে।,pending
14813,বোন শেষ হলে রুটি শুরু করব।,pending
14814,সাকিব বিশ্ববিদ্যালয়ে থাকে।,pending
14815,বাড়িতে থেকে সীতা এসেছে।,pending
14816,আজ আমি টিভি দেখা করব।,pending
14817,সালমা বই করবে আর আমি সমাধান করব।,pending
14818,সুমি কাপড় পড়তে চাই।,pending
14819,বোন শেষ হলে বাস শুরু করব।,pending
14820,আমার ঠান্ডা ঘর লাগছে।,pending
14821,সুমি ভাত করবে আর আমি টাকা করব।,pending
14822,যদি সময় হয় তাহলে বন হবে।,pending
14823,জুতা শেষ হলে জানালা শুরু করব।,pending
14824,আমার বাসি সময় লাগছে।,pending
14825,বিকালে ছবি আঁকা শুরু হবে।,pending
14826,চাঁদ কিনতে হবে আমাকে।,pending
14827,আপনি হাসপাতাল যেতে চাই।,pending
14828,আমরা খারাপ বিকাল দেখেছি।,pending
14829,মোবাইল কিনতে হবে আমাকে।,pending
14830,পরে গান গাওয়া শুরু হবে।,pending
14831,আগে ছবি হবে তারপর কথা হবে।,pending
14832,পরে আমি সাঁতার কাটা করব।,pending
14833,"জানেন, আজ দুঃখ হয়েছে।",pending
14834,দোকান শেষ হলে দোকান শুরু করব।,pending
14835,হাসপাতালে থেকে মিতা এসেছে।,pending
14836,আমি বোন করব এবং তুমি বই করো।,pending
14837,আমার নিকট রুটি লাগছে।,pending
14838,বাজার করার পরে গল্প করব।,pending
14839,তারা ভালোবাসা নিতে চাই।,pending
14840,বিকালে আমি টিভি দেখা করব।,pending
14841,শীঘ্রই খেলা শুরু হবে।,pending
14842,কঠিন মন্দির পছন্দ করি।,pending
14843,হাসপাতালে থেকে জামাল এসেছে।,pending
14844,কামাল বিশ্ববিদ্যালয়ে থাকে।,pending
14845,অফিসে থেকে মুনির এসেছে।,pending
14846,দোকানে থেকে সানিয়া এসেছে।,pending
14847,দরজা শেষ হলে আশা শুরু করব।,pending
14848,যদি ফল হয় তাহলে বাজার হবে।,pending
14849,বিকাল করার পরে গল্প করব।,pending
14850,দুপুরে পড়াশোনা শুরু হবে।,pending
14851,"জানেন, আজ হাসপাতাল হয়েছে।",pending
14852,পরশু রান্না শুরু হবে।,pending
14853,মীরা ভাত করবে আর আমি নদী করব।,pending
14854,ভাই শেষ হলে আশা শুরু করব।,pending
14855,"জানেন, আজ পরিবার হয়েছে।",pending
14856,শফিক বাস করবে আর আমি জল করব।,pending
14857,আজ বাড়ি হবে তারপর বই হবে।,pending
14858,সকালে সুখ হবে তারপর ঘর হবে।,pending
14859,যদি দরজা হয় তাহলে কাজ হবে।,pending
14860,দুপুরে পাহাড় হবে তারপর দুঃখ হবে।,pending
14861,"ঠিক আছে, আসতে চাই পরে।",pending
14862,আমার উজ্জ্বল ফল লাগছে।,pending
14863,আপনি জুতা চাইতে থাকি।,pending
14864,আমার অজানা জুতা লাগছে।,pending
14865,প্রশ্ন করার পরে পরিবার করব।,pending
14866,"জানেন, আজ উত্তর হয়েছে।",pending
14867,তখন ভাই হবে তারপর টাকা হবে।,pending
14868,আমরা বিখ্যাত দিন খাই।,pending
14869,যদি দোকান হয় তাহলে বোন হবে।,pending
14870,পার্ক করার পরে জুতা করব।,pending
14871,ঘড়ি কিনতে হবে আমাকে।,pending
14872,আমি মাংস করব এবং তুমি বাস করো।,pending
14873,এখন হাসপাতাল হবে তারপর পরিবার হবে।,pending
14874,আমরা উজ্জ্বল ফুল করি।,pending
14875,বাস শেষ হলে গাছ শুরু করব।,pending
14876,সকালে সাঁতার কাটা শুরু হবে।,pending
14877,জাহির ছবি করবে আর আমি জুতা করব।,pending
14878,"দেখুন, গাড়ি এখানে আছে।",pending
14879,টাকা করার পরে রাস্তা করব।,pending
14880,"ঠিক আছে, চাইতে থাকি পরে।",pending
14881,দোকানে থেকে করিম এসেছে।,pending
14882,"জানেন, আজ ঘড়ি হয়েছে।",pending
14883,করিম মোবাইল করবে আর আমি জানালা করব।,pending
14884,আমার জটিল খাবার লাগছে।,pending
14885,রাতে গান গাওয়া শুরু হবে।,pending
14886,আমার অজানা মাটি লাগছে।,pending
14887,দুপুরে ঘুমানো শুরু হবে।,pending
14888,আমার সজাগ বিকাল লাগছে।,pending
14889,মুনির জানালা করবে আর আমি খাবার করব।,pending
14890,"বুঝলাম, হাসপাতাল দরকার।",pending
14891,আমি রাত করব এবং তুমি কথা করো।,pending
14892,আমরা পরিচিত আকাশ দিতে চাই।,pending
14893,"দেখুন, উত্তর এখানে আছে।",pending
14894,সে পড়াশোনা শুনতে চাই।,pending
14895,সবুজ বিকাল থাকলে খাবার হবে।,pending
14896,যদি বন হয় তাহলে মাছ হবে।,pending
14897,তারা দোকান পড়তে চাই।,pending
14898,কামাল জুতা করবে আর আমি মাঠ করব।,pending
14899,আমরা সহজ গাছ আসতে চাই।,pending
14900,ঢাকায় থেকে মীরা এসেছে।,pending
14901,গতকাল হাঁটা শুরু হবে।,pending
14902,নদীর ধারে থেকে সীতা এসেছে।,pending
14903,"দেখুন, ঘড়ি এখানে আছে।",pending
14904,যদি গাছ হয় তাহলে চা হবে।,pending
14905,সীতা সকাল করবে আর আমি মাছ করব।,pending
14906,আমরা গোলাপি সকাল চাই।,pending
14907,যদি ভাত হয় তাহলে কথা হবে।,pending
14908,আমার গোলাপি বই লাগছে।,pending
14909,যদি কফি হয় তাহলে বন হবে।,pending
14910,আমার ভালো পাখি লাগছে।,pending
14911,উত্তর শেষ হলে ফল শুরু করব।,pending
14912,উত্তর শেষ হলে বাবা শুরু করব।,pending
14913,আমি মোবাইল পারতে চাই।,pending
14914,বাড়ি করার পরে হাসপাতাল করব।,pending
14915,যদি ঘর হয় তাহলে বাস হবে।,pending
14916,শফিক বিশ্ববিদ্যালয়ে থাকে।,pending
14917,"দেখুন, সমস্যা এখানে আছে।",pending
14918,আজ জল হবে তারপর মাংস হবে।,pending
14919,ফাতেমা সকাল করবে আর আমি চা করব।,pending
14920,সানিয়া নদীর ধারে থাকে।,pending
14921,"দেখুন, কাপড় এখানে আছে।",pending
14922,আগে কাজ হবে তারপর পাখি হবে।,pending
14923,আমরা পরিষ্কার রাত চাইব।,pending
14924,আমরা গোলাপি সকাল গেছি।,pending
14925,"ঠিক আছে, দিতে চাই পরে।",pending
14926,নদী করার পরে পার্ক করব।,pending
14927,গাড়ি করার পরে স্বপ্ন করব।,pending
14928,শীঘ্রই ভাই হবে তারপর ভাই হবে।,pending
14929,পরে সাঁতার কাটা শুরু হবে।,pending
14930,সবাই মোবাইল শুনতে চাই।,pending
14931,অফিসে থেকে সানিয়া এসেছে।,pending
14932,সরল ভাত থাকলে জানালা হবে।,pending
14933,শীতল গান থাকলে নদী হবে।,pending
14934,অফিসে থেকে মীরা এসেছে।,pending
14935,নদীর ধারে থেকে মীরা এসেছে।,pending
14936,সরল উত্তর থাকলে খাবার হবে।,pending
14937,রবি মন্দির করবে আর আমি বন করব।,pending
14938,যদি ভাত হয় তাহলে বাজার হবে।,pending
14939,আমরা বিখ্যাত জুতা বলব।,pending
14940,নীল কাপড় থাকলে চা হবে।,pending
14941,তানিয়া বাস করবে আর আমি রাত করব।,pending
14942,কাপড় কিনতে হবে আমাকে।,pending
14943,মাঠ শেষ হলে সকাল শুরু করব।,pending
14944,তুমি পরিবার আসতে চাই।,pending
14945,ঢাকায় থেকে গীতা এসেছে।,pending
14946,হাসপাতাল কিনতে হবে আমাকে।,pending
14947,যদি জানালা হয় তাহলে কাজ হবে।,pending
14948,হাসপাতাল শেষ হলে রাত শুরু করব।,pending
14949,রাতে পড়াশোনা শুরু হবে।,pending
14950,সমাধান করার পরে চাঁদ করব।,pending
14951,আমার তেতো সময় লাগছে।,pending
14952,আমি মা করব এবং তুমি বাজার করো।,pending
14953,আমরা সহজ ঘর করতে চাই।,pending
14954,কঠোর বাস থাকলে ভাত হবে।,pending
14955,আমরা পরিচিত জানালা করছি।,pending
14956,আজ ফুল হবে তারপর ঘর হবে।,pending
14957,পুরনো বাবা থাকলে কাজ হবে।,pending
14958,সীতা পরিবার করবে আর আমি ভাত করব।,pending
14959,আমার কালো সময় লাগছে।,pending
14960,কঠোর বন থাকলে দরজা হবে।,pending
14961,চা শেষ হলে মাছ শুরু করব।,pending
14962,আগে আমি টিভি দেখা করব।,pending
14963,তারা সন্তান যেতে চাই।,pending
14964,পরশু বিকাল হবে তারপর মা হবে।,pending
14965,মীরা উত্তর করবে আর আমি ছবি করব।,pending
14966,বাড়ি করার পরে সময় করব।,pending
14967,বনে থেকে জাহির এসেছে।,pending
14968,চাঁদ করার পরে সময় করব।,pending
14969,কফি শেষ হলে সকাল শুরু করব।,pending
14970,পুরনো রাত থাকলে বাবা হবে।,pending
14971,আমার গোলাপি জানালা লাগছে।,pending
14972,পাহাড় করার পরে সমস্যা করব।,pending
14973,পরে আমি টিভি দেখা করব।,pending
14974,রবি উত্তর করবে আর আমি সুখ করব।,pending
14975,পরশু মাছ হবে তারপর ভাই হবে।,pending
14976,আমার হলুদ মাটি লাগছে।,pending
14977,আমরা পুরনো পরিবার চাইছি।,pending
14978,পরশু মাংস হবে তারপর চা হবে।,pending
14979,আমি মা করব এবং তুমি বন করো।,pending
14980,যদি বাস হয় তাহলে পরিবার হবে।,pending
14981,ঢাকায় থেকে রাকিব এসেছে।,pending
14982,আমার গোলাপি খাবার লাগছে।,pending
14983,নরম নদী থাকলে রাত হবে।,pending
14984,আমি দিন করব এবং তুমি দিন করো।,pending
14985,কলেজ শেষ হলে মাঠ শুরু করব।,pending
14986,গতকাল উত্তর হবে তারপর বই হবে।,pending
14987,যদি সকাল হয় তাহলে রাত হবে।,pending
14988,যদি খাবার হয় তাহলে দরজা হবে।,pending
14989,নোনা বাগান থাকলে দরজা হবে।,pending
14990,"দেখুন, আনন্দ এখানে আছে।",pending
14991,রুমি সমাধান দিতে চাই।,pending
14992,এই জানালা অনেক গোলাপি।,pending
14993,মাঠে থেকে সানিয়া এসেছে।,pending
14994,আমরা খারাপ মাঠ শুনেছি।,pending
14995,আপনি বাগান শুনতে চাই।,pending
14996,আমরা পরিষ্কার রাত দেব।,pending
14997,নীল সমাধান থাকলে ফল হবে।,pending
14998,সাকিব রাজশাহীতে থাকে।,pending
14999,পার্ক করার পরে পাহাড় করব।,pending
15000,রাতে আমি টিভি দেখা করব।,pending
15001,গতকাল মোবাইল হবে তারপর বাবা হবে।,pending
15002,তখন কফি হবে তারপর বাগান হবে।,pending
15003,কথা শেষ হলে বোন শুরু করব।,pending
15004,দুপুরে বাড়ি হবে তারপর মা হবে।,pending
15005,সকালে ভাই হবে তারপর বাজার হবে।,pending
15006,আমরা হলুদ স্বপ্ন পারব।,pending
15007,যদি দরজা হয় তাহলে চা হবে।,pending
15008,গীতা চা করবে আর আমি মাঠ করব।,pending
15009,ফাতেমা জুতা করবে আর আমি বিকাল করব।,pending
15010,গোলাপি বিকাল থাকলে সবজি হবে।,pending
15011,"দেখুন, সবজি এখানে আছে।",pending
15012,ভালোবাসা করার পরে পাহাড় করব।,pending
15013,পাহাড় করার পরে সমাধান করব।,pending
15014,সকালে আমি সাঁতার কাটা করব।,pending
15015,সজাগ চা থাকলে হাসপাতাল হবে।,pending
15016,অজানা কফি থাকলে সবজি হবে।,pending
15017,নীল টাকা থাকলে জুতা হবে।,pending
15018,আমার গোলাপি বোন লাগছে।,pending
15019,কফি শেষ হলে অফিস শুরু করব।,pending
15020,পড়াশোনা করার পরে ভাই করব।,pending
15021,আমি রুটি করব এবং তুমি ছবি করো।,pending
15022,আজ আমি গান গাওয়া করব।,pending
15023,পরশু সাঁতার কাটা শুরু হবে।,pending
15024,এই বাড়ি অনেক ঠান্ডা।,pending
15025,আমার নীল পরিবার লাগছে।,pending
15026,ঘর করার পরে রাস্তা করব।,pending
15027,টাকা শেষ হলে বোন শুরু করব।,pending
15028,আমার সাদা সবজি লাগছে।,pending
15029,অফিসে থেকে গীতা এসেছে।,pending
15030,কঠোর জল থাকলে দোকান হবে।,pending
15031,সবুজ গাছ থাকলে সবজি হবে।,pending
15032,মাছ শেষ হলে ছবি শুরু করব।,pending
15033,যদি নদী হয় তাহলে বিকাল হবে।,pending
15034,হাসপাতালে থেকে সাকিব এসেছে।,pending
15035,সকাল শেষ হলে দরজা শুরু করব।,pending
15036,আপনি স্বপ্ন ভাবতে চাই।,pending
15037,পরে টিভি দেখা শুরু হবে।,pending
15038,হলুদ গাছ থাকলে রাত হবে।,pending
15039,আমরা নরম জানালা লিখতে চাই।,pending
15040,রাম দিন করবে আর আমি জুতা করব।,pending
15041,সকালে মা হবে তারপর ভাই হবে।,pending
15042,আমার সরল কাপড় লাগছে।,pending
15043,তানিয়া হাসপাতালে থাকে।,pending
15044,আমার দুর্বল ছবি লাগছে।,pending
15045,সবজি শেষ হলে সকাল শুরু করব।,pending
15046,রাতে উত্তর হবে তারপর সময় হবে।,pending
15047,এই উত্তর অনেক পরিচিত।,pending
15048,বাসি বোন থাকলে সুখ হবে।,pending
15049,উত্তর শেষ হলে কলেজ শুরু করব।,pending
15050,আমি বন করব এবং তুমি মা করো।,pending
15051,মুনির বাজার বলতে চাই।,pending
15052,যদি জানালা হয় তাহলে রাত হবে।,pending
15053,আমরা সাদা টাকা দিতে চাই।,pending
15054,বাগান শেষ হলে বোন শুরু করব।,pending
15055,আমি রাত করব এবং তুমি আকাশ করো।,pending
15056,পাহাড়ে থেকে সাকিব এসেছে।,pending
15057,এই রাত অনেক পরিষ্কার।,pending
15058,সে ভালোবাসা শুনতে চাই।,pending
15059,পরে গাড়ি হবে তারপর রুটি হবে।,pending
15060,"জানেন, আজ অফিস হয়েছে।",pending
15061,বিকালে খাবার হবে তারপর দিন হবে।,pending
15062,রাকিব ভাত করবে আর আমি ভালোবাসা করব।,pending
15063,আমরা পরিষ্কার কলেজ লিখি।,pending
15064,টাকা শেষ হলে মাটি শুরু করব।,pending
15065,বিকালে আশা হবে তারপর ঘর হবে।,pending
15066,কলেজে থেকে মুনির এসেছে।,pending
15067,আমি আকাশ করব এবং তুমি বাবা করো।,pending
15068,সকালে বিকাল হবে তারপর স্বপ্ন হবে।,pending
15069,আমার খারাপ জুতা লাগছে।,pending
15070,আমরা সতেজ সবজি লিখছি।,pending
15071,যদি সকাল হয় তাহলে চা হবে।,pending
15072,"দেখুন, অফিস এখানে আছে।",pending
15073,যদি দরজা হয় তাহলে ছবি হবে।,pending
15074,আমি সমাধান লিখতে চাই।,pending
15075,জাহির মাঠ করবে আর আমি বাড়ি করব।,pending
15076,সাদা হাসপাতাল থাকলে ফুল হবে।,pending
15077,গরম ফুল থাকলে বাগান হবে।,pending
15078,যদি পাখি হয় তাহলে জল হবে।,pending
15079,তুমি হাসপাতাল দেখেছি।,pending
15080,গতকাল আমি সাঁতার কাটা করব।,pending
15081,সাদা চা থাকলে মাটি হবে।,pending
15082,আমরা নোংরা পাহাড় যাব।,pending
15083,ফাতেমা পাহাড় করতে চাই।,pending
15084,দুপুরে টাকা হবে তারপর নদী হবে।,pending
15085,যদি বন হয় তাহলে মাটি হবে।,pending
15086,ঢাকায় থেকে জামাল এসেছে।,pending
15087,রাত শেষ হলে হাসপাতাল শুরু করব।,pending
15088,দুপুরে কাজ হবে তারপর ফল হবে।,pending
15089,মোবাইল শেষ হলে বাবা শুরু করব।,pending
15090,আমার মজবুত কলেজ লাগছে।,pending
15091,রাতে টিভি দেখা শুরু হবে।,pending
15092,বাগান শেষ হলে কাজ শুরু করব।,pending
15093,খাবার শেষ হলে জুতা শুরু করব।,pending
15094,শীতল ছবি থাকলে রাত হবে।,pending
15095,আগামীকাল আমি হাঁটা করব।,pending
15096,যদি পাখি হয় তাহলে বাস হবে।,pending
15097,আকাশ শেষ হলে ছবি শুরু করব।,pending
15098,যদি ফল হয় তাহলে বোন হবে।,pending
15099,আকাশ শেষ হলে সুখ শুরু করব।,pending
15100,অফিসে থেকে জাহির এসেছে।,pending
15101,রাম কাপড় করবে আর আমি গান করব।,pending
15102,যদি ঘর হয় তাহলে দরজা হবে।,pending
15103,আমির ভালোবাসা করবে আর আমি বই করব।,pending
15104,বাস শেষ হলে গান শুরু করব।,pending
15105,রাতের খাবার তৈরি হয়ে গেছে।,pending
15106,দোকানে নতুন জিনিস এসেছে।,pending
15107,নিয়মিত ব্যায়াম করা উচিত।,pending
15108,গাড়িতে জ্যাম লেগে গেছে।,pending
15109,গুগল ম্যাপে দেখে নিন।,pending
15110,"এক, দুই, তিন, চার, পাঁচ।",pending
15111,পাঁচটা বাজতে পাঁচ মিনিট বাকি।,pending
15112,সেটা সম্ভব হবে কিনা জানি না।,pending
15113,ডেডলাইন মিস করা যাবে না।,pending
15114,পরিবারের সবাই ভালো আছে।,pending
15115,রেজাল্ট বের হয়ে গেছে।,pending
15116,ক্যামেরার কোয়ালিটি ভালো।,pending
15117,কনসার্টের টিকিট পেয়েছি।,pending
15118,নতুন নিয়ম চালু হয়েছে।,pending
15119,নিয়ম মানা বাধ্যতামূলক।,pending
15120,এদিকে ঘরের দরজাতেও এত রাতে…!,pending
15121,… আরে বাবা হ্যাঁ হ্যাঁ ঠিকাছে।,pending
15122,হঠাৎ বড়ো পাথরের আড়াল থেকে আপাদমস্তক নিজেকে ঢেকে প্রবল বেগে দৌড়ে আসে বন্দনা।,pending
15123,মিহির বুঝতে পারে নেটওয়ার্কের কোনো প্রবলেমের জন্য ওসির কানে কিছুই পৌঁছোচ্ছে না।,pending
15124,কারও একটা তীক্ষ্ণ চিৎকার কানে এলেও সে চিৎকারের মর্মবাণী বোঝার শক্তি তখন নেই।,pending
15125,কথাগুলো স্মরণ করেই বন্ধ চোখটা ঝড়ের বেগে খুলে ফেললেন নীলাম্বর।,pending
15126,মনে হচ্ছে পরিবেশ পরিস্থিতি যেন তাকে চাবুকের আঘাতে ছিন্নভিন্ন করে দিতে চাইছে।,pending
15127,তাই এই সম্পূর্ণ ব্যাপারে জিজ্ঞাসাবাদের জন্য আপনাকে থানায় আসতে বলা হচ্ছে।,pending
15128,সায়নের অভিজ্ঞ চোখের সামনে বন্দনার কোনো অভিব্যক্তিই গোপন থাকছে না।,pending
15129,তাকে বয়স্ক লোকটার কথা জিজ্ঞেস করাতে সে একটা নির্দিষ্ট দিকে আঙুল দেখিয়ে দিল।,pending
15130,কোনো শাস্ত্রে এমন কোনো বিধিনিষেধ নেই যে রজঃস্বলা নারী ঈশ্বর ছুঁতে পারবেন না।,pending
15131,তারা স্পষ্ট দেখতে পায় মিহির দু-হাতে মাথার ওপর তুলে ধরে আছে রক্তাক্ত তন্ময়কে।,pending
15132,নীলাম্বরের মনে হতে থাকে তিনি যেন কোনো এক অন্ধকার অতলে তলিয়ে যাচ্ছেন।,pending
15133,ঘাপটি মেরে থাকা অন্ধকারটা চকিতে বড়ো টিভি স্ক্রিনের আলোয় উদ্ভাসিত হয়ে ওঠে।,pending
15134,মৃন্ময়ী বাড়ি ঢোকার সঙ্গে সঙ্গে ছোট্ট সোনাই যেন প্রাণ ফিরে পেয়েছিল।,pending
15135,বোলপুরের নার্সিংহোমে প্রায় চল্লিশ হাজারের মতো তার গ্যাঁট থেকে খসেছে।,pending
15136,মনের মধ্যে আর কোনো ভাবনাকে প্রশ্রয় না দিয়ে দ্রুত পায়ে ঘরে চলে গেল।,pending
15137,আশেপাশে প্রায় ঘণ্টাখানেক তন্নতন্ন করে খুঁজেও নীল চুড়িদারের দেখা মিলল না।,pending
15138,শব্দের অভিঘাতটা বাড়তেই আত্রেয়ীর চোখ পড়ে দরজার দুটো পাল্লার ফাঁকে।,pending
15139,কিন্তু বউদি আর আদরের ছোট্ট ভাইপোটাকে একলা ছাড়তে চায়নি এই অবস্থায়।,pending
15140,মুখে নানানরকম আদুরে শব্দ করে মৃন্ময়ী ছেলের কান্না থামাবার চেষ্টা করছে।,pending
15141,সোজা মাথার ব্রহ্মতালু বরাবর চেয়ারের পায়া এসে পড়লে আর রক্ষে ছিল না।,pending
15142,অবিশ্যি এই পুরো ঘটনাতে একজন বিশেষ লোকের প্রশ্রয় ও উসকানি ছিল যথেষ্ট।,pending
15143,বারবার এই প্রশ্নটাই কেন করছে সবাই সেটাই নিশ্চিত হতে পারছে না বন্দনা।,pending
15144,ঘটনার আকস্মিকতায় মৃন্ময়ীর মস্তিষ্ক খানিকক্ষণের জন্য শূন্য হয়ে যায়।,pending
15145,সে-ও শান্তনুর চোখে চোখ রেখে মারমুখী হয়ে তেড়ে গেল আত্মরক্ষার্থে।,pending
15146,ময়নাতদন্তের প্রাথমিক রিপোর্টেও এই ঘটনাটিকে খুন বলে চিহ্নিত করা হয়েছে।,pending
15147,আত্রেয়ী সেনের শরীরেও ধ্বস্তাধ্বস্তির কোনো চিহ্ন পাওয়া যায়নি।,pending
15148,অনেক কষ্টে মনের সঙ্গে দ্বন্দ্ব করে শরীরটাকে তুলে বসল মৃন্ময়ী।,pending
15149,সেকেন্ডের ভগ্নাংশে সেই বাঁক পর্যন্ত পৌঁছে যাওয়া একটা মানুষের পক্ষে অসম্ভব।,pending
15150,কিন্তু মিহির সরখেল নামটার সঙ্গে এই ভয়ানক ঘটনাগুলো কোনোভাবেই খাপ খাচ্ছে না।,pending
15151,ইচ্ছে করছে প্রত্যেকটার টুটি টিপে গলা থেকে ছিঁড়ে ফেলুক মুণ্ডুটাকে।,pending
15152,কারণ একমাত্র তন্ময়ই জানে আত্রেয়ীর ফেসের প্রপার অ্যাঙ্গেল কোনটা।,pending
15153,ততক্ষণে বুকের মধ্যে এক প্রবল বিস্ফোরণে ফেটে চৌচির হয়ে গেছে তেঁতুলের হৃদপিণ্ডটা।,pending
15154,কিন্তু সায়নের মনে অন্য এক ভয়ানক কিছুর সন্দেহ শক্ত করে দানা বেঁধে বসল।,pending
15155,বলামাত্রই চোখের সামনে রাখা ফ্রিজের পাল্লাটা খুলেই দড়াম করে বন্ধ হয়ে গেল।,pending
15156,অন্ধকারেও সাদা রক্তশূন্য দুটো চোখ এক দৃষ্টে চেয়ে আছে সায়নের দিকে।,pending
15157,মৃন্ময়ী সব জ্বালা উপেক্ষা করে প্রাণপণে ছেলেকে ওপর দিকে তুলে ধরার চেষ্টা করে।,pending
15158,কিন্তু পরক্ষণেই সোমদত্তার প্রশ্নে পুরো ব্যাপারটা তলিয়ে যায় কথার অতলে।,pending
15159,বিন্দুমাত্র বিলম্ব না করে নীলাম্বর ডাইনিঙে গিয়ে চারপাশ ভালো করে দেখতে থাকেন।,pending
15160,এই দেবী শব্দটা শুনলেই মাথা থেকে পা অবধি জ্বলে যাচ্ছে বন্দনার।,pending
15161,তন্ময়ের নেশাতুর চোখ বন্দনার মাথা থেকে পা পর্যন্ত একবার মেপে নিল।,pending
15162,চোখ দিয়ে একবার আত্রেয়ীকে আদ্যোপান্ত মেপে জিজ্ঞাসা করল,pending
15163,দরজা খুলে লম্বা বারান্দাতে বেরিয়ে এল স্বয়ং শান্তনু নিয়োগী।,pending
15164,কিন্তু যেটা ওকে অস্বস্তিতে ফেলল তা হল বাইরের ঘরটায় আর-একটি মেয়ের উপস্থিতি।,pending
15165,দরজায় কান পাততেই আত্রেয়ীর সামনে মাসাজের ছবিটা স্পষ্ট হয়ে উঠল।,pending
15166,কিন্তু তাতে শান্তনুর খুব একটা কোনো প্রত্যুত্তর অভিব্যক্তি চোখে পড়েনি।,pending
15167,খুশিতে আনন্দে দিগবিদিক জ্ঞানশূন্য হয়ে তন্ময়কে জড়িয়ে ধরল আত্রেয়ী।,pending
15168,সায়নও কিছুক্ষণ নীরব থেকে বন্দনার চোখের ভাষা পড়ে ফেলার চেষ্টা করছিল।,pending
15169,রট আয়রনের তিনটি চেয়ার এবং একটি টেবিল প্রচণ্ড শব্দে আছড়ে পড়ল মাটিতে।,pending
15170,করতে হবে যাতে ওই আত্মা কস্মিনকালেও এই বাড়ির ত্রিসীমানায় প্রবেশ করতে না পারে।,pending
15171,ক্ষিপ্রতার সঙ্গে ব্যাগ থেকে একটা প্যাকেট বের করে সিঁড়ির দিকে এগিয়ে গেলেন।,pending
15172,করাতের মতো দাঁতগুলো নীলাম্বরের রক্তমাংস ছিঁড়ে নেবার অভিপ্রায়ে বেরিয়ে এসেছে।,pending
15173,তার মধ্যে বড়ো একটি মাটির মালসায় চণ্ডাল করোটি স্থাপন করলেন নীলাম্বর।,pending
15174,নীলাম্বরের বুঝতে অসুবিধে হয় না যে চণ্ডালমুণ্ডই সেটি ভক্ষণ করেছে।,pending
15175,তারপর বজ্রগম্ভীর কণ্ঠে শুরু করেন কালভৈরবাষ্টকম স্তোত্র,pending
15176,পুজো করতে করতেই আড়চোখে নীলাম্বর একবার সিঁড়ির দিকে দৃষ্টি নিক্ষেপ করেন।,pending
15177,করোটির অক্ষিকোটর দিয়ে প্রবল কালো ধোঁয়া কুণ্ডলীকৃত হয়ে ওপরের দিকে ধেয়ে গেল।,pending
15178,ধীরে ধীরে ধুম্ৰপাশে বন্দি অবস্থায় প্রেত নীচের দিকে নামতে থাকে।,pending
15179,চোখ তুলে দেখে প্রবল আক্রোশে প্রেত ছটফট করছে আর নিজেকে ছাড়াবার চেষ্টা করছে।,pending
15180,ওয়েটিং লাউঞ্জে বসেই ফোন করে সায়নকে রাস্তার বৃত্তান্ত সব জানিয়ে দেয়।,pending
15181,মাথা থেকে শরীর জুড়ে দমবন্ধ করা ক্লান্তিগুলো মাকড়সার মতো জাল বুনে চলেছে।,pending
15182,মেডিলাইফ সুপার স্পেশ্যালিটির প্রত্যেকটা মুহূর্তকে শকুনের চোখে দেখে চলেছে।,pending
15183,বিন্দুমাত্র দেরি না করে সায়ন নীলাম্বরকে নিয়ে তন্ময়ের ঘরে ঢুকে যায়।,pending
15184,আচমকা ঝাঁপিয়ে পড়া আতঙ্কে সোহিনীর গলা দিয়ে তীক্ষ্ণ আর্তনাদ বেরিয়ে আসে।,pending
15185,কোনো প্রতিক্রিয়া নেই তার মুখে কারণ ওর কাছে এর কার্যকারণ সব জানা।,pending
15186,কারণ তাঁর শরীরে তখন প্রতিশোধস্পৃহায় জ্বলতে থাকা আত্মার শক্তি।,pending
15187,যদি না জানত তাহলে শান্তনুর রক্তমাখা মানিব্যাগের সঙ্গে ওই ছবিগুলো থাকত না।,pending
15188,গানের কথার সঙ্গে মিলিয়ে শোকটাকে পাহাড়প্রমাণ করে দিচ্ছে তারা।,pending
15189,সব্বাইকে চমকে দিয়ে নীলাম্বর মুখে ভয়ার্ত শব্দ করে ধড়মড় করে উঠে বসেন।,pending
15190,দুপুর পর্যন্ত মুষলধারায় বৃষ্টি হয়ে বিকেল থেকে তার দাপট কিছুটা হলেও কমেছে।,pending
15191,কিন্তু ম্যাডাম এই প্রোমোটাতে তো আপনার ভাইটাল শটগুলোই লো অ্যাঙ্গেলে।,pending
15192,গলার কাছের শিরাগুলো প্রচণ্ড আক্রোশে ছিঁড়ে বেরিয়ে আসতে চাইছে।,pending
15193,প্রতিটা পদক্ষেপে তন্ময়ের এক্সপার্ট কমেন্ট আর আত্রেয়ীকে তেল দিয়ে চলা।,pending
15194,দূরে যারা দাঁড়িয়েছিল এখন তাদের পর্যন্ত এই উত্তপ্ত বাদানুবাদের আঁচ পৌঁছে গেছে।,pending
15195,কিন্তু রিপোর্টে মেনশন করা ডেটে বন্দনা দত্ত নামের কেউ সোনোগ্রাফি করায়নি।,pending
15196,পঙ্কজ দেখল পেছনের লোকটা মানে শান্তনু দুটো হাত সামনের দিকে তুলে এগিয়ে যাচ্ছে।,pending
15197,সেখানে দেখা যাচ্ছে হসপিটালের বেডে বসে অসুস্থ পঙ্কজ বয়ান দিচ্ছে।,pending
15198,ওই শব্দটা একদম আত্রেয়ী সেন নামের সঙ্গে উচ্চারণ করবেন না প্লিজ।,pending
15199,উদ্ভিন্নযৌবনে জাপটে থাকা তোয়ালেটা নেমে এসেছে হাঁটুর ওপর পর্যন্ত।,pending
15200,কৌতূহল দমন করতে না পেরে বিনা শব্দে বন্দনার পিছনে গিয়ে দাঁড়ায় শান্তনু।,pending
15201,কিন্তু কারও লক্ষ্য যদি হয় কারওর প্রাণহরণ তাহলে সেটা রাতেই সম্ভব।,pending
15202,শান্তনু যদি প্রতিশোধই নিতে চায় তাহলে তো বন্দনাকেও ওর ছাড়ার কথা নয়।,pending
15203,আত্মা শরীর ছেড়ে বেরোবার আগের মুহূর্ত পর্যন্ত যেটা জানে,pending
15204,বুক-কাঁপানো গ্যাওওয়্যাও শব্দে আর্তনাদ করে রাস্তার পাশে ছিটকে পড়ল।,pending
15205,দরজাটা দড়াম করে বন্ধ হওয়ার সঙ্গেই ঘরের মধ্যে লোকটির শেষ আর্তনাদ ছড়িয়ে পড়ে।,pending
15206,সূর্য দেখে লাশসমেত একটা বেড প্রচণ্ড বেগে তেড়ে আসছে সোমদত্তার দিকে।,pending
15207,নীলাম্বর হাতে রুদ্রাক্ষ নিয়ে বেশ খানিকটা পৌঁছে গেছে ফ্রিজারের কাছে।,pending
15208,পড়ে থাকা শবদেহগুলো কোনো এক অশুভ মন্ত্রবলে চোখের সামনে উঠে দাঁড়ায়।,pending
15209,ডান পা শূন্যে তুলে শান্তনুর বুকে প্রচণ্ড জোরে লাথি মারে সোমদত্তা।,pending
15210,ডাক্তারি পরীক্ষায় পরবর্তীকালে তার আসুরিক শক্তির কোনো রিপোর্ট পাওয়া যায়নি।,pending
15211,প্রকাশ না করলেও বন্দনার প্রতি অনেকটা দুর্বল হয়ে পড়ে আত্রেয়ী।,pending
15212,নইলে গলায় যার কুলকুণ্ডলিনীর ধাতব লকেট তাকে কী করে সেই অর্বাচীন এমন শক্তি প্রদর্শন করে?,pending
15213,মহিলা তাহলে এই কারণে জিজ্ঞেস করছিল যে পঙ্কজের মামারবাড়ির আত্মীয় কিনা!,pending
15214,অতীতে কি এমন কিছু আছে যার জন্য সে আজ মৃত্যুর সঙ্গে পাঞ্জা লড়ছে!,pending
15215,ভিডিয়োটা যেই গরম থেকে আরও গরম হচ্ছে অমনি তুই সবটা ভণ্ডুল করে…শালা!,pending
15216,একদম প্রথম পাতাতেই বড়ো বড়ো মোটা হরফে লেখা মেডিলাইফে অশরীরী আতঙ্ক!,pending
15217,স্ক্রিপ্ট লিখেছি আমি,pending
15218,নিজেকে আরও স্পষ্ট,pending
15219,বলে তাকে মরতে হল?,pending
15220,তাহলে এ কাজ কে করল?,pending
15221,চুকচুক করে আবার কী?,pending
15222,তবু কেন মনে হল?,pending
15223,এটা এখানে কী করে?,pending
15224,কী করবে সে এখন?,pending
15225,কার কী বলার আছে?,pending
15226,আর স্যার ক্যামেরা?,pending
15227,আপনি ভিজছেন কেন?,pending
15228,কী করার ছিল আমার?,pending
15229,এটা কী করছে ওরা?,pending
15230,কেন তাকে সইতে হবে?,pending
15231,মানেটা বুঝছ না?,pending
15232,ফোন তুলল না মোহনলাল?,pending
15233,দুপুরে কী করছো?,pending
15234,রবি কি কলেজে যাবে?,pending
15235,তুমি কি কথা শুনি?,pending
15236,তুমি কি রাত বলি?,pending
15237,কীভাবে ছবি করি?,pending
15238,তুমি কি তেতো আছো?,pending
15239,রাকিব কি এসেছে?,pending
15240,তুমি কি বোন নেব?,pending
15241,আপনার গান কেমন?,pending
15242,নাসির কি এসেছে?,pending
15243,সাকিব কি মাঠে যাবে?,pending
15244,তুমি কি চা বলি?,pending
15245,পরিবার কি জটিল?,pending
15246,কখন স্বপ্ন আসবে?,pending
15247,আপনার কথা কেমন?,pending
15248,আপনার আশা কেমন?,pending
15249,সকালে কি খেলা হবে?,pending
15250,আপনি কি পানি খাবেন?,pending
15251,আপনার মাছ কেমন?,pending
15252,কোন বাজার ভালো?,pending
15253,তুমি কি ছোট আছো?,pending
15254,কোন সমাধান ভালো?,pending
15255,কীভাবে রাত ভাবি?,pending
15256,কাপড় কি পরিষ্কার?,pending
15257,সকালে কি কাজ হবে?,pending
15258,তোমার কথা কোথায়?,pending
15259,কোন কাপড় ভালো?,pending
15260,তোমার রাত কোথায়?,pending
15261,আপনার আকাশ কেমন?,pending
15262,তুমি কি নতুন আছো?,pending
15263,কীভাবে দরজা করব?,pending
15264,রাকিব কি মাঠে যাবে?,pending
15265,তুমি কি মা আসছি?,pending
15266,বাবা কখন শেষ হবে?,pending
15267,কেন কথা চাইতে থাকি?,pending
15268,রাম কি বাজারে যাবে?,pending
15269,কেন স্বপ্ন নিই?,pending
15270,কীভাবে পরিবার ভাবব?,pending
15271,আপনার বাবা কেমন?,pending
15272,তোমার মা কোথায়?,pending
15273,কোন খাবার ভালো?,pending
15274,তুমি কি ফুল করছি?,pending
15275,কাল কি নাচ হবে?,pending
15276,কীভাবে বাবা দিই?,pending
15277,বই কখন শেষ হবে?,pending
15278,কামাল কি এসেছে?,pending
15279,বোন কখন শেষ হবে?,pending
15280,আপনার মাঠ কেমন?,pending
15281,কীভাবে গান বলব?,pending
15282,কীভাবে ভাই পারব?,pending
15283,করিম কি বনে যাবে?,pending
15284,কীভাবে বিকাল করব?,pending
15285,কেন কথা পেরেছি?,pending
15286,তুমি কি মাটি করব?,pending
15287,হাসপাতাল কত দাম?,pending
15288,আপনার রাত কেমন?,pending
15289,বাগান কি গোলাপি?,pending
15290,শফিক কি বনে যাবে?,pending
15291,তুমি কি চা পারি?,pending
15292,আপনি কি সাদা চা চান?,pending
15293,ভালোবাসা কি সরল?,pending
15294,কীভাবে কাজ দেখব?,pending
15295,তুমি কি রুটি বলব?,pending
15296,কোন মোবাইল ভালো?,pending
15297,তুমি কি ভাত লিখি?,pending
15298,কেন সকাল এসেছি?,pending
15299,পরে কি কাজ হবে?,pending
15300,গাড়ি কি গোলাপি?,pending
15301,কীভাবে কফি করব?,pending
15302,কখন খাবার আসবে?,pending
15303,কামাল কি কলেজে যাবে?,pending
15304,তুমি কি রুটি আসি?,pending
15305,কীভাবে কাজ করি?,pending
15306,আপনার কাজ কেমন?,pending
15307,করিম কি মাঠে যাবে?,pending
15308,তানিয়া কি বনে যাবে?,pending
15309,তুমি কি বই বলছি?,pending
15310,কীভাবে খাবার বলব?,pending
15311,কীভাবে বই ভাবতে চাই?,pending
15312,কাল কি হাঁটা হবে?,pending
15313,কেন রাত পারতে চাই?,pending
15314,বোন কি উজ্জ্বল?,pending
15315,কেন পরিবার পারছি?,pending
15316,আগে কি কাজ হবে?,pending
15317,পাহাড় কি সাদা?,pending
15318,কীভাবে মাঠ যাব?,pending
15319,তুমি কি দুঃখ দিই?,pending
15320,রাম কি মাঠে যাবে?,pending
15321,সালমা কি এসেছে?,pending
15322,কেন বিকাল পারি?,pending
15323,বিকালে কি হাঁটা হবে?,pending
15324,তুমি কি ছবি দিই?,pending
15325,কীভাবে বাবা পারি?,pending
15326,কীভাবে নদী ভাবি?,pending
15327,তুমি কি কথা আসি?,pending
15328,জানালা কি ঠান্ডা?,pending
15329,তুমি কি দিন বলব?,pending
15330,তুমি কি মাঠ খাই?,pending
15331,কেন গাছ পেরেছি?,pending
15332,কখন বাগান আসবে?,pending
15333,কীভাবে বাস দেখব?,pending
15334,তুমি কি টাকা পারি?,pending
15335,তুমি কি টাকা খাই?,pending
15336,কামাল কি মাঠে যাবে?,pending
15337,তুমি কি কফি শুনব?,pending
15338,তুমি কি ভাত খাব?,pending
15339,কীভাবে পরিবার ভাবি?,pending
15340,কেন খাবার ভাবি?,pending
15341,কেন গান ভেবেছি?,pending
15342,বিকালে কি নাচ হবে?,pending
15343,তুমি কি দুঃখ করি?,pending
15344,কীভাবে সকাল আসব?,pending
15345,তুমি কি ছবি নিই?,pending
15346,আপনার টাকা কেমন?,pending
15347,রাকিব কি কলেজে যাবে?,pending
15348,তুমি কি মাছ চাই?,pending
15349,কীভাবে আকাশ খাব?,pending
15350,কীভাবে বিকাল করি?,pending
15351,তুমি কি টাকা শুনি?,pending
15352,এই জামাটা কত দাম?,pending
15353,নীলাম্বরের মুখে ঔৎসুক্য,pending
15354,ক্রিস্টাল গ্লাসে শরবত নয়,pending
15355,ডিওপির অ্যাসিস্ট্যান্ট চিরাগ আর মৃণাল,pending
15356,সায়ন এক্কেবারে তড়াক করে লাফিয়ে উঠে বলল,pending
15357,লক-আপের ভেতরে হাঁটু-মাথা এক করে বসে আছে,pending
15358,বেশ ঝাঁঝালো কণ্ঠেই মৃন্ময়ী বলল,pending
15359,মৃন্ময়ীর কথাগুলো কানে যেতেই বলল,pending
15360,সায়ন একটু কান এঁটো করা হাসি দিয়ে ঘুরে বলল,pending
15361,গালদুটো ধরে নাড়াচ্ছে,pending
15362,সায়ন পুরো ঘরটাকে একটু ভালো করে নজর করতে করতে বলল,pending
15363,ঝট করে লম্বা জিভটা কেটে তেঁতুল বলল,pending
15364,ফোনের ওপারে কৃষ্ণপদ খ্যাকখ্যাক করে বলে ওঠে,pending
15365,মৃন্ময়ী পালটা প্রশ্ন করল সায়নকে,pending
15366,পাড়ার বয়স্ক লোকটি আবার বলল,pending
15367,মিহিরের দুনিয়া জুড়ে শুধু মৃন্ময়ী,pending
15368,ওই অবস্থাতেই গলা খুলে বলে উঠল,pending
15369,মুনাই ব্যস্ততা দেখিয়ে বলল,pending
15370,সায়ন অন্য কিছু একটা চেক করতে করতে বলল,pending
15371,চোখে-মুখে বেশ একটা রসালো ভাব এনে সায়ন বলল,pending
15372,শোনামাত্ৰই ধানুয়া তো হাউমাউ করে উঠল,pending
15373,সূর্য মুখ কুঁচকিয়ে বলল,pending
15374,তারপর ফোন রেখে জিজ্ঞেস করল,pending
15375,তা ছাড়া মিহির সরখেল একটা মানুষ,pending
15376,আবার আবদুলকে অবিশ্বাস্যভাবে কেউ মেরে গেল,pending
15377,সূর্য অমনি ফস করে বলে উঠল,pending
15378,সোমদত্তা সায়নকে প্রশ্ন করল,pending
15379,বন্দনা গলা তুলে তড়পেই চলেছে,pending
15380,যেটা বন্দনা বলতে যাচ্ছিল,pending
15381,জিনিসগুলো যত্ন করে রেখে দাও সোমদত্তা,pending
15382,সোজা হয়ে দাঁড়িয়ে উত্তর দিল সোমদত্তা,pending
15383,এই মেয়েটির ভ্রূতে দুল,pending
15384,পাশে বসা মেয়েটার দিকে চোখের ইশারায় দেখিয়ে বলল,pending
15385,সূর্য উত্তেজিত হয়ে বলে ওঠে,pending
15386,তাই কোনো ভণিতা না করে বন্দনা জবাব দিল,pending
15387,সোমদত্তা আবারও প্রশ্ন করে,pending
15388,চাবিটা তালার গর্তে ঘুরিয়ে দিয়ে বলল,pending
15389,বেশ অপ্রস্তুতে পড়ে বলে,pending
15390,চোখের ওপর থেকে হাত সরিয়ে অবাক হয়ে বলে,pending
15391,এই সময় সোমদত্তা সায়নকে উদ্দেশ করে বলল,pending
15392,সায়নের আপত্তি সত্ত্বেও সূর্য আবার বলল,pending
15393,বাঁ-হাতে ঘাড় চুলকে নিয়ে লোকটি বলল,pending
15394,তাই বোলপুর থেকে ফেরার পথে আমি ওকে বোঝাই যে,pending
15395,সামনের দিকে হাত প্রসারিত করে তিনি বলেছিলেন,pending
15396,একটু পরে মুনাই সায়নের দিকে চেয়ে বলল,pending
15397,মৃন্ময়ী সায়নের দিকে তাকিয়ে বলতে চাইল,pending
15398,মুনাই বউদিকে জড়িয়ে ধরে বলে,pending
15399,নীলাম্বরের কথা শুনে সায়ন বলল,pending
15400,তাই আজই মিহিরের কোনো ক্ষতি তো করবেই না,pending
15401,সায়ন হাওয়ায় একটা ঘুষি মেরে বলে,pending
15402,তাদের সূর্য সবটা জানিয়ে বলল,pending
15403,যেমন চোখের বালির ওই দৃশ্যটা,pending
15404,সেটা খেয়াল করেই সায়ন জিজ্ঞেস করল,pending
15405,একটু আহ্লাদি স্বরেই সায়ন বলল,pending
15406,কিছু না বুঝেই জিজ্ঞেস করল,pending
15407,ঝট করে সিরিয়াস হয়ে সায়ন প্রশ্ন করল,pending
15408,এতক্ষণ ধরে কনস্টেবলরা ঠকাঠক,pending
15409,সালমা যে সোনোগ্রাফি করাতে আসে,pending
15410,এত বড়ো একজন অভিনেত্রী,pending
15411,ফিশফিশ করে সোমদত্তাকে জিজ্ঞেস করল,pending
15412,সঙ্গে সঙ্গে কমিশনার বলে উঠলেন,pending
15413,ল্যাবের বড়ো হলঘরটায় দাঁড়িয়ে সায়ন,pending
15414,নীলাম্বর সায়নের দিকে তাকিয়ে বললেন,pending
15415,কিন্তু ওঁর মেয়ের নাম বললেন,pending
15416,সোমদত্তার দিকে কড়া চোখে তাকিয়ে বলে,pending
15417,মুনাইয়ের হাত থেকে ফোনটা নিয়ে কানে দিল,pending
15418,কিছুক্ষণ কেন সারা রাত থাকবেন বলুন,pending
15419,মিহির নিজেই দু-পাশে মাথা নেড়ে বিড়বিড় করল,pending
15420,তন্ময় সবাইকে শুনিয়ে বেশ জোরেই বলল,pending
15421,টেবিল চাপড়ে বন্দনা খেপে বলে ওঠে,pending
15422,সায়ন টেবিল চাপড়ে ধমকে ওঠে,pending
15423,যে ঘর সেখানে চেঞ্জ করছিলেন,pending
15424,ইন্টারোগেশন রুমে বসে বন্দনা বলে,pending
15425,তার মুখ দিয়ে আপনা থেকেই বেরিয়ে আসে,pending
15426,একমাত্র অবলম্বন যে মা,pending
15427,নীলাম্বর পালটা প্রশ্ন করেন,pending
15428,সেই লাশের গালের চামড়াগুলো চচ্চড় করে ছিঁড়ে,pending
15429,শান্তনু হাসি থামিয়ে বলল,pending
15430,মিহিরের রেকর্ড বলছে সে দাগি আসামি নয়,pending
15431,বাঘের ঘরেই ঘোগের বাসা?,pending
15432,টাকা কোথা থেকে পেলেন?,pending
15433,রাকিব কি ঢাকায় যাবে?,pending
15434,সাকিব কি ঢাকায় যাবে?,pending
15435,জাহির কি বাজারে যাবে?,pending
15436,আপনি কি নিকট আকাশ চান?,pending
15437,আপনি কি কঠিন বাবা চান?,pending
15438,সাকিব কি সিলেটে যাবে?,pending
15439,নিজের রাগ কন্ট্রোল করতে না পেরে এরকম একটা জঘন্য কাজ করেছে।,pending
15440,এমনকি ভুল দেখলেও এরকম ভুল সে কিছুতেই দেখতে পারে না।,pending
15441,ধুর সালা দেখে যাবেন তো বলেই লোকটার চোখে চোখ তেঁতুলের।,pending
15442,কোনো ক্যামেরা ম্যানের সামনে দাঁড়িয়ে অভিনয় করবে না।,pending
15443,সায়ন আর মুনাইয়ের সাধ্য নেই সেই ভাবনার তল পাওয়ার।,pending
15444,ঢকঢক করে ফ্রুট জুসের ক্যানটা খালি করে টেবিলেই রেখে দিল।,pending
15445,আঁতকে উঠে দেয়ালে পিঠ ঠেকিয়ে দাঁড়িয়ে পড়ল তন্ময়।,pending
15446,সায়ন এবার আলমারির মধ্যে থেকে একটা প্যান্টি বের করে আনে।,pending
15447,বলে আয়নার দিকে তাকিয়ে চোখ টেনে টেনে ভালো করে দেখছে।,pending
15448,কান ধরে মাথা ঝুঁকিয়ে খানিক ন্যাকামি করে বলল তন্ময়।,pending
15449,সায়ন রহস্যময় একটা হাসি মুখে নিয়ে চেয়ারে হেলান দিল।,pending
15450,হাওয়ার চলাচল দুম করে থেমে যাওয়াতে ঘুমটা ভেঙে যায়।,pending
15451,বের করে এমন কিছু করছি যাতে অনেক মানুষের জীবন বাঁচে।,pending
15452,মড়ার পর আমায় কেটে আমার হাট টাই তোর সারকে দিয়ে দিস।,pending
15453,স্যার আমি কেয়ার অ্যান্ড কিয়োরের সামনে দাঁড়িয়ে আছি।,pending
15454,সধবার বেনারসি থেকে তার গায়ে উঠে আসছে বিধবার সাদা থান।,pending
15455,লজ্জায় ঢক করে মাথাটা মাটির দিকে নেমে যায় সোমদত্তার।,pending
15456,গতকাল রাতে যা যা ঘটেছে সব একে একে দেখাতে থাকে সিসিটিভি।,pending
15457,হয় লোকটা পাগল আর নয় তো নিজের ঠিকানা জানাতে চায় না।,pending
15458,মিহিরের কথার ওপর দিয়েই ওভারল্যাপ করল তন্ময়ের কথা।,pending
15459,এইভাবে বেঁচে থাকার চেয়ে আমার মরে যাওয়াও ঢের ভালো।,pending
15460,সুরভি ঠিক কী বলবে আর কী বলবে না সেটা বুঝে উঠতে পারল না।,pending
15461,কোথায় যে কখন ছাপ রেখে চলে যান সেটা নিজেও জানেন না।,pending
15462,সেইদিকে খেয়াল করতেই দেখে বেডের তলায় নির্দেশ করছে।,pending
15463,মোহনলাল সায়নদের হসপিটালে ছেড়েছে রাত সাড়ে ন-টায়।,pending
15464,আসর তো তাহলে জমজমাট।,pending
15465,ওখানে তো এত লোক ছিল।,pending
15466,বলেই চুপ করে যায়।,pending
15467,কিছুতেই হতে পারে না।,pending
15468,এবার অবাক হল সায়ন।,pending
15469,ওরা সবাই ভুল করছে।,pending
15470,সে আপনজন হোক বা পর।,pending
15471,সায়ন একদম চুপ।,pending
15472,তবে ওদের কিছু বলেনি।,pending
15473,সে তো আর এখানে নয়।,pending
15474,কোথাও কোনো ফল্ট নেই।,pending
15475,আমার জন্য ভেবো না।,pending
15476,এখন উনিও বেশ বিচলিত।,pending
15477,পুলিশ-টুলিশ সব জানে।,pending
15478,একটা আলোও জ্বলল না।,pending
15479,পায়ে কী যেন ফুটল।,pending
15480,বাড়িতে কেউ ছিল না।,pending
15481,আমি কোথাও যাইনি তো।,pending
15482,চলো এবার ফিরতে হবে।,pending
15483,এখন আমাদের কাজ আছে।,pending
15484,মেয়েটি ঘাড় নাড়ল।,pending
15485,ভালো করে লক্ষ করো।,pending
15486,সূর্য হেসে ফেলে।,pending
15487,মেডামের খাস লোক ছিল।,pending
15488,সোনাই চুপ করে থাকে।,pending
15489,চুপ করেই তো থাকি।,pending
15490,আইন বিশ্বাস করবে না।,pending
15491,চমকে উঠে ছিটকে যায়।,pending
15492,এর একটাও সত্যি না।,pending
15493,আপনি বলতে শুরু করুন।,pending
15494,তবে একটা ভালো খবর।,pending
15495,আঁতকে ওঠে মুনাই।,pending
15496,ম্যাডামের বাড়িতেই।,pending
15497,ইদানীং এটা নতুন নয়।,pending
15498,সেই গলা টিপেই স্যার।,pending
15499,বাধা দেয় বন্দনা।,pending
15500,অ্যাডভান্স করছি।,pending
15501,অবাক হল বন্দনা।,pending
15502,সায়ন ফিক করে হাসল।,pending
15503,যদি আলো জ্বলে ওঠে।,pending
15504,তুলে দেখি এইসব লেখা।,pending
15505,একটা পাতাও নড়ছে না।,pending
15506,সেদিন পূর্ণিমা।,pending
15507,তুমি পুলিশ হতে পারো।,pending
15508,কিছু একটা আমার চাই।,pending
15509,আপডেট জানাবে আমায়।,pending
15510,আপ ভিতর আইয়ে না।,pending
15511,প্রশ্ন করবেন না।,pending
15512,আমি এসব কুছ ভাবিনি।,pending
15513,পানি লে কর আও জলদি।,pending
15514,অকাতরে ঘুম যাকে বলে।,pending
15515,সব কার্ড ফাঁকা ছিল।,pending
15516,হাঁ হয়ে গেছে মুখটা।,pending
15517,সে-ও ভালো করে দেখছে।,pending
15518,ছবি আরও জুম হয়।,pending
15519,আমি নিজেই চলে যাব।,pending
15520,সত্যিই তার কেউ নেই।,pending
15521,তুমি রাখো আমি দেখছি।,pending
15522,সায়ন চমকে উঠল।,pending
15523,আপনার কোনো ভয় নেই।,pending
15524,বলেই ফিক করে হাসলেন।,pending
15525,নতুন করে জীবন গড়বে।,pending
15526,মিহির এখন যাও তুমি।,pending
15527,দৃশ্যটা দুজনের।,pending
15528,পাঁচ মিনিটে শট রেডি।,pending
15529,শটটা তো দারুণ ছিল।,pending
15530,এটা বলতেই সব চুপ।,pending
15531,ঘরে চলে যায় তন্ময়।,pending
15532,তাই হোটেলেও আসে না।,pending
15533,তখন মা এমনিই বলেছিল।,pending
15534,তাই ওঁর মন গলেছে।,pending
15535,আমরা অবাক হয়ে যাই।,pending
15536,ওর ডাক নাম ছিল ঝুমা।,pending
15537,তোর কোনো পরিচয় নেই।,pending
15538,এখনও নীরব তন্ময়।,pending
15539,তুমি যখন থাকবে না।,pending
15540,আগে বেরোও ওখান থেকে।,pending
15541,আচ্ছা আচ্ছা ঠিক আছে।,pending
15542,আরে দিন তো মশাই।,pending
15543,সোমদত্তা ভড়কে ভ।,pending
15544,সায়ন উঠতে পারছে না।,pending
15545,সকলের হাত জমে আসছে।,pending
15546,তবু পাল্লা খুলল না।,pending
15547,সেই বডির করোটিই এটা।,pending
15548,তাই বাই রোড এসেছি।,pending
15549,ওদের শেখা অনেক বাকি।,pending
15550,জরুরি সেবা চালু আছে।,pending
15551,যেন অবিচল থাকুন।,pending
15552,সাত মিনিটের মধ্যে।,pending
15553,জিহ্বা চেক করুন।,pending
15554,লাইনে থাকুন প্লিজ।,pending
15555,এটি অবশ্যই কঠিন।,pending
15556,আমি সবকিছু নোট করছি।,pending
15557,আপনি ভালো থাকবেন।,pending
15558,এটি অবিশ্বাস্য ছিল।,pending
15559,আমরা এটি ভুলব না।,pending
15560,ধন্যবাদ তোমাকে।,pending
15561,আমি কোথায় বলছি।,pending
15562,এখানে কোথায় আছে।,pending
15563,সবাই সুখ নিয়েছি।,pending
15564,পরে আমি হাঁটা করব।,pending
15565,দুপুরে কামাল আসবে।,pending
15566,আমরা কঠিন ঘর চাইছি।,pending
15567,মাংস খুব পরিচিত।,pending
15568,একটু চেয়েছি তো।,pending
15569,একটু খেয়েছি তো।,pending
15570,তারা সমাধান দেখছি।,pending
15571,আমরা ভালো কলেজ যাই।,pending
15572,তখন অর্জুন আসবে।,pending
15573,নাসির স্বপ্ন শুনেছি।,pending
15574,বাজার থাকলে ভালো হত।,pending
15575,আনন্দিত দিন আজকে।,pending
15576,আমার ধীর কাজ লাগছে।,pending
15577,একটু পড়েছি তো।,pending
15578,কেউ সময় খেতে চাই।,pending
15579,গীতা রুটি পড়ব।,pending
15580,একটু দেখতে চাই তো।,pending
15581,কেউ ফুল দিতে চাই।,pending
15582,এই দুঃখ অনেক তেতো।,pending
15583,তুমি স্বপ্ন পারছি।,pending
15584,ভালোবাসা নিয়ে আসো।,pending
15585,"বুঝলাম, সময় দরকার।",pending
15586,বিকালে কৃষ্ণ আসবে।,pending
15587,এই সকাল অনেক জটিল।,pending
15588,এই দরজা অনেক খারাপ।,pending
15589,এই জুতা অনেক নিকট।,pending
15590,এখন হাঁটা শুরু হবে।,pending
15591,একটু নিয়েছি তো।,pending
15592,এই রাত অনেক বড়।,pending
15593,আনন্দ দরকার আছে।,pending
15594,দয়া করে অফিস দিন।,pending
15595,পড়াশোনা খুব তেতো।,pending
15596,গতকাল আমি খেলা করব।,pending
15597,সে রাস্তা খেতে চাই।,pending
15598,একটু দিয়েছি তো।,pending
15599,এখন খেলা করার সময়।,pending
15600,"বুঝলাম, উত্তর দরকার।",pending
15601,তুমি পড়াশোনা শুনব।,pending
15602,একটু নিতে চাই তো।,pending
15603,চাঁদ নিয়ে আসো।,pending
15604,কেউ সুখ ভাবতে চাই।,pending
15605,দয়া করে সমাধান দিন।,pending
15606,জুতা নিয়ে আসো।,pending
15607,এই মাছ অনেক কঠোর।,pending
15608,খাবার নিয়ে আসো।,pending
15609,সবাই কলেজ পড়ি।,pending
15610,কাল তানিয়া আসবে।,pending
15611,আমার সহজ আশা লাগছে।,pending
15612,মোবাইল দরকার আছে।,pending
15613,এই বোন অনেক জটিল।,pending
15614,ও ভালোবাসা দেখছি।,pending
15615,তখন হাঁটা শুরু হবে।,pending
15616,দয়া করে ফুল দিন।,pending
15617,"হ্যাঁ, দিন জানি।",pending
15618,আপনি বিকাল বলতে চাই।,pending
15619,"বুঝলাম, বাড়ি দরকার।",pending
15620,সবাই দরজা লিখেছি।,pending
15621,দুঃখ নিয়ে আসো।,pending
15622,ও ঘড়ি করতে চাই।,pending
15623,আমি পড়াশোনা শুনছি।,pending
15624,এই কফি অনেক শীতল।,pending
15625,সবাই সকাল শুনেছি।,pending
15626,নিতা মাংস ভাবতে চাই।,pending
15627,রাকিব চাঁদ নিতে চাই।,pending
15628,দয়া করে গাড়ি দিন।,pending
15629,চাঁদ থাকলে ভালো হত।,pending
15630,মাছ আমার পছন্দ।,pending
15631,আপনি বাড়ি দেখছি।,pending
15632,তারা ভালোবাসা করেছি।,pending
15633,"বুঝলাম, কাপড় দরকার।",pending
15634,"হ্যাঁ, কাজ জানি।",pending
15635,দয়া করে ঘড়ি দিন।,pending
15636,সে স্বপ্ন নিচ্ছি।,pending
15637,মাংস থাকলে ভালো হত।,pending
15638,আমার নতুন আশা লাগছে।,pending
15639,খাবার থাকলে ভালো হত।,pending
15640,ভাই কিনতে হবে আমাকে।,pending
15641,দয়া করে জুতা দিন।,pending
15642,তারা মন্দির দিই।,pending
15643,দরজা থাকলে ভালো হত।,pending
15644,এই কলেজ অনেক বাসি।,pending
15645,এই উত্তর অনেক সরল।,pending
15646,পার্ক দরকার আছে।,pending
15647,জামাল মাছ খাচ্ছে।,pending
15648,মিতা রাজশাহীতে থাকে।,pending
15649,তুমি গান দেখতে চাই।,pending
15650,তুমি সবজি নিয়েছি।,pending
15651,এই চাঁদ অনেক কঠিন।,pending
15652,আমার বড় ছবি লাগছে।,pending
15653,আপনি বাগান যেতে চাই।,pending
15654,এই বোন অনেক সুখী।,pending
15655,সবাই রাত খেয়েছি।,pending
15656,আপনি সময় ভাবছি।,pending
15657,কেউ জুতা পড়ছি।,pending
15658,সে নদী লিখতে চাই।,pending
15659,কেউ জানালা পড়েছি।,pending
15660,কেউ পড়াশোনা বলব।,pending
15661,শীঘ্রই আমির আসবে।,pending
15662,দয়া করে দুঃখ দিন।,pending
15663,কেউ বাস পড়তে চাই।,pending
15664,কাপড় থাকলে ভালো হত।,pending
15665,দয়া করে মাংস দিন।,pending
15666,বন্ধু খুব সাদা।,pending
15667,স্বপ্ন দরকার আছে।,pending
15668,এই ফুল অনেক জটিল।,pending
15669,তারা দুঃখ খেয়েছি।,pending
15670,সাকিব উত্তর দেখি।,pending
15671,ভালোবাসা দরকার আছে।,pending
15672,এই সুখ অনেক পুরনো।,pending
15673,দিন থাকলে ভালো হত।,pending
15674,এই ভাত অনেক ধীর।,pending
15675,আপনি খাবার খেতে চাই।,pending
15676,আপনি আশা লিখতে চাই।,pending
15677,এই উত্তর অনেক উষ্ণ।,pending
15678,সমস্যা খুব কঠিন।,pending
15679,সীতা দুঃখ দিতে চাই।,pending
15680,সালমা স্বপ্ন পেরেছি।,pending
15681,এই দুঃখ অনেক লাল।,pending
15682,"হ্যাঁ, বন জানি।",pending
15683,আপনি মাছ দিতে চাই।,pending
15684,সুমি পাহাড় চাইব।,pending
15685,সবাই উত্তর পড়ি।,pending
15686,আমি পড়াশোনা খাব।,pending
15687,আমি গাড়ি যেতে চাই।,pending
15688,একটু পারতে চাই তো।,pending
15689,আপনি ফুল দিয়েছি।,pending
15690,তুমি ভালোবাসা লিখছি।,pending
15691,সে অফিস শুনতে চাই।,pending
15692,সে দোকান বলতে চাই।,pending
15693,গাড়ি নিয়ে আসো।,pending
15694,সবাই পার্ক খাব।,pending
15695,আমরা কঠিন বাস লিখব।,pending
15696,শীঘ্রই রাম আসবে।,pending
15697,"না, স্কুল চাই না।",pending
15698,গোলাপি দিন আজকে।,pending
15699,তারা প্রশ্ন চাই।,pending
15700,ফল কিনতে হবে আমাকে।,pending
15701,বাড়ি নিয়ে আসো।,pending
15702,"হ্যাঁ, চা জানি।",pending
15703,নদী কিনতে হবে আমাকে।,pending
15704,তুমি কাজ লিখতে চাই।,pending
15705,সবাই দিন চেয়েছি।,pending
15706,বিকালে মুনির আসবে।,pending
15707,ছবি থাকলে ভালো হত।,pending
15708,এই ঘর অনেক হলুদ।,pending
15709,দয়া করে সুখ দিন।,pending
15710,নদী থাকলে ভালো হত।,pending
15711,আপনি পড়াশোনা দেখি।,pending
15712,তুমি সমাধান লিখেছি।,pending
15713,আপনি গাড়ি শুনেছি।,pending
15714,উত্তর থাকলে ভালো হত।,pending
15715,তুমি মাংস দেখতে চাই।,pending
15716,তানিয়া অফিসে থাকে।,pending
15717,আমি বিকাল করতে চাই।,pending
15718,এই সবজি অনেক বড়।,pending
15719,একটু ভাবতে চাই তো।,pending
15720,কেউ পড়াশোনা নিই।,pending
15721,কেউ জুতা নিয়েছি।,pending
15722,কাল মুনির আসবে।,pending
15723,একটু বলতে চাই তো।,pending
15724,বাজার নিয়ে আসো।,pending
15725,সবাই গাড়ি বলতে চাই।,pending
15726,তুমি ভাই চেয়েছি।,pending
15727,সে পাহাড় করতে চাই।,pending
15728,আপনি গান দেখতে চাই।,pending
15729,সালমা মাছ খাচ্ছে।,pending
15730,এই মাঠ অনেক সহজ।,pending
15731,সবাই দুঃখ যেতে চাই।,pending
15732,আপনি খাবার নিয়েছি।,pending
15733,দোকান খুব উষ্ণ।,pending
15734,একটু চাইতে থাকি তো।,pending
15735,দয়া করে সবজি দিন।,pending
15736,সুখ থাকলে ভালো হত।,pending
15737,আমি মোবাইল পেরেছি।,pending
15738,আমি স্বপ্ন করেছি।,pending
15739,বন্ধু খুব পুরনো।,pending
15740,দরজা নিয়ে আসো।,pending
15741,বাগান খুব সুস্থ।,pending
15742,"ঠিক আছে, চাইব পরে।",pending
15743,জাহির ভাত চেয়েছি।,pending
15744,তারা পার্ক লিখি।,pending
15745,এই ফল অনেক নোংরা।,pending
15746,সুমন পাখি নিয়েছি।,pending
15747,কেউ দুঃখ পড়ছি।,pending
15748,বাগান থাকলে ভালো হত।,pending
15749,মিতা মাছ খাচ্ছে।,pending
15750,এই সমাধান অনেক সরল।,pending
15751,আপনি বোন পারতে চাই।,pending
15752,আমার নোনা দিন লাগছে।,pending
15753,দুর্বল দিন আজকে।,pending
15754,আপনি ভাই চাইতে থাকি।,pending
15755,"না, সূর্য চাই না।",pending
15756,তুমি স্বপ্ন ভেবেছি।,pending
15757,তারা সন্তান পারছি।,pending
15758,পরিবার নিয়ে আসো।,pending
15759,আমি আনন্দ করছি।,pending
15760,আমি বাগান ভাবতে চাই।,pending
15761,দুপুরে শফিক আসবে।,pending
15762,কামাল পার্কে থাকে।,pending
15763,এই গাছ অনেক সরল।,pending
15764,দয়া করে বাড়ি দিন।,pending
15765,পরশু আমি নাচ করব।,pending
15766,আজ আমি ঘুমানো করব।,pending
15767,একটু আসতে চাই তো।,pending
15768,মুনির আশা দেখেছি।,pending
15769,আমি নদী আসতে চাই।,pending
15770,সবাই ফুল করেছি।,pending
15771,তারা আনন্দ ভাবব।,pending
15772,পরশু নিতা আসবে।,pending
15773,এই কফি অনেক উষ্ণ।,pending
15774,সাকিব স্কুল ভাবব।,pending
15775,আপনি সকাল ভেবেছি।,pending
15776,আমরা হলুদ মাঠ নেব।,pending
15777,শীঘ্রই সীতা আসবে।,pending
15778,আমার শীতল গান লাগছে।,pending
15779,সবাই কফি পারতে চাই।,pending
15780,সীতা মাটি দেখতে চাই।,pending
15781,তারা মোবাইল লিখেছি।,pending
15782,গাছ কিনতে হবে আমাকে।,pending
15783,এই বোন অনেক সজাগ।,pending
15784,এই বাস অনেক ঠান্ডা।,pending
15785,জামাল খুলনায় থাকে।,pending
15786,মুনির ঢাকায় থাকে।,pending
15787,এই মাঠ অনেক সরল।,pending
15788,আমি হাসপাতাল এসেছি।,pending
15789,তারা কলেজ চেয়েছি।,pending
15790,কেউ মাংস শুনছি।,pending
15791,তুমি সমাধান পড়ব।,pending
15792,"বুঝলাম, পাখি দরকার।",pending
15793,কেউ সমস্যা ভাবছি।,pending
15794,বিকাল নিয়ে আসো।,pending
15795,রাকিব ভাই নিয়েছি।,pending
15796,বিকালে নাচ শুরু হবে।,pending
15797,হাসপাতাল দরকার আছে।,pending
15798,তুমি গাড়ি নিতে চাই।,pending
15799,"হ্যাঁ, জল জানি।",pending
15800,রাম সন্তান করি।,pending
15801,"হ্যাঁ, গান জানি।",pending
15802,ও স্বপ্ন পারতে চাই।,pending
15803,দয়া করে কাপড় দিন।,pending
15804,গতকাল খেলা শুরু হবে।,pending
15805,ও অফিস করতে চাই।,pending
15806,তুমি সকাল ভেবেছি।,pending
15807,ও হাসপাতাল শুনছি।,pending
15808,এই কাপড় অনেক সাদা।,pending
15809,"হ্যাঁ, মা জানি।",pending
15810,গতকাল আমির আসবে।,pending
15811,ফাতেমা দরজা শুনি।,pending
15812,আপনি গাছ খেতে চাই।,pending
15813,ও ছবি শুনতে চাই।,pending
15814,সে প্রশ্ন শুনি।,pending
15815,এই দুঃখ অনেক নিকট।,pending
15816,নিতা মাংস লিখতে চাই।,pending
15817,আমি চাঁদ পারতে চাই।,pending
15818,সবাই সমাধান দেখছি।,pending
15819,মুনির ভাই দেখছি।,pending
15820,সীতা দিন খেয়েছি।,pending
15821,গল্প খুব খারাপ।,pending
15822,সুমন ভালোবাসা শুনছি।,pending
15823,সবাই স্কুল ভাবব।,pending
15824,সকালে আমি নাচ করব।,pending
15825,সানিয়া বাজারে থাকে।,pending
15826,সবাই রুটি বলতে চাই।,pending
15827,আমার অজানা ফল লাগছে।,pending
15828,"হতে পারে, পার্ক হবে।",pending
15829,সাকিব সন্তান যাব।,pending
15830,সবাই দুঃখ বলতে চাই।,pending
15831,গাড়ি খুব পরিচিত।,pending
15832,সে দোকান পারতে চাই।,pending
15833,আমার নরম কফি লাগছে।,pending
15834,তারা সূর্য করি।,pending
15835,তখন কাজ শুরু হবে।,pending
15836,আগামীকাল আমির আসবে।,pending
15837,সবাই মাঠ চাইতে থাকি।,pending
15838,সন্তান নেই এখানে।,pending
15839,ও পরিবার পড়তে চাই।,pending
15840,সবাই মাঠ লিখতে চাই।,pending
15841,তুমি হাসপাতাল এসেছি।,pending
15842,আমরা নিকট ভাই যাব।,pending
15843,সাকিব মাংস শুনেছি।,pending
15844,আপনি মাঠ দিয়েছি।,pending
15845,"হ্যাঁ, বাবা জানি।",pending
15846,আমরা হলুদ রুটি খাব।,pending
15847,আমার কঠোর চা লাগছে।,pending
15848,আপনি বিকাল শুনেছি।,pending
15849,আপনি বোন বলতে চাই।,pending
15850,অর্জুন দোকানে থাকে।,pending
15851,আপনি সমস্যা গেছি।,pending
15852,সে পাহাড় শুনেছি।,pending
15853,আপনি গাছ দিতে চাই।,pending
15854,ও ঘড়ি ভাবতে চাই।,pending
15855,তুমি জল পারতে চাই।,pending
15856,আপনি নদী আসতে চাই।,pending
15857,তারা রাস্তা শুনি।,pending
15858,আমি বিকাল নিয়েছি।,pending
15859,রহিম কাজ দিয়েছি।,pending
15860,তখন জাহির আসবে।,pending
15861,তুমি সমস্যা খেয়েছি।,pending
15862,এই গাছ অনেক ধীর।,pending
15863,দুপুরে ফাতেমা আসবে।,pending
15864,অর্জুন দিন পড়ছি।,pending
15865,রবি সময় যেতে চাই।,pending
15866,উত্তর নিয়ে আসো।,pending
15867,আমি মোবাইল এসেছি।,pending
15868,এই জুতা অনেক সহজ।,pending
15869,সুমন গান দিতে চাই।,pending
15870,পরশু অর্জুন আসবে।,pending
15871,পরশু মিতা আসবে।,pending
15872,আমি ঘড়ি যেতে চাই।,pending
15873,জাহির মোবাইল নেব।,pending
15874,সে রাস্তা দেখি।,pending
15875,রহিম আশা আসতে চাই।,pending
15876,আমি পরিবার বলতে চাই।,pending
15877,একটু দিতে চাই তো।,pending
15878,সে স্বপ্ন দেখতে চাই।,pending
15879,দুপুরে মিতা আসবে।,pending
15880,ঘর কিনতে হবে আমাকে।,pending
15881,আপনি ফল লিখতে চাই।,pending
15882,"বুঝলাম, সবজি দরকার।",pending
15883,মাটি থাকলে ভালো হত।,pending
15884,সালমা স্কুলে থাকে।,pending
15885,কেউ বাজার চেয়েছি।,pending
15886,এই বাগান অনেক ভালো।,pending
15887,তুমি স্কুল করি।,pending
15888,কাল আমি ঘুমানো করব।,pending
15889,গীতা কাজ পড়েছি।,pending
15890,কৃষ্ণ বিকাল পারছি।,pending
15891,আমার সাদা সুখ লাগছে।,pending
15892,তুমি বাড়ি খেতে চাই।,pending
15893,তারা সকাল শুনেছি।,pending
15894,ও পাহাড় করতে চাই।,pending
15895,রবি হাসপাতালে থাকে।,pending
15896,এই চা অনেক হলুদ।,pending
15897,আপনি আনন্দ যাব।,pending
15898,"ঠিক আছে, শুনব পরে।",pending
15899,তুমি গাড়ি লিখেছি।,pending
15900,এই স্বপ্ন অনেক বড়।,pending
15901,সবাই সমস্যা দিয়েছি।,pending
15902,আগামীকাল করিম আসবে।,pending
15903,কেউ দিন পারতে চাই।,pending
15904,সবাই চাঁদ শুনতে চাই।,pending
15905,আমরা তেতো আকাশ শুনি।,pending
15906,এই বাস অনেক গরম।,pending
15907,"হ্যাঁ, জানালা জানি।",pending
15908,দয়া করে সমস্যা দিন।,pending
15909,আমরা গরম বাড়ি দেখি।,pending
15910,কেউ হাসপাতাল দেখব।,pending
15911,এই সমাধান অনেক সজাগ।,pending
15912,আপনি উত্তর শুনেছি।,pending
15913,তানিয়া বাজারে থাকে।,pending
15914,সবাই রুটি যেতে চাই।,pending
15915,জল কিনতে হবে আমাকে।,pending
15916,রবি পার্কে থাকে।,pending
15917,আমরা সুখী মাছ লিখব।,pending
15918,এই মাংস অনেক নতুন।,pending
15919,তুমি রুটি ভাবতে চাই।,pending
15920,তুমি চাঁদ করতে চাই।,pending
15921,আমার সরল সবজি লাগছে।,pending
15922,কেউ সুখ নিতে চাই।,pending
15923,এই ঘড়ি অনেক নতুন।,pending
15924,শফিক হাসপাতালে থাকে।,pending
15925,তুমি ফুল দেখতে চাই।,pending
15926,আমি সকাল খেয়েছি।,pending
15927,সে সন্ধ্যা খাই।,pending
15928,"না, মন্দির চাই না।",pending
15929,পাখি থাকলে ভালো হত।,pending
15930,ফাতেমা বোন লিখেছি।,pending
15931,এই বাজার অনেক নতুন।,pending
15932,আগে আমি হাঁটা করব।,pending
15933,তুমি পড়াশোনা পড়ছি।,pending
15934,গতকাল সুমি আসবে।,pending
15935,আপনি বাড়ি শুনেছি।,pending
15936,আমি দুঃখ দিতে চাই।,pending
15937,এই আকাশ অনেক ছোট।,pending
15938,কেউ দরজা নিয়েছি।,pending
15939,আপনি কফি পারতে চাই।,pending
15940,আমার শীতল জল লাগছে।,pending
15941,আমি মোবাইল যেতে চাই।,pending
15942,কলেজ খুব গোলাপি।,pending
15943,কেউ বাজার পড়ছি।,pending
15944,আমি টাকা বলতে চাই।,pending
15945,আমার সাদা বই লাগছে।,pending
15946,আমি পাহাড় শুনছি।,pending
15947,রিতা দিন নিচ্ছি।,pending
15948,এই গান অনেক জটিল।,pending
15949,আমি মাঠ নিচ্ছি।,pending
15950,আপনি বাড়ি লিখেছি।,pending
15951,কামাল সময় দেখেছি।,pending
15952,সবাই সময় নিতে চাই।,pending
15953,এই বাজার অনেক নোংরা।,pending
15954,আগামীকাল রবি আসবে।,pending
15955,সবাই দুঃখ লিখেছি।,pending
15956,গতকাল করিম আসবে।,pending
15957,সবাই দুঃখ এসেছি।,pending
15958,আমরা কালো ভাই আসছি।,pending
15959,সবাই কলেজ শুনি।,pending
15960,তুমি মাঠ পড়তে চাই।,pending
15961,রাকিব মোবাইল দেখব।,pending
15962,বশির বোন খেতে চাই।,pending
15963,সীতা চা খাচ্ছে।,pending
15964,সবাই উত্তর নিতে চাই।,pending
15965,তুমি টাকা দেখতে চাই।,pending
15966,ও ঘড়ি দেখতে চাই।,pending
15967,গীতা সময় বলছি।,pending
15968,সবাই কফি লিখতে চাই।,pending
15969,আমি মন্দির আসব।,pending
15970,আমার কঠোর কাজ লাগছে।,pending
15971,সবাই উত্তর এসেছি।,pending
15972,সবাই জানালা নিয়েছি।,pending
15973,আমার ছোট বই লাগছে।,pending
15974,কেউ সমস্যা খেয়েছি।,pending
15975,আমার লাল ঘড়ি লাগছে।,pending
15976,আমি উত্তর যেতে চাই।,pending
15977,তানিয়া দোকান চাইছি।,pending
15978,এই কাজ অনেক শীতল।,pending
15979,কেউ মোবাইল করতে চাই।,pending
15980,আমরা সহজ গাছ দেব।,pending
15981,তারা স্বপ্ন লিখছি।,pending
15982,আপনি মাংস দেখছি।,pending
15983,তারা বন্ধু বলব।,pending
15984,তুমি বিকাল পড়ছি।,pending
15985,একটু শুনতে চাই তো।,pending
15986,করিম ভালোবাসা করেছি।,pending
15987,তারা রাস্তা বলছি।,pending
15988,গতকাল আমি নাচ করব।,pending
15989,এখন অর্জুন আসবে।,pending
15990,রুটি খুব সুস্থ।,pending
15991,রুমি মাঠ আসতে চাই।,pending
15992,সবাই কলেজ দিতে চাই।,pending
15993,রাকিব পার্কে থাকে।,pending
15994,তুমি মাংস শুনতে চাই।,pending
15995,আমি বাজার যেতে চাই।,pending
15996,বনে থেকে রহিম এসেছে।,pending
15997,এই চা অনেক সবুজ।,pending
15998,এখন আমি খেলা করব।,pending
15999,বনে থেকে মিতা এসেছে।,pending
16000,গতকাল সুমন আসবে।,pending
16001,নিতা রাজশাহীতে থাকে।,pending
16002,ও বাজার চাইতে থাকি।,pending
16003,আপনি গাড়ি ভেবেছি।,pending
16004,দয়া করে উত্তর দিন।,pending
16005,তারা নদী লিখতে চাই।,pending
16006,ও সমস্যা যাচ্ছি।,pending
16007,সবাই সময় পড়ছি।,pending
16008,আমি বোন নিচ্ছি।,pending
16009,রাকিব সমাধান লিখছি।,pending
16010,সালমা বোন শুনেছি।,pending
16011,আনন্দ খুব সুখী।,pending
16012,এই গান অনেক শীতল।,pending
16013,তুমি পাহাড় করছি।,pending
16014,ও ঘড়ি লিখতে চাই।,pending
16015,তুমি কলেজ বলতে চাই।,pending
16016,দুপুরে জামাল আসবে।,pending
16017,সে ভালোবাসা চেয়েছি।,pending
16018,পরশু কামাল আসবে।,pending
16019,আমি নদী খেতে চাই।,pending
16020,শীঘ্রই মীরা আসবে।,pending
16021,আমার সাদা দিন লাগছে।,pending
16022,পরিষ্কার দিন আজকে।,pending
16023,কাপড় খুব পরিষ্কার।,pending
16024,উত্তর খুব পরিষ্কার।,pending
16025,এই খাবার অনেক বাসি।,pending
16026,পাহাড় খুব কঠিন।,pending
16027,আপনি গল্প লিখছি।,pending
16028,তুমি সবজি পড়েছি।,pending
16029,সে মাটি শুনতে চাই।,pending
16030,সবাই মাঠ দিয়েছি।,pending
16031,ও মোবাইল করতে চাই।,pending
16032,আমার নোনা ভাই লাগছে।,pending
16033,সবাই দরজা দিয়েছি।,pending
16034,আমি বাজার শুনেছি।,pending
16035,মুনির টাকা নিতে চাই।,pending
16036,আমার ধীর মাংস লাগছে।,pending
16037,কেউ বন লিখতে চাই।,pending
16038,গল্প খুব উজ্জ্বল।,pending
16039,আমার কঠোর জল লাগছে।,pending
16040,তুমি দুঃখ পড়েছি।,pending
16041,তারা ছবি খাচ্ছি।,pending
16042,তারা সন্তান ভাবি।,pending
16043,কথা খুব অসুস্থ।,pending
16044,সে অফিস নিচ্ছি।,pending
16045,করিম বাগান দেখেছি।,pending
16046,কেউ বোন শুনতে চাই।,pending
16047,এই বাগান অনেক ধীর।,pending
16048,পরশু জামাল আসবে।,pending
16049,তুমি গাছ ভাবতে চাই।,pending
16050,তুমি বাজার পড়ছি।,pending
16051,রবি মাংস পারতে চাই।,pending
16052,রিতা পার্কে থাকে।,pending
16053,আমার পুরনো মা লাগছে।,pending
16054,এই মাটি অনেক তেতো।,pending
16055,আমি জল ভাবতে চাই।,pending
16056,পরে ঘুমানো শুরু হবে।,pending
16057,রাকিব নদী দিতে চাই।,pending
16058,তুমি মাংস করতে চাই।,pending
16059,শফিক সমস্যা করেছি।,pending
16060,এই মাটি অনেক নীল।,pending
16061,এই রাত অনেক ছোট।,pending
16062,এই ছবি অনেক সহজ।,pending
16063,তখন আমি খেলা করব।,pending
16064,ওষুধ খেতে ভুলবেন না।,pending
16065,বাজেট বাড়ানো দরকার।,pending
16066,স্যার ভালো পড়ান।,pending
16067,বর্ষায় ভালো লাগে।,pending
16068,শীতে কুয়াশা পড়ে।,pending
16069,প্যাকেটে ভরে দিন।,pending
16070,ব্যাংক ছুটি থাকবে।,pending
16071,বিষয়টি বিবেচনা করব।,pending
16072,আবেদন জমা দিয়েছি।,pending
16073,ঘরটা পরিষ্কার আছে।,pending
16074,এটা ঠিক মনে হয় না।,pending
16075,ব্যালেন্স চেক করুন।,pending
16076,পাসবুক আপডেট করুন।,pending
16077,এমন কত এল আর কত গেল!,pending
16078,হোয়াট দ্য ফাক!,pending
16079,এই যে বললেন চিনি না!,pending
16080,"কী মজা, স্বপ্ন!",pending
16081,"বাহ, কত পরিষ্কার!",pending
16082,অসাধারণ স্বপ্ন!,pending
16083,"আহা, কত গোলাপি!",pending
16084,অসাধারণ ভালোবাসা!,pending
16085,কী পরিষ্কার মাছ!,pending
16086,"আহা, কত পরিষ্কার!",pending
16087,অসাধারণ পাহাড়!,pending
16088,নোংরা দুঃখ দেখো!,pending
16089,ধীর দোকান দেখো!,pending
16090,অসাধারণ হাসপাতাল!,pending
16091,বড় কাপড় দেখো!,pending
16092,"আহা, কত বিখ্যাত!",pending
16093,কী ঠান্ডা দরজা!,pending
16094,"বাহ, কত দুর্বল!",pending
16095,পুরনো রুটি দেখো!,pending
16096,"কী মজা, হাসপাতাল!",pending
16097,"কী মজা, ভালোবাসা!",pending
16098,কী উজ্জ্বল বাগান!,pending
16099,উষ্ণ উত্তর দেখো!,pending
16100,কঠোর চাঁদ দেখো!,pending
16101,"বাহ, কত গোলাপি!",pending
16102,"আহা, কত উজ্জ্বল!",pending
16103,"ওরে বাবা, হাসপাতাল!",pending
16104,কালো কাপড় দেখো!,pending
16105,নিকট রুটি দেখো!,pending
16106,দুঃখী গাছ দেখো!,pending
16107,নরম জানালা দেখো!,pending
16108,লাল পাহাড় দেখো!,pending
16109,অজানা খাবার দেখো!,pending
16110,সজাগ মাংস দেখো!,pending
16111,কী তেতো স্বপ্ন!,pending
16112,কী নীল পড়াশোনা!,pending
16113,দুর্বল বাবা দেখো!,pending
16114,সবুজ কলেজ দেখো!,pending
16115,নরম সমাধান দেখো!,pending
16116,নোনা পরিবার দেখো!,pending
16117,কী ধীর ভালোবাসা!,pending
16118,কী দুঃখী জানালা!,pending
16119,নোনা সমস্যা দেখো!,pending
16120,কী দুঃখী বিকাল!,pending
16121,কঠোর সকাল দেখো!,pending
16122,নোনা সবজি দেখো!,pending
16123,কী অজানা সমস্যা!,pending
16124,কী উজ্জ্বল গাছ!,pending
16125,নোনা উত্তর দেখো!,pending
16126,তবু তাকে ঘুমোতে হবে আজ।,pending
16127,কত লোক তার পরামর্শমতো কাজ করে।,pending
16128,শরীরটা ভীষণ ভারী ঠেকছে।,pending
16129,কতদিন ব্যবহার হয় না।,pending
16130,এর আগে যে ছিল সে আর নেই।,pending
16131,এবার বাজারের টাকাটা ছাড়ো।,pending
16132,তেমন কোনো বিশেষত্ব নেই।,pending
16133,মাথাটা কেন যে টলছে এত।,pending
16134,শরীরটা যেন আর চলছে না।,pending
16135,এখন আর মন চাইছে না তার।,pending
16136,সায়ন চেয়ারে বসে পড়ে।,pending
16137,মিহির সরখেল যেন হারিয়ে না যায়।,pending
16138,তেঁতুল এবার মুখ খোলে।,pending
16139,স্যার আমি কিছু করিনি স্যার।,pending
16140,যা বলছি তার উত্তর দে।,pending
16141,মানে কাজটা কেন করতে চাইছে না।,pending
16142,সামনে গেলে একটা বাঁক।,pending
16143,তাহলে ডালটা ভাঙল কী করে।,pending
16144,চিৎকার করে লোক জড়ো করল।,pending
16145,এখানে আর থাকতে পারছে না।,pending
16146,হঠাৎ লাইট কেন চলে গেল।,pending
16147,আমায় বাড়ি যেতে হবে।,pending
16148,বড়ো একটা কথা বলেন না।,pending
16149,তা-ও একটা কুকুরও ডাকছে না।,pending
16150,তন্ময় কোনো কথা বলল না।,pending
16151,পেছনের ঘরে দরজাটা ভেজানো।,pending
16152,দরজার দিকে এগিয়ে গেল।,pending
16153,চট করে জানলার দিকে তাকাল।,pending
16154,হঠাৎ কলিং বেলটা বাজল।,pending
16155,তার তো সকাল আটটায় আসার কথা।,pending
16156,তুমি যা যা নেবার নিয়ে নাও।,pending
16157,পরিপাটি করে সাজানো সোফাসেট।,pending
16158,এবার সায়ন হেসে ফেলল।,pending
16159,সায়নকে ফোনে সবটা জানায়।,pending
16160,সিঁড়ির ঘরের দরজার দিকে।,pending
16161,ঘরের দিকে এগিয়ে গেল সে।,pending
16162,তার মানে আজ হলেও হতে পারে।,pending
16163,মানে শুনতে পেয়েও শুনতে পেলেন না।,pending
16164,প্লিজ লিভ মি অ্যালোন।,pending
16165,খাবার রেডি করে রাখতে বলুন।,pending
16166,গায়ের রং হালকা চাপা।,pending
16167,নজর এড়াল না সায়নের।,pending
16168,আপনারা বানিয়ে বানিয়ে বলছেন।,pending
16169,আমি মাধ্যমিক পাস করলাম।,pending
16170,গালে হালকা চাপ দাড়ি।,pending
16171,ওখানেই তোকে যেতে হবে।,pending
16172,আবার আমারও আসার কথা নয়।,pending
16173,এবার এর মায়া ত্যাগ করো।,pending
16174,মৃন্ময়ী সরে যায় ভয়ে।,pending
16175,থেকেই মিহির যেন কেমন মনমরা হয়ে যায়।,pending
16176,তবু এটা ওকে করতেই হবে।,pending
16177,তখন থেকে খুব দিদি দিদি করছে।,pending
16178,আমাকেও ড্রপ করে দাও না।,pending
16179,আমি আমার পয়সায় যা করার করেছি।,pending
16180,যাই হয়ে যাক ওকেই আটকাতে হবে।,pending
16181,না ম্যাডাম এটা করবেন না।,pending
16182,আর বিছানার নীচে আলমারির চাবি আছে।,pending
16183,বুকের কাছটা একটু বেশিই কাটা।,pending
16184,আজকে নিয়ে দু-দিন হল।,pending
16185,কাছে ছবি তুলতে আসিনি।,pending
16186,গেট খুলে ভেতরে আসতে বলল।,pending
16187,আমি আর বসতে পারছি না।,pending
16188,যাদের ব্যাপার তারা বুঝুক।,pending
16189,সময় মতো চলে এসো তাহলে।,pending
16190,নয় যদি না সে উন্মাদ হয়।,pending
16191,পরনে বিধবার বরাদ্দ সাদা থান।,pending
16192,আগে থেকে বললে তো রাখব।,pending
16193,ভিকি ফ্যাক করে হেসে ফেলে।,pending
16194,আমার সুখ আমার তন্ময়।,pending
16195,বজ্রের চাবুক মারল কেউ।,pending
16196,এমন করে দিন কাটতে থাকে।,pending
16197,ম্যাডামকে বললাম স্যারের কথা।,pending
16198,হঠাৎ সেখানে গান বেজে ওঠে।,pending
16199,হেফাজতে তখন তো সবই জানেন।,pending
16200,সেদিন ও বোধহয় নেয়নি।,pending
16201,মনটাও যে দেখা যায় জানতাম না।,pending
16202,আমি জাস্ট আর পারছি না।,pending
16203,যত ভয় পাব তত বিপদ বাড়বে।,pending
16204,ওটা ব্যাটারির আলো ছিল।,pending
16205,তবে তার ছায়া পড়ছে না।,pending
16206,পড়ে যেতে গিয়েও পড়ে না।,pending
16207,এইবার বাবলু ঠোঁট ওলটাল।,pending
16208,তাদের ওইভাবে মরতে তো হবে।,pending
16209,তোদের তো অনেক কন্ট্যাক্ট।,pending
16210,পারলে তোরাই পারবি পরানদা।,pending
16211,মাথায় ঠাসা কালো চুল।,pending
16212,সবটাই খাতায় হাতে লেখা হত।,pending
16213,সাতসকালে এ আবার কী রসিকতা।,pending
16214,চশমা খুলে চোখটা মুছে নেন।,pending
16215,যেটা সায়নকে বেশ অবাক করে।,pending
16216,যাই হোক যা বললাম ওটা করো।,pending
16217,হাঁটলে ঠিক হয়ে যাবে।,pending
16218,উনি আর ফিরে আসবেন না বলেছেন।,pending
16219,আইনকে কীভাবে মানাবে জানি না।,pending
16220,সায়ন ফিক করে হেসে ফেলে।,pending
16221,সায়ন হেসে সম্মতি জানায়।,pending
16222,উনি নিজের পরিচয় দিলেন।,pending
16223,কত লোক হোটেলে যায় আসে।,pending
16224,বডি সরানো তো দূর কি বাত।,pending
16225,যদি মাঝরাতে না পালাতেন।,pending
16226,আসামি চোখের সামনে আছে।,pending
16227,যেভাবে হোক বাঁচাতেই হবে।,pending
16228,ঠান্ডা কনকনে জলে ভেজা বডি।,pending
16229,সেই থেকে পর্দা সরানো।,pending
16230,আবার গিয়ে সে চেয়ারে বসল।,pending
16231,তাই সায়ন যেন একাই চলে যায়।,pending
16232,পাখাটা ঘুরতে শুরু করল।,pending
16233,ওই দিদির দেখাশোনা করে।,pending
16234,উনি হঠাৎ চিৎকার করে ওঠেন।,pending
16235,কোথাও কোনো ফাঁক রাখছি না।,pending
16236,নাকি দিয়ে কোনো লাভ নেই।,pending
16237,যদি না সে নিজে থেকে দেখা দেয়।,pending
16238,সেই আগের শরীর ধারণ করে।,pending
16239,কারণ সে আর বেঁচে নেই।,pending
16240,এবার শরীর খারাপ করবে তোর।,pending
16241,সেটাও চেক করেছি স্যার।,pending
16242,আর তোমার বিপদ মানে তোমার পরিবারের বিপদ।,pending
16243,কোথায় আছেন কেউ জানে না।,pending
16244,সায়নের সেদিকে নজর নেই।,pending
16245,যমের বাড়ি মানে শ্মশান।,pending
16246,ফোনটা বাজতে বাজতে কেটে গেল।,pending
16247,আপনি নিজের চোখেই দেখে নিন।,pending
16248,হাতের ওপর কে যেন হাত রাখল।,pending
16249,মিহিরের কাছে এই অনেক।,pending
16250,এরকম কেউ ছিল না ছাদে।,pending
16251,আমি এদিকটা সেরে আসছি।,pending
16252,বাবা তো নিজে চলে গেছে।,pending
16253,গলাটা চড়ে গেল মিহিরের।,pending
16254,আপনি ওঁকে নিয়ে আসুন।,pending
16255,নইলে এর শেষ হবে না যে।,pending
16256,চিৎকার করে ওঠে সুরভি।,pending
16257,আমার কোনো মাস চলছে না।,pending
16258,ধুঁকতে ধুঁকতে সুরভি বলল।,pending
16259,কথাটা শেষ করতে পারল না।,pending
16260,দু-পাশে মাথা ঝাঁকাতে থাকে।,pending
16261,বলে দিন আপনি কী করেছেন।,pending
16262,তার কাঁধে সেই ক্যামেরা।,pending
16263,তার ওপর আবার নিম্নচাপ।,pending
16264,তখন ঠিক করল দত্তক নেবে।,pending
16265,শুধুই তার কাছে থাকবে।,pending
16266,কোনো খবরই নেয় না তার বাবার।,pending
16267,তার কোলে একটা বাচ্চা।,pending
16268,আমার মা-কে বাঁচাতেই হবে।,pending
16269,সেই থেকে ওখানে কেউ যায় না।,pending
16270,আপনি নাকি ঘেঁটে গেছেন।,pending
16271,কারণ এখানে কেউ আসেই না।,pending
16272,ভালো করে খেয়াল করো সায়ন।,pending
16273,সেটা ব্ল্যাক হয়ে গেল।,pending
16274,মাঝে একটা পর্দা টানা।,pending
16275,লিফটে ঢুকে গেল দুজনে।,pending
16276,বুকের ভেতরটা ধুকপুক করছে তার।,pending
16277,নইলে সবাইকে শেষ করে দেবে সে।,pending
16278,গালের ওপর চাপড় মারছে।,pending
16279,ভয় পেয়ে যায় সোমদত্তা।,pending
16280,আমি তোদের শেষ করে দেব।,pending
16281,তা আমি তাঁকে ফোন করি।,pending
16282,উনি নাকি ফোন ধরেছিলেন।,pending
16283,উনি খানিক চুপ থাকলেন।,pending
16284,উনি শুনে হা হা করে হাসলেন।,pending
16285,তা-ই ও তোকে হত্যা করবেই।,pending
16286,সাধনা ছেড়ে উঠতে নেই।,pending
16287,এটি একটি সাধারণ সমস্যা।,pending
16288,রাউটার রিসেট করে দেখুন।,pending
16289,পাঁচ মিনিটে পৌঁছাবেন।,pending
16290,যেকোনো সমস্যায় জানিয়েন।,pending
16291,কোনো সমস্যা নেই একদমই।,pending
16292,কাল মাছ হবে তারপর চা হবে।,pending
16293,বাড়ি কিনতে হবে আমাকে।,pending
16294,আমরা সবুজ সবজি এসেছি।,pending
16295,"জানেন, আজ সমাধান হয়েছে।",pending
16296,এখন গান গাওয়া করার সময়।,pending
16297,"জানেন, আজ ফুল হয়েছে।",pending
16298,কলেজ কিনতে হবে আমাকে।,pending
16299,অফিসে থেকে রিতা এসেছে।,pending
16300,"দেখুন, সকাল এখানে আছে।",pending
16301,মুনির মাটি করবে আর আমি আশা করব।,pending
16302,বিকালে সকাল হবে তারপর সবজি হবে।,pending
16303,রবি জুতা করবে আর আমি চা করব।,pending
16304,"হতে পারে, রাস্তা হবে।",pending
16305,পরশু আমি বাগান করা করব।,pending
16306,সালমা নদীর ধারে থাকে।,pending
16307,অফিসে থেকে সীতা এসেছে।,pending
16308,পরে জল হবে তারপর চাঁদ হবে।,pending
16309,পাখি কিনতে হবে আমাকে।,pending
16310,"জানেন, আজ খাবার হয়েছে।",pending
16311,মীরা ঘর করবে আর আমি নদী করব।,pending
16312,মজবুত চা থাকলে জল হবে।,pending
16313,"ঠিক আছে, করতে চাই পরে।",pending
16314,যদি বিকাল হয় তাহলে কলেজ হবে।,pending
16315,বই শেষ হলে বোন শুরু করব।,pending
16316,আজ দরজা হবে তারপর নদী হবে।,pending
16317,সবাই ভালোবাসা পারতে চাই।,pending
16318,বশির বিকাল করবে আর আমি মোবাইল করব।,pending
16319,যদি দরজা হয় তাহলে বাবা হবে।,pending
16320,সবজি কিনতে হবে আমাকে।,pending
16321,পরশু পড়াশোনা শুরু হবে।,pending
16322,মোবাইল থাকলে ভালো হত।,pending
16323,"বুঝলাম, ভালোবাসা দরকার।",pending
16324,এখন বাগান করা করার সময়।,pending
16325,রাকিব ভাত করবে আর আমি কলেজ করব।,pending
16326,জল শেষ হলে আশা শুরু করব।,pending
16327,অজানা দিন থাকলে জল হবে।,pending
16328,জাহির হাসপাতালে থাকে।,pending
16329,আমার ঠান্ডা মাছ লাগছে।,pending
16330,"দেখুন, সমাধান এখানে আছে।",pending
16331,ভালোবাসা খুব বিখ্যাত।,pending
16332,হলুদ জল থাকলে বোন হবে।,pending
16333,"জানেন, আজ সমস্যা হয়েছে।",pending
16334,রাতে ঘুমানো শুরু হবে।,pending
16335,সুখ করার পরে হাসপাতাল করব।,pending
16336,আমার গোলাপি চা লাগছে।,pending
16337,মাছ শেষ হলে মা শুরু করব।,pending
16338,কঠোর টাকা থাকলে বিকাল হবে।,pending
16339,জানালা কিনতে হবে আমাকে।,pending
16340,উষ্ণ বাবা থাকলে মা হবে।,pending
16341,নাসির হাসপাতালে থাকে।,pending
16342,কাল আমি সাঁতার কাটা করব।,pending
16343,আজ কথা হবে তারপর আকাশ হবে।,pending
16344,সাকিব নদীর ধারে থাকে।,pending
16345,উত্তর করার পরে জানালা করব।,pending
16346,"দেখুন, কফি এখানে আছে।",pending
16347,হলুদ জানালা থাকলে বাগান হবে।,pending
16348,উত্তর করার পরে সুখ করব।,pending
16349,তুমি জানালা দিতে চাই।,pending
16350,"দেখুন, বাজার এখানে আছে।",pending
16351,দোকানে থেকে সাকিব এসেছে।,pending
16352,পরে দিন হবে তারপর ভাই হবে।,pending
16353,পরিবার কিনতে হবে আমাকে।,pending
16354,বাজার শেষ হলে বন শুরু করব।,pending
16355,আমরা সাদা স্বপ্ন দিই।,pending
16356,হাসপাতালে থেকে সালমা এসেছে।,pending
16357,আকাশ করার পরে সমস্যা করব।,pending
16358,"জানেন, আজ পাহাড় হয়েছে।",pending
16359,রাতে আমি সাঁতার কাটা করব।,pending
16360,মুনির বন করবে আর আমি ভাত করব।,pending
16361,আমির ছবি করবে আর আমি স্বপ্ন করব।,pending
16362,অফিসে থেকে মিতা এসেছে।,pending
16363,আমির নদী করবে আর আমি বাগান করব।,pending
16364,দোকান কিনতে হবে আমাকে।,pending
16365,সবাই ভালোবাসা পেরেছি।,pending
16366,পরে পড়াশোনা শুরু হবে।,pending
16367,গরম গান থাকলে জানালা হবে।,pending
16368,গতকাল আমি ছবি আঁকা করব।,pending
16369,অফিসে থেকে সালমা এসেছে।,pending
16370,মুনির নদীর ধারে থাকে।,pending
16371,জানালা করার পরে সমাধান করব।,pending
16372,"হতে পারে, পড়াশোনা হবে।",pending
16373,যদি ফল হয় তাহলে বন হবে।,pending
16374,আমির ছবি করবে আর আমি দুঃখ করব।,pending
16375,বশির জল করবে আর আমি সকাল করব।,pending
16376,রাত শেষ হলে কলেজ শুরু করব।,pending
16377,আজ আমি সাঁতার কাটা করব।,pending
16378,"জানেন, আজ দোকান হয়েছে।",pending
16379,"জানেন, আজ মাটি হয়েছে।",pending
16380,পরশু আমি ছবি আঁকা করব।,pending
16381,"জানেন, আজ সুখ হয়েছে।",pending
16382,"দেখুন, রুটি এখানে আছে।",pending
16383,সকাল কিনতে হবে আমাকে।,pending
16384,খারাপ মা থাকলে মাছ হবে।,pending
16385,জল শেষ হলে জানালা শুরু করব।,pending
16386,"ঠিক আছে, পারতে চাই পরে।",pending
16387,লাল খাবার থাকলে বাড়ি হবে।,pending
16388,আমরা সাদা নদী পেরেছি।,pending
16389,মুনির পরিবার করবে আর আমি ছবি করব।,pending
16390,আজ বই হবে তারপর গান হবে।,pending
16391,আমরা কঠিন বাগান ভাবছি।,pending
16392,পাহাড় থাকলে ভালো হত।,pending
16393,আগে রাত হবে তারপর ফুল হবে।,pending
16394,যদি পাখি হয় তাহলে পাখি হবে।,pending
16395,আমরা নোংরা বোন পেরেছি।,pending
16396,করিম সমাধান করবে আর আমি মাংস করব।,pending
16397,অফিসে থেকে রাম এসেছে।,pending
16398,তুমি বিকাল চাইতে থাকি।,pending
16399,রুমি বাস করবে আর আমি গাছ করব।,pending
16400,আমার জটিল বাবা লাগছে।,pending
16401,আপনি পরিবার খেতে চাই।,pending
16402,আমার নোনা আকাশ লাগছে।,pending
16403,আমার সাদা জানালা লাগছে।,pending
16404,তখন পাহাড় হবে তারপর বাস হবে।,pending
16405,বাজার শেষ হলে দরজা শুরু করব।,pending
16406,"বুঝলাম, সমস্যা দরকার।",pending
16407,গান করার পরে সমস্যা করব।,pending
16408,নীল সবজি থাকলে সবজি হবে।,pending
16409,যদি সময় হয় তাহলে মা হবে।,pending
16410,ঘড়ি করার পরে ভাই করব।,pending
16411,পাহাড় করার পরে দিন করব।,pending
16412,যদি ফল হয় তাহলে চা হবে।,pending
16413,সকালে বাগান করা শুরু হবে।,pending
16414,বনে থেকে কৃষ্ণ এসেছে।,pending
16415,বাজার করার পরে পড়াশোনা করব।,pending
16416,ঢাকায় থেকে কামাল এসেছে।,pending
16417,বাজারে থেকে জাহির এসেছে।,pending
16418,লাল সমাধান থাকলে জল হবে।,pending
16419,সরল ছবি থাকলে কফি হবে।,pending
16420,সিলেটে থেকে রহিম এসেছে।,pending
16421,আমার অজানা বাগান লাগছে।,pending
16422,রুমি সুখ করবে আর আমি মাছ করব।,pending
16423,এখন গান হবে তারপর বাস হবে।,pending
16424,নোংরা বন থাকলে বাজার হবে।,pending
16425,জুতা কিনতে হবে আমাকে।,pending
16426,সালমা ফল করবে আর আমি কলেজ করব।,pending
16427,রাম পাখি করবে আর আমি সবজি করব।,pending
16428,তানিয়া বাজার যেতে চাই।,pending
16429,"জানেন, আজ সবজি হয়েছে।",pending
16430,সমাধান কিনতে হবে আমাকে।,pending
16431,করিম বাগান করবে আর আমি গাড়ি করব।,pending
16432,খাবার শেষ হলে টাকা শুরু করব।,pending
16433,আমরা দুঃখী পরিবার খাব।,pending
16434,ছবি শেষ হলে বই শুরু করব।,pending
16435,করিম সকাল করবে আর আমি পাখি করব।,pending
16436,"জানেন, আজ মাংস হয়েছে।",pending
16437,সমাধান করার পরে নদী করব।,pending
16438,আমার খারাপ ফুল লাগছে।,pending
16439,পরশু ঘুমানো শুরু হবে।,pending
16440,দোকান করার পরে মাটি করব।,pending
16441,বন শেষ হলে রুটি শুরু করব।,pending
16442,সাদা মাটি থাকলে মাটি হবে।,pending
16443,বাজার কিনতে হবে আমাকে।,pending
16444,সরল ঘর থাকলে গান হবে।,pending
16445,রাকিব ফল করবে আর আমি পাখি করব।,pending
16446,বাড়িতে থেকে সাকিব এসেছে।,pending
16447,নিতা বই করবে আর আমি বাস করব।,pending
16448,সাকিব খাবার করবে আর আমি দিন করব।,pending
16449,"বুঝলাম, সমাধান দরকার।",pending
16450,আগামীকাল আমি ছবি আঁকা করব।,pending
16451,কাল গান হবে তারপর পরিবার হবে।,pending
16452,আজ বাগান করা শুরু হবে।,pending
16453,করিম সবজি করবে আর আমি সমস্যা করব।,pending
16454,সবাই বিকাল পারতে চাই।,pending
16455,যদি ফল হয় তাহলে দিন হবে।,pending
16456,আমার হলুদ দরজা লাগছে।,pending
16457,বাস করার পরে পড়াশোনা করব।,pending
16458,যদি বাজার হয় তাহলে জল হবে।,pending
16459,যদি মা হয় তাহলে মাটি হবে।,pending
16460,আমার নরম বিকাল লাগছে।,pending
16461,যদি ভাত হয় তাহলে মা হবে।,pending
16462,যদি কাজ হয় তাহলে কাজ হবে।,pending
16463,ছবি করার পরে সময় করব।,pending
16464,জানালা শেষ হলে বন শুরু করব।,pending
16465,আমার তেতো মোবাইল লাগছে।,pending
16466,বাজারে থেকে নাসির এসেছে।,pending
16467,দুপুরে বাগান করা শুরু হবে।,pending
16468,"জানেন, আজ চাঁদ হয়েছে।",pending
16469,অফিসে থেকে নাসির এসেছে।,pending
16470,কলেজে থেকে আমির এসেছে।,pending
16471,বিকালে ভাই হবে তারপর রাত হবে।,pending
16472,কাজ শেষ হলে মা শুরু করব।,pending
16473,যদি সকাল হয় তাহলে সকাল হবে।,pending
16474,সমাধান করার পরে ফল করব।,pending
16475,আকাশ করার পরে গাড়ি করব।,pending
16476,বিকালে পাখি হবে তারপর ছবি হবে।,pending
16477,পাহাড় করার পরে দোকান করব।,pending
16478,সকালে হাঁটা শুরু হবে।,pending
16479,পরিবার শেষ হলে বিকাল শুরু করব।,pending
16480,কলেজে থেকে জাহির এসেছে।,pending
16481,আপনি হাসপাতাল পেরেছি।,pending
16482,"জানেন, আজ সকাল হয়েছে।",pending
16483,যদি ছবি হয় তাহলে জল হবে।,pending
16484,"জানেন, আজ পাখি হয়েছে।",pending
16485,তখন বাগান করা শুরু হবে।,pending
16486,মীরা মাটি করবে আর আমি ফল করব।,pending
16487,আমরা নোনা মাঠ খেতে চাই।,pending
16488,তানিয়া বন শুনতে চাই।,pending
16489,অর্জুন জুতা করতে চাই।,pending
16490,মুনির মাটি করবে আর আমি চা করব।,pending
16491,দুপুরে কাজ হবে তারপর জল হবে।,pending
16492,সাকিব সমাধান করবে আর আমি কফি করব।,pending
16493,কলেজে থেকে নিতা এসেছে।,pending
16494,আমরা সজাগ মাংস চাইছি।,pending
16495,বাস শেষ হলে খাবার শুরু করব।,pending
16496,আকাশ শেষ হলে বিকাল শুরু করব।,pending
16497,বিকালে পরিবার হবে তারপর দিন হবে।,pending
16498,হাসপাতাল করার পরে পাহাড় করব।,pending
16499,আমার পুরনো গাছ লাগছে।,pending
16500,সমাধান করার পরে কফি করব।,pending
16501,সবুজ চা থাকলে সুখ হবে।,pending
16502,যদি হাসপাতাল হয় তাহলে বাবা হবে।,pending
16503,"দেখুন, মাংস এখানে আছে।",pending
16504,রুমি সকাল করবে আর আমি সুখ করব।,pending
16505,"জানেন, আজ কফি হয়েছে।",pending
16506,মুনির খাবার করবে আর আমি পাখি করব।,pending
16507,কাল ফল হবে তারপর আশা হবে।,pending
16508,বিকালে আমি হাঁটা করব।,pending
16509,আমির সমাধান করবে আর আমি কথা করব।,pending
16510,রাতে পার্ক হবে তারপর রাত হবে।,pending
16511,ভাই করার পরে দুঃখ করব।,pending
16512,নিতা বাগান করবে আর আমি বিকাল করব।,pending
16513,জানালা শেষ হলে বাজার শুরু করব।,pending
16514,লাল বাজার থাকলে দোকান হবে।,pending
16515,আমার মজবুত গাছ লাগছে।,pending
16516,কথা শেষ হলে বাজার শুরু করব।,pending
16517,বিকালে বাগান করা শুরু হবে।,pending
16518,যদি গান হয় তাহলে বাবা হবে।,pending
16519,তখন ভাই হবে তারপর পরিবার হবে।,pending
16520,কলেজে থেকে ফাতেমা এসেছে।,pending
16521,পরশু ফুল হবে তারপর মা হবে।,pending
16522,আগে মাঠ হবে তারপর মাছ হবে।,pending
16523,হাসপাতাল করার পরে ভাই করব।,pending
16524,সবজি করার পরে ভালোবাসা করব।,pending
16525,বাজারে থেকে কামাল এসেছে।,pending
16526,আমরা নরম দরজা নিয়েছি।,pending
16527,কাল বাজার হবে তারপর উত্তর হবে।,pending
16528,মা শেষ হলে খাবার শুরু করব।,pending
16529,কলেজে থেকে রাকিব এসেছে।,pending
16530,মিতা বন করবে আর আমি পাখি করব।,pending
16531,সমাধান করার পরে কাপড় করব।,pending
16532,"দেখুন, মাটি এখানে আছে।",pending
16533,মুনির ঘড়ি করবে আর আমি ঘড়ি করব।,pending
16534,করিম বাড়ি করবে আর আমি সকাল করব।,pending
16535,ভালোবাসা করার পরে দোকান করব।,pending
16536,সুমন রাত করবে আর আমি বন করব।,pending
16537,কলেজ শেষ হলে আকাশ শুরু করব।,pending
16538,গতকাল বাস হবে তারপর ভাত হবে।,pending
16539,যদি রাত হয় তাহলে দরজা হবে।,pending
16540,আমরা সজাগ টাকা করেছি।,pending
16541,আমরা পরিচিত আকাশ যাব।,pending
16542,দুঃখ করার পরে ভাই করব।,pending
16543,অফিসে থেকে রহিম এসেছে।,pending
16544,নরম রাত থাকলে টাকা হবে।,pending
16545,নিতা পড়াশোনা নিতে চাই।,pending
16546,মাংস কিনতে হবে আমাকে।,pending
16547,খাবার শেষ হলে আকাশ শুরু করব।,pending
16548,মীরা কথা করবে আর আমি ফল করব।,pending
16549,সমাধান করার পরে বিকাল করব।,pending
16550,আমরা নোংরা টাকা লিখি।,pending
16551,কাল পাহাড় হবে তারপর কলেজ হবে।,pending
16552,কাল কলেজ হবে তারপর আকাশ হবে।,pending
16553,টাকা শেষ হলে বাজার শুরু করব।,pending
16554,টাকা শেষ হলে খাবার শুরু করব।,pending
16555,বন শেষ হলে আশা শুরু করব।,pending
16556,গতকাল ঘর হবে তারপর খাবার হবে।,pending
16557,বনে থেকে জামাল এসেছে।,pending
16558,মোবাইল করার পরে গান করব।,pending
16559,সুখ করার পরে উত্তর করব।,pending
16560,রাতে মাছ হবে তারপর দিন হবে।,pending
16561,আমার ঠান্ডা গাছ লাগছে।,pending
16562,আমার অজানা মাঠ লাগছে।,pending
16563,তুমি মোবাইল খেতে চাই।,pending
16564,আপনি পরিবার যেতে চাই।,pending
16565,যদি বই হয় তাহলে ভাত হবে।,pending
16566,মাঠে থেকে নাসির এসেছে।,pending
16567,আমরা সজাগ সমাধান লিখি।,pending
16568,গান করার পরে সময় করব।,pending
16569,যদি মা হয় তাহলে ফল হবে।,pending
16570,রাতে চাঁদ হবে তারপর পাখি হবে।,pending
16571,বাজারে থেকে জামাল এসেছে।,pending
16572,"দেখুন, কলেজ এখানে আছে।",pending
16573,দিন করার পরে উত্তর করব।,pending
16574,তখন আমি ছবি আঁকা করব।,pending
16575,ভাই করার পরে সময় করব।,pending
16576,আমার সাদা কলেজ লাগছে।,pending
16577,এই বাগান অনেক ঠান্ডা।,pending
16578,যদি ভাত হয় তাহলে ফল হবে।,pending
16579,অফিসে থেকে রুমি এসেছে।,pending
16580,মাঠে থেকে শফিক এসেছে।,pending
16581,সকাল শেষ হলে ঘর শুরু করব।,pending
16582,যদি বাবা হয় তাহলে পরিবার হবে।,pending
16583,তানিয়া হাসপাতাল চাই।,pending
16584,রাতে পাখি হবে তারপর গাড়ি হবে।,pending
16585,নোংরা বাবা থাকলে বাজার হবে।,pending
16586,সরল রাত থাকলে ফুল হবে।,pending
16587,জল শেষ হলে আকাশ শুরু করব।,pending
16588,সিলেটে থেকে সুমন এসেছে।,pending
16589,মীরা জানালা করবে আর আমি বিকাল করব।,pending
16590,আকাশ করার পরে সময় করব।,pending
16591,ঢাকায় থেকে সাকিব এসেছে।,pending
16592,যদি জল হয় তাহলে দিন হবে।,pending
16593,অফিস করার পরে ফুল করব।,pending
16594,আমরা পুরনো সমাধান আসছি।,pending
16595,আমার খারাপ কথা লাগছে।,pending
16596,সমস্যা করার পরে ছবি করব।,pending
16597,খাবার কিনতে হবে আমাকে।,pending
16598,তুমি বাগান ভাবতে চাই।,pending
16599,সময় করার পরে বাগান করব।,pending
16600,ঘড়ি করার পরে বোন করব।,pending
16601,যদি বাবা হয় তাহলে ভাই হবে।,pending
16602,হলুদ বই থাকলে বাগান হবে।,pending
16603,আমরা সজাগ মাংস পেরেছি।,pending
16604,যদি গান হয় তাহলে দিন হবে।,pending
16605,সিলেটে থেকে রুমি এসেছে।,pending
16606,"শুভ সকাল, ভালো দিন কাটুক।",pending
16607,"আবার দেখা হবে, যত্ন নেবেন।",pending
16608,অফিসে আজ অনেক কাজ ছিল।,pending
16609,ধন্যবাদ সাহায্যের জন্য।,pending
16610,বিয়ের দাওয়াত পেয়েছি।,pending
16611,বাবা অফিস থেকে ফিরেছেন।,pending
16612,আবার কী খবর এল রে বাবা!,pending
16613,আবার তো কাল সক্কাল সক্কাল!,pending
16614,নাকি আপনি নিজে থেকেই…!,pending
16615,কবে যে সব স্বাভাবিক হবে!,pending
16616,সেলফি তুলে ফেসবুকে পেল্লায় ডিরেক্টর বলে নাম কিনবি অথচ শুটিঙে তার কথাই শুনবি না?,pending
16617,আপনি এই কারণেই আমায় ডেকে পাঠিয়ে মিহিরের কুষ্ঠি নিয়ে বলেছিলেন?,pending
16618,অন্ধকার কোণের দিকে বসে থাকা অত বড়ো মানুষটাকে তুমি দেখতেই পেলে না?,pending
16619,মানে কেউ কি আগেভাগে প্ল্যান করে আত্রেয়ীকে মেরে ফেলতে চেয়েছিল?,pending
16620,ম্যাডাম বাড়ি না থাকলে তন্ময়বাবু বাড়িতে আসত বন্দনাদিদির কাছে?,pending
16621,আপনার মতো একজন অভিনেত্রীর স্বামী এরকম ঘুরে ঘুরে কাজ চাইবে সেকি ভালো দেখায়?,pending
16622,খুব শখ হয়েছে না আত্রেয়ীর পোষা ভেড়াটাকে ধরে দু-পয়সা কামাবার?,pending
16623,এই সময় রাস্তায় একা বেরোলে অন্য বিপদ যে আসবে না তা কে বলতে পারে?,pending
16624,আচ্ছা আপনারা যখন সবটাই জানেন তাহলে খামোখা আমাকে এখানে বসিয়ে রাখার মানেটা কী?,pending
16625,যদি তা-ই হয় তাহলে এমন অসম্ভব একটা কাজ সামান্য মার্কার পেন দিয়ে কী করে করল?,pending
16626,এইসব ভাবতে ভাবতেই আত্রেয়ী সেনের কেবিনের সামনে এসে পড়ে দুজনে কী হল?,pending
16627,মায়ের রেড পার্টনারের সঙ্গে নিজের বেড শেয়ার করতে খারাপ লাগল না?,pending
16628,আত্রেয়ীকে বাঁচাতে এই মেয়েটাই তার গায়ে হাত তুলবে বলেছিল না?,pending
16629,তার মাঝে কোঁকড়ানো এলোচুল প্রলয়ের বাতাসে উড়িয়ে এ কে অশুভ সংহার করছে?,pending
16630,প্রবাহিত রক্ত?,pending
16631,আপনি কী করে জানলেন উনি কথা বলতে পারবেন কি পারবেন না?,pending
16632,তবে নিশ্চিন্তে থাকো,pending
16633,শুরু থেকে শেষপর্যন্ত,pending
16634,বন্দনা জিজ্ঞেস করে,pending
16635,কথা বলছেন না কেন?,pending
16636,কেন ওর বাবা মা?,pending
16637,কে শোনে কার কথা?,pending
16638,কে ওকে ঠেলে ফেলেছিল?,pending
16639,কথা বের করা গেল?,pending
16640,এখানে কেন এসেছেন?,pending
16641,বারবার কেন কল করছ?,pending
16642,ও কি ঠিক দেখছে?,pending
16643,এরকম কেন করলে মা?,pending
16644,কেউ কাউকে দেখলেন না?,pending
16645,সাকিব কি এসেছে?,pending
16646,বন কখন শেষ হবে?,pending
16647,কোন ভালোবাসা ভালো?,pending
16648,বিকালে কি কাজ হবে?,pending
16649,রাকিব কি বনে যাবে?,pending
16650,মা কি পরিষ্কার?,pending
16651,কোন বাগান ভালো?,pending
16652,রবি কি বনে যাবে?,pending
16653,বিকালে কি খেলা হবে?,pending
16654,বাবা কি ঠান্ডা?,pending
16655,কেন জানালা চাই?,pending
16656,কেন বাজার ভাবব?,pending
16657,কীভাবে বিকাল বলি?,pending
16658,কোন বিকাল ভালো?,pending
16659,পরিবার কি সাদা?,pending
16660,তুমি কি দিন করি?,pending
16661,তুমি কি সুখ লিখি?,pending
16662,কাল কি কাজ হবে?,pending
16663,কীভাবে বিকাল বলব?,pending
16664,তুমি কি চা করি?,pending
16665,তুমি কি উত্তর করি?,pending
16666,কেন চা খেতে চাই?,pending
16667,তুমি কি রাত করছি?,pending
16668,কীভাবে কলেজ ভাবব?,pending
16669,কেন বিকাল লিখি?,pending
16670,পরিবার কি কালো?,pending
16671,পাখি কি পরিষ্কার?,pending
16672,কেন জানালা যাব?,pending
16673,তুমি কি বন করি?,pending
16674,ছবি কি উজ্জ্বল?,pending
16675,কীভাবে নদী নেব?,pending
16676,কীভাবে বাস করব?,pending
16677,তুমি কি মা শুনি?,pending
16678,কেন স্বপ্ন আসব?,pending
16679,নতুন গান শুনেছেন?,pending
16680,কোনটা বেছে নেব?,pending
16681,দৃঢ় কণ্ঠে উত্তর দেয় সোমদত্তা,pending
16682,সেটা দেখে ভানু নিজে থেকেই বলে ওঠে,pending
16683,মৃন্ময়ী বিড়বিড় করে বলতে থাকে,pending
16684,ভীষণ নরম আর আহ্লাদি সুরে বলল,pending
16685,অনেক কিছু বলার জন্য গলার নলিটা কাঁপছে,pending
16686,তাতেও না পাওয়া গেলে প্রতিটা থানায়,pending
16687,সায়নের ধমকে মুখটা কাঁচুমাচু করে তেঁতুল বলে,pending
16688,তন্ময় এগিয়ে গিয়ে প্রশ্ন করল,pending
16689,মুনাই একরাশ অভিমান নিয়ে বলেই ফেলল,pending
16690,আবার জিজ্ঞেস করল সায়ন,pending
16691,সে যদি মানুষ হয় তবেই তাকে ধরা যাবে,pending
16692,এবার কপালের ঘামটা মুছে নিয়ে সায়ন বলল,pending
16693,ননদের দিকে তাকিয়ে মৃন্ময়ী বলে ওঠে,pending
16694,দেয়ালে সাজানো ক্রিস্টাল,pending
16695,টিভিতে এখন ব্রেকিং নিউজ,pending
16696,তাদের জিজ্ঞেস করাতে সবারই এক উত্তর,pending
16697,সূর্যের কথা শুনে সায়ন বলল,pending
16698,কেসের জট যত খুলতে যাচ্ছে,pending
16699,কান থেকে ফোন নামিয়ে মুনাইয়ের দিকে তাকিয়ে বলে,pending
16700,আমি আবার একটা নতুন টেডি এনে দেব তোমায়,pending
16701,বনেটের ওপার থেকে আবদুলের উত্তর এল,pending
16702,কমিশনার সায়নকে জিজ্ঞেস করলেন,pending
16703,মৃন্ময়ীর গায়ে হাত রেখে মুনাই বলে,pending
16704,আত্রেয়ী খ্যাকখ্যাক করে বলে উঠল,pending
16705,ঠিকই ধরেছেন বন্দনা বলে ওঠে,pending
16706,আড়চোখে শাড়িগুলো দেখে নিয়ে বলল,pending
16707,মুখটা কাঁচুমাচু করে সোফিয়া বলে,pending
16708,দাঁত চেপে আত্রেয়ী বলে,pending
16709,পেছন পেছন ঘুরে বেড়াই কাজ পাওয়ার জন্য,pending
16710,মৃন্ময়ী প্ৰায় কাঁদো-কাঁদো স্বরে বলল,pending
16711,নীলাম্বর চিৎকার করে ওঠে,pending
16712,যে মানুষ ফলের রস ছাড়া আর কিছু খান না,pending
16713,তারপরেই গলা তুলে সবার উদ্দেশ্যে আবার বলে উঠল,pending
16714,তারপর গলাটা একটু চেপে তন্ময় বলল,pending
16715,শান্তনু চিৎকার করে বলছে,pending
16716,আত্রেয়ী চিৎকার করে ওঠে,pending
16717,বন্দনা শান্ত গলায় বলে,pending
16718,একটু তুতলিয়ে বন্দনা বলল,pending
16719,পরক্ষণেই নিজেকে প্রশ্ন করে,pending
16720,শরীর দুলিয়ে ঝাঁকিয়ে খলখলিয়ে হেসে বলল,pending
16721,বন্দনা মাথা নেড়ে সম্মতি জানাল,pending
16722,ভয় পেয়ে তুতলিয়ে জিজ্ঞেস করল,pending
16723,এই কথাগুলো বন্দনা নয়,pending
16724,কিন্তু একটা কথা মনে রাখবেন,pending
16725,মশারির মধ্যে ছোট্ট সোনাই,pending
16726,একেবারে নীচেরটা মূলাধার চক্র,pending
16727,তারপর দুটো বাতিই মুনাইয়ের হাতে দিয়ে বলে,pending
16728,নীলাম্বরের কথার রেশ ধরেই মুনাই বলল,pending
16729,কাছে না গিয়ে একবার ফোনটা করেই দেখি,pending
16730,বাবলু ফিক করে হেসে নীলাম্বরকে বলল,pending
16731,নীলাম্বর ব্যাপারটা বুঝে আবার বললেন,pending
16732,শুধু একটা কথাই বুঝতে পারছি না,pending
16733,উও যো বড়া হোটেল হ্যায় না,pending
16734,তন্ময়ের পাশে গিয়ে দাঁড়ায় সায়ন,pending
16735,উত্তর না পেয়ে সায়নই কথা বলতে শুরু করল,pending
16736,আবারও খানিক নীরবতা টেনে তন্ময় বলে,pending
16737,কারণ এমন উদ্ভট উত্তরে অবনীশ,pending
16738,কিন্তু একটা রিকোয়েস্ট,pending
16739,সামনে পেছনে তাকিয়ে গলাটা চেপেই ডাকল,pending
16740,করজোড়ে প্রণাম করে বললেন,pending
16741,তারপরেই গলা চেপে জিজ্ঞেস করল,pending
16742,সায়নের দিক থেকে চোখ ঘুরিয়ে সিলিঙে,pending
16743,আদেশ মতো পটাপট যতগুলো আলো ছিল ঘরে,pending
16744,সোমদত্তা সেটা বুঝে ফিক করে হেসে বলল,pending
16745,অমনি ছদ্মগম্ভীর স্বরে সায়ন বলল,pending
16746,সে তার কথা সায়নকে বলে যাচ্ছে,pending
16747,আপনারা যে দৃশ্যগুলো দেখতে পাননি,pending
16748,উও লোগ একবার ঘুমনে গয়ে থে না,pending
16749,ডক্টর তরফদার সায়নের কানের কাছে এসে বললেন,pending
16750,ওয়ালেটটা সোমার দিকে বাড়িয়ে দিয়ে বললেন,pending
16751,একটা কমবয়সি ছেলে ভিড় ঠেলে সামনে এসে বলল,pending
16752,দুরুদুরু বুকে শুকনো গলায় সায়ন ফোনটা ধরে,pending
16753,চোখ খুলে আবার প্রশ্ন করলেন,pending
16754,সেদিনকার হাত রাখাটা যতটা সুখের মনে হয়েছিল মিহিরের,pending
16755,ধূসর রঙের জামা আর কালো রঙের প্যান্ট,pending
16756,ঘর থেকে মেয়ের গলা পেয়ে বেরিয়ে এল সুরভি,pending
16757,কিন্তু তন্ময়ের এক গোঁ,pending
16758,সময় বুঝে তন্ময় একটু চিমটি কাটল,pending
16759,আত্রেয়ী খেঁকিয়ে উঠল,pending
16760,মুখের ওপর আত্রেয়ী বলল,pending
16761,তন্ময় চোখ বিস্ফারিত করে বলে,pending
16762,বলেই দাঁত খিঁচিয়ে উঠল সায়নকে,pending
16763,সুরভি প্রতিবাদ করে ওঠে,pending
16764,বন্দনা দাঁত খিঁচিয়ে ওঠে,pending
16765,এরপরেই লোকটি দাঁতে দাঁত চেপে খেপে ওঠে,pending
16766,নির্মলেন্দু নাকি অমলেন্দু,pending
16767,সোমদত্তা ছবিগুলো সরিয়ে নিয়ে বলল,pending
16768,সঙ্গে সঙ্গে বন্দনা বলে ওঠে,pending
16769,এর মধ্যে একদিন তন্ময়ের কাছ থেকে শুনি,pending
16770,শান্তনু চিৎকার করে উঠল,pending
16771,গম্ভীর হয়ে বন্দনা বলল,pending
16772,সায়ন একটা দীর্ঘশ্বাস ফেলে বলল,pending
16773,সে-ও শান্তনুকে শুনিয়ে বলে,pending
16774,সায়ন সময় নষ্ট না করেই বলল,pending
16775,সায়ন ঘাড় ঘুরিয়ে একবার দেখে নিয়ে বলল,pending
16776,যে মেয়েটির লাশের গায়ে আছড়ে পড়ল সায়ন,pending
16777,পেছোতে পেছোতে সোমদত্তা জিজ্ঞেস করে,pending
16778,মিহির শুধু সেই ফ্লোরেই যায়নি,pending
16779,যজ্ঞ ঘিরে বসে আছে সায়ন,pending
16780,তাহলে কে এল এত সকালে?,pending
16781,আপনি কেন কাজ পান না জানেন?,pending
16782,নীলাম্বরের শরীর হাওয়ার প্রবল টানে মাটির সমান্তরালে শূন্যে ভেসে ফ্রিজারের অন্ধকূপে ঢুকে যেতে থাকে।,pending
16783,ঠিক পঁয়তাল্লিশ দিনের দিন হঠাৎ ব্রহ্মস্বরূপানন্দের সামনে থেকে উধাও হয়ে গেল করোটি।,pending
16784,সূর্যের টিপ্পনিতে বুকের ভেতরে এখন জ্বালার চেয়ে ভয়ের তাণ্ডবটাই বেশি টের পাচ্ছে বন্দনা।,pending
16785,সায়নের কথাগুলো মনোযোগ দিয়ে শুনলেও কমিশনারের দৃষ্টি ছিল নীলাম্বরের কর্মকাণ্ডের দিকে।,pending
16786,সায়নের মাথা থেকে পা পর্যন্ত একবার দ্রুত চোখ চালিয়ে অনিচ্ছাসত্ত্বেও অনুমতি দিলেন।,pending
16787,আরও বলল আত্রেয়ী সেনের মতো পুরস্কারপ্রাপ্ত অভিনেত্রী এই প্রথমবার কোনো ডেলি সোপ করছে।,pending
16788,আমার চেহারাটা নাকি তেঁতুলের মতো আর মুখটা তেঁতুলের বিচির মতো।,pending
16789,মিহির সরখেলের কোনো ক্ষতি হয় চাকরিক্ষেত্রে তাহলে আমরা কিন্তু আইনি-ব্যবস্থা নিতে বাধ্য হব।,pending
16790,এর জন্য যদি আমার নামে আপনি এফআইআর করতে চান করতেই পারেন।,pending
16791,সেই কারণেই আমি শুরু থেকেই বিশ্বাস করিনি মিহির খুনি।,pending
16792,নাম করা অভিনেত্রীর পিএ হলেও সে নিয়ে বন্দনার মধ্যে বিন্দুমাত্র মাত্রাতিরিক্ত উচ্ছ্বাস ছিল না।,pending
16793,অবসর সময়ের পিএনপিসিতে এইসব গোপন খবর বেরিয়ে এসেছে।,pending
16794,নিতান্ত মধ্যবিত্ত ছাপোষা বন্দনার মাথার দশ হাত ওপর দিয়ে বেরিয়ে যায় বিত্তশালীদের সম্পর্কের সমীকরণ।,pending
16795,বউ তন্ময়ের সঙ্গে রাত কাটাচ্ছে জেনে শান্তনু বাড়ি মাথায় করবে এটাই ধারণা ছিল বন্দনার।,pending
16796,আত্রেয়ী পরেরদিন স্টুডিয়োতে গিয়ে শোনে শান্তনু ত্র্যম্বকেশ্বরের একটা ফিল্মের ফটোশুট করতে গেছে।,pending
16797,বেরিয়ে এসে আলো নিভিয়ে এগোতে যাবে আবার মেয়েটার গলা।,pending
16798,বন্ধ দরজাটার কাছে এগোতেই আত্রেয়ী বুঝল রোজির গলাটার সঙ্গে মিশে আছে শান্তনুর ঘন ঘন শ্বাস।,pending
16799,ভিজে শিক-ভাঙা ছাতাটাকে কোনোরকমে ভাঁজ করে বেলটা বাজাল।,pending
16800,কিন্তু মুনাই এই মুহূর্তে যা দেখল তাতে মুখ দিয়ে কান্নার আওয়াজ ছাড়া কিছুই বেরোচ্ছে না।,pending
16801,কোমরের আর মাথার কাছে আশেপাশের বাড়ির খোলা ছাদের আবছা ছবি।,pending
16802,তখনও এই নীলাম্বর ব্যানার্জি তার তন্ত্র-মন্ত্রের দ্বারা অসম্ভব কাজ সম্ভব করেছিলেন।,pending
16803,বেসিক্যালি প্যারানরমাল অ্যাক্টিভিটি নিয়ে কাজ করেন।,pending
16804,মন্ত্রপাঠের শেষে ব্লেডে কাটা হাতের তালুটা ভালো করে ওই মুণ্ডের মাথায় তিনবার বুলিয়ে দেন।,pending
16805,রক্ত-মাংস একে অপরের সঙ্গে মিশে গিয়ে একটা গা-গুলোনো প্রাণ কেড়ে নেওয়া প্রতিমূর্তি।,pending
16806,বাকি রাস্তায় যদি আর কোনো অসুবিধেয় নাও পড়ে গন্তব্যে পৌঁছোতে প্রায় সন্ধে হয়ে যাবে।,pending
16807,খুশি হলাম জেনে যে একজন কলিগ আর-এক কলিগের কাজের খবরাখবর রাখে।,pending
16808,সাধনচক্ষে দেখা দৃশ্যগুলোকে মিহিরের কথার সঙ্গে চোখ বুজে মিলিয়ে নিচ্ছিলেন নীলাম্বর।,pending
16809,সায়ন বুঝতে পারে ব্যাপারটা এবার হাতের বাইরে যেতে বসেছে।,pending
16810,আদর করে বুকে ধরে রাখাও যায় আবার ছুড়ে ফেলে দেওয়াও যায়।,pending
16811,নীলাম্বর মাটিতে বসে অনেকক্ষণ ওঠার চেষ্টা করেছে কিন্তু উড়ে আসা শবদেহের আঘাতে পারেননি।,pending
16812,ভীষণ ক্রোধে প্রচণ্ড হুংকার করে শান্তনুকে হাওয়ার ওপর ঘুরিয়ে শূন্যে ছুড়ে দেয় সোমদত্তা।,pending
16813,এই কান্না থামা।,pending
16814,কাজ শেষ হলে বাকিটা।,pending
16815,কোনোদিন এমন হয় না।,pending
16816,আমি বিশ্বাস করি না।,pending
16817,দেখো না কী হয়।,pending
16818,কী জানি কী খবর এল।,pending
16819,হুম … আচ্ছা … আচ্ছা।,pending
16820,গত বছরই বিয়ে করেছে।,pending
16821,একটা ছেলে স্যার।,pending
16822,মণি বলে কিছু নেই।,pending
16823,সব কিছু আবার চুপচাপ।,pending
16824,এখনও উনি আইসিসিইউতে।,pending
16825,লক আপের সেই লোকটা।,pending
16826,আমার ভালো লাগছে না।,pending
16827,ও আর কিছু বলল না।,pending
16828,কেউ জানতেও পারল না।,pending
16829,তাই চাপ আসবে এবার।,pending
16830,আরে হ্যাঁ হ্যাঁ।,pending
16831,ওটা তো কোত্থাও নেই।,pending
16832,এই তো সেই কাগজটা।,pending
16833,উত্তর দিল না কেউ।,pending
16834,তারপরেই সব ভোঁ ভা।,pending
16835,সেটা তো আপনি জানেন।,pending
16836,ভালো করে ঘরটা দেখল।,pending
16837,ওটাই তো ব্যাপার।,pending
16838,দেখে পা ফেলো বউদি।,pending
16839,এটা বাজে হয়ে গেছে।,pending
16840,শরীরটা আর চলছে না।,pending
16841,হাত উলটে মুখ মুছল।,pending
16842,আশেপাশে তো কেউ নেই।,pending
16843,ধু ধু করছে ফুটপাথ।,pending
16844,তার থেকেও বড়ো কথা।,pending
16845,তোমারও তো চাপ চলছে।,pending
16846,আমি আবারও মাফ চাইছি।,pending
16847,সায়ন কিছু বলল না।,pending
16848,অনেক কিছু জানার আছে।,pending
16849,ঘামতে শুরু করেছে সে।,pending
16850,পুড়ে মরে যাব আমরা।,pending
16851,এই এত এত গয়না দেব।,pending
16852,হলে তো ঠিক-ভুল বলব।,pending
16853,সুরভি কথা বলল না।,pending
16854,আর আমি তাকে দেখেছি।,pending
16855,সেসব তো কিছু বলোনি।,pending
16856,আমি ম্যাডামের পিএ।,pending
16857,আপনি রেস্ট করুন।,pending
16858,মুখ তো ওঁরও আছে।,pending
16859,তারপরেই না হয় যাব।,pending
16860,ও তো স্টিল ছবি তোলে।,pending
16861,এক মিনিট স্যার।,pending
16862,আবার মিথ্যে কথা।,pending
16863,যে আসছে তার জন্য।,pending
16864,যখন যেরকম দরকার হবে।,pending
16865,বুঝতে পারছি না।,pending
16866,হ্যাঁ হ্যাঁ এসো এসো।,pending
16867,আঁতকে উঠে থমকে গেল।,pending
16868,সেই মতো চলে আসবেন।,pending
16869,আর বেঁচে লাভ নেই।,pending
16870,তবু কিচু তো দিলাম।,pending
16871,সায়ন সত্যিই লজ্জিত।,pending
16872,আমায় নেভাতে হয়নি।,pending
16873,সায়ন সোজা হয়ে বসল।,pending
16874,সেই একই রঙের শার্ট।,pending
16875,সে তো মানুষ নয়।,pending
16876,থ্যাংক ইউ ডক্টর।,pending
16877,চোখ জুড়ে ঘুমের ঘোর।,pending
16878,তন্ময় ঘাড় নাড়ল।,pending
16879,সত্যিই আমি চিনি না।,pending
16880,সেটাও তো হয়েছে।,pending
16881,সায়ন মাথা তোলে।,pending
16882,খুন করল ভারমোরে।,pending
16883,এরপর ঘরে ঢুকে আসেন।,pending
16884,মনে মনে খুশিও হয়।,pending
16885,ফুটেজ চলতে শুরু করে।,pending
16886,আপনার সব কথা ঠিক।,pending
16887,বুঝতে পারলাম না।,pending
16888,বেশ হতাশ হল সায়ন।,pending
16889,বেশ বৃদ্ধই বলা চলে।,pending
16890,কারও কোনো উত্তর নেই।,pending
16891,মিহির এবার গম্ভীর।,pending
16892,মিহির বলতে শুরু করল।,pending
16893,এর কত হয় দেখি।,pending
16894,আর উপায় নেই মা।,pending
16895,বসে তো আর থাকব না।,pending
16896,পরের শটে যাই চলো।,pending
16897,আমি আসছি দাঁড়াও।,pending
16898,ভুল বুঝছ আমায়।,pending
16899,দেখলাম তাতেই কাজ হল।,pending
16900,সুরভি আরও খেপে ওঠে।,pending
16901,ফুটেজ পজ হয়ে গেল।,pending
16902,ওর সব কিছু আমার।,pending
16903,পেয়েছি কোথাও থেকে।,pending
16904,তাই ওঁকে তুলে আনা।,pending
16905,তাই আমিও সরি চাইনি।,pending
16906,হোটেলের রুলস আছে তো।,pending
16907,তন্ময়ের গলা নরম।,pending
16908,করে গলায় ঢেলে নিল।,pending
16909,বলে দিয়ো আমি বলেছি।,pending
16910,আর তুমিও ছুটি নাও।,pending
16911,রাত দশটা বেজে গেছে।,pending
16912,আপনি কত কিছু পারেন।,pending
16913,রাত একটা বেজে গেছে।,pending
16914,এই তোমরা এঁদের দেখো।,pending
16915,ওই লোকটাই জবাব দিল।,pending
16916,সায়ন চমকে সরে আসে।,pending
16917,মুখের চাদর সরে যায়।,pending
16918,আবারও ফোন কানে দেন।,pending
16919,আমি ঠিক আছি স্যার।,pending
16920,আমি তখন অতশত বুঝিনি।,pending
16921,তুই সেটা হতে দিসনি।,pending
16922,তাই তখন কিছু দেখিনি।,pending
16923,কাউকে দেখতে পায় না।,pending
16924,বাইরে আসুন এখনই।,pending
16925,দল এগিয়ে আসছে।,pending
16926,দশ মিনিট লাগবে।,pending
16927,এক মিনিটের মধ্যে।,pending
16928,চাপ দিতে থাকুন।,pending
16929,মাথা পিছনে রাখুন।,pending
16930,আমাদের সাথে থাকুন।,pending
16931,আমি আপনার সাথে আছি।,pending
16932,তুমি এটি পারবে।,pending
16933,একসাথে আমরা পারব।,pending
16934,আজ আবহাওয়া ভালো।,pending
16935,এখানে তুমি আছে।,pending
16936,এখানে তোমরা আছে।,pending
16937,আমি কীভাবে বলছি।,pending
16938,এখানে কীভাবে আছে।,pending
16939,সবাই মাংস দিতে চাই।,pending
16940,আমি আকাশ চাইতে থাকি।,pending
16941,সমস্যা নিয়ে আসো।,pending
16942,আমার সরল ভাই লাগছে।,pending
16943,ভালোবাসা নেই এখানে।,pending
16944,আজ আমি খেলা করব।,pending
16945,সে সবজি দেখতে চাই।,pending
16946,এই বন অনেক জটিল।,pending
16947,এখন আমি নাচ করব।,pending
16948,দয়া করে পরিবার দিন।,pending
16949,"বুঝলাম, কলেজ দরকার।",pending
16950,দয়া করে জল দিন।,pending
16951,সবাই মাটি যেতে চাই।,pending
16952,বোন কিনতে হবে আমাকে।,pending
16953,একটু ভেবেছি তো।,pending
16954,দোকান নিয়ে আসো।,pending
16955,ও সমস্যা খেয়েছি।,pending
16956,ও উত্তর চেয়েছি।,pending
16957,"দেখুন, জল এখানে আছে।",pending
16958,দয়া করে ফল দিন।,pending
16959,ছবি কিনতে হবে আমাকে।,pending
16960,তুমি আকাশ লিখব।,pending
16961,আমি নদী পড়েছি।,pending
16962,বাগান নিয়ে আসো।,pending
16963,উজ্জ্বল দিন আজকে।,pending
16964,কেউ বাস পারতে চাই।,pending
16965,ঠান্ডা দিন আজকে।,pending
16966,রুটি নিয়ে আসো।,pending
16967,হাসপাতাল নেই এখানে।,pending
16968,দোকান থাকলে ভালো হত।,pending
16969,"ঠিক আছে, চাইছি পরে।",pending
16970,দয়া করে বিকাল দিন।,pending
16971,"বুঝলাম, জুতা দরকার।",pending
16972,তুমি কলেজ পারি।,pending
16973,তারা ঘড়ি পড়তে চাই।,pending
16974,দয়া করে ভাই দিন।,pending
16975,সবাই অফিস দেখছি।,pending
16976,সবাই কফি পেরেছি।,pending
16977,দয়া করে সময় দিন।,pending
16978,ও হাসপাতাল এসেছি।,pending
16979,দুপুরে কাজ শুরু হবে।,pending
16980,আমরা নরম ভাত দেখি।,pending
16981,সবাই হাসপাতাল ভাবছি।,pending
16982,দয়া করে মাঠ দিন।,pending
16983,"বুঝলাম, বাগান দরকার।",pending
16984,আগে হাঁটা শুরু হবে।,pending
16985,"ঠিক আছে, শুনেছি পরে।",pending
16986,সমাধান নিয়ে আসো।,pending
16987,"না, গল্প চাই না।",pending
16988,সে হাসপাতাল ভাবছি।,pending
16989,গাছ থাকলে ভালো হত।,pending
16990,আপনি গান চেয়েছি।,pending
16991,"বুঝলাম, আশা দরকার।",pending
16992,"জানেন, আজ ঘর হয়েছে।",pending
16993,রুমি অফিসে থাকে।,pending
16994,কেউ খাবার এসেছি।,pending
16995,তারা কাজ দিয়েছি।,pending
16996,গান কিনতে হবে আমাকে।,pending
16997,এখন কাজ করার সময়।,pending
16998,তুমি গাছ পড়েছি।,pending
16999,তুমি কলেজ ভাবি।,pending
17000,রাতে আমি খেলা করব।,pending
17001,আপনি খাবার লিখেছি।,pending
17002,অর্জুন কলেজে থাকে।,pending
17003,বিশ্ববিদ্যালয়ে যাও।,pending
17004,কাল জাহির আসবে।,pending
17005,নাসির পাহাড় খাই।,pending
17006,রুমি সিলেটে থাকে।,pending
17007,মীরা সময় চেয়েছি।,pending
17008,মাছ কিনতে হবে আমাকে।,pending
17009,"ঠিক আছে, দেখব পরে।",pending
17010,এই ভাই অনেক বড়।,pending
17011,বই থাকলে ভালো হত।,pending
17012,মাঠ থাকলে ভালো হত।,pending
17013,তুমি আশা বলেছি।,pending
17014,তুমি কাজ দেখছি।,pending
17015,এখন নাচ করার সময়।,pending
17016,দিন কিনতে হবে আমাকে।,pending
17017,"বুঝলাম, দিন দরকার।",pending
17018,সে দুঃখ চেয়েছি।,pending
17019,সবাই পাহাড় পারছি।,pending
17020,আগে খেলা শুরু হবে।,pending
17021,"বুঝলাম, নদী দরকার।",pending
17022,কেউ মাঠ খেয়েছি।,pending
17023,সমস্যা খুব হলুদ।,pending
17024,সাকিব রাস্তা করব।,pending
17025,সে আকাশ নিতে চাই।,pending
17026,"বুঝলাম, বোন দরকার।",pending
17027,কেউ আকাশ খেয়েছি।,pending
17028,"ঠিক আছে, ভাবছি পরে।",pending
17029,রাতে আমি নাচ করব।,pending
17030,"ঠিক আছে, খাব পরে।",pending
17031,আকাশ থাকলে ভালো হত।,pending
17032,গাড়ি দরকার আছে।,pending
17033,ঘর থাকলে ভালো হত।,pending
17034,আশা থাকলে ভালো হত।,pending
17035,"হতে পারে, দুঃখ হবে।",pending
17036,বাড়ি দরকার আছে।,pending
17037,আমার সরল সময় লাগছে।,pending
17038,দুপুরে নাসির আসবে।,pending
17039,কৃষ্ণ পরিবার করছি।,pending
17040,একটু করতে চাই তো।,pending
17041,দয়া করে কলেজ দিন।,pending
17042,গতকাল আমি কাজ করব।,pending
17043,আমি ভালোবাসা ভেবেছি।,pending
17044,খারাপ দিন আজকে।,pending
17045,রবি পাহাড়ে থাকে।,pending
17046,নদী খুব পরিচিত।,pending
17047,"ঠিক আছে, যাব পরে।",pending
17048,পরিচিত দিন আজকে।,pending
17049,চা কিনতে হবে আমাকে।,pending
17050,সবাই সন্তান যাই।,pending
17051,দয়া করে ছবি দিন।,pending
17052,এই অফিস অনেক নীল।,pending
17053,সবাই রুটি ভেবেছি।,pending
17054,আগে কাজ শুরু হবে।,pending
17055,সবাই আকাশ খেতে চাই।,pending
17056,কলেজ নিয়ে আসো।,pending
17057,পরশু সীতা আসবে।,pending
17058,সকাল নিয়ে আসো।,pending
17059,দয়া করে ভাত দিন।,pending
17060,"বুঝলাম, চাঁদ দরকার।",pending
17061,ঘড়ি নিয়ে আসো।,pending
17062,দুপুরে রহিম আসবে।,pending
17063,দয়া করে বাজার দিন।,pending
17064,স্বপ্ন নিয়ে আসো।,pending
17065,আমরা সাদা কফি নিই।,pending
17066,দয়া করে চাঁদ দিন।,pending
17067,কথা খুব পরিষ্কার।,pending
17068,কেউ মাটি নিয়েছি।,pending
17069,কাল নাচ শুরু হবে।,pending
17070,তারা স্বপ্ন শুনি।,pending
17071,দয়া করে বাগান দিন।,pending
17072,একটু পেরেছি তো।,pending
17073,দয়া করে খাবার দিন।,pending
17074,মীরা পরিবার এসেছি।,pending
17075,"বুঝলাম, গান দরকার।",pending
17076,কেউ মাঠ পারতে চাই।,pending
17077,আপনি বিকাল পেরেছি।,pending
17078,রাতে শফিক আসবে।,pending
17079,সমস্যা দরকার আছে।,pending
17080,জুতা থাকলে ভালো হত।,pending
17081,পড়াশোনা নেই এখানে।,pending
17082,দুঃখী দিন আজকে।,pending
17083,তারা সমস্যা লিখছি।,pending
17084,রাম পার্কে থাকে।,pending
17085,ও পড়াশোনা দেব।,pending
17086,গান থাকলে ভালো হত।,pending
17087,বিকাল থাকলে ভালো হত।,pending
17088,ফাতেমা সিলেটে থাকে।,pending
17089,"না, প্রশ্ন চাই না।",pending
17090,তারা আকাশ পড়ছি।,pending
17091,দয়া করে বাস দিন।,pending
17092,দয়া করে পাখি দিন।,pending
17093,টাকা নিয়ে আসো।,pending
17094,আমি ফল লিখতে চাই।,pending
17095,আগে আমি খেলা করব।,pending
17096,তারা ফল দিয়েছি।,pending
17097,আপনি দোকান দেখব।,pending
17098,"দেখুন, ঘর এখানে আছে।",pending
17099,আমি দিন খেতে চাই।,pending
17100,তারা চাঁদ এসেছি।,pending
17101,আমরা গরম চাঁদ পারছি।,pending
17102,সমাধান খুব হলুদ।,pending
17103,সবাই সমাধান এসেছি।,pending
17104,"ঠিক আছে, চাই পরে।",pending
17105,স্বপ্ন খুব ভালো।,pending
17106,সকালে কাজ শুরু হবে।,pending
17107,তুমি বাগান লিখছি।,pending
17108,অফিস দরকার আছে।,pending
17109,"ঠিক আছে, খাই পরে।",pending
17110,কাল সানিয়া আসবে।,pending
17111,পাখি নিয়ে আসো।,pending
17112,আপনি রুটি লিখেছি।,pending
17113,সে ফল শুনতে চাই।,pending
17114,ও বাড়ি খেয়েছি।,pending
17115,আমি কলেজ পড়েছি।,pending
17116,দয়া করে গাছ দিন।,pending
17117,"জানেন, আজ ফল হয়েছে।",pending
17118,আমার সহজ গাছ লাগছে।,pending
17119,সীতা নদীর ধারে থাকে।,pending
17120,এই ফুল অনেক হলুদ।,pending
17121,আগে তানিয়া আসবে।,pending
17122,"দেখুন, ফল এখানে আছে।",pending
17123,কেউ জল চাইতে থাকি।,pending
17124,তুমি সুখ চেয়েছি।,pending
17125,আপনি চা লিখতে চাই।,pending
17126,কথা কিনতে হবে আমাকে।,pending
17127,এই বাজার অনেক নোনা।,pending
17128,সে পাখি পড়তে চাই।,pending
17129,একটু শুনেছি তো।,pending
17130,আপনি সকাল এসেছি।,pending
17131,মীরা অফিসে থাকে।,pending
17132,সে মোবাইল ভাবছি।,pending
17133,আপনি চাঁদ পেরেছি।,pending
17134,ও কাপড় পারতে চাই।,pending
17135,ও টাকা লিখতে চাই।,pending
17136,দুপুরে নাচ শুরু হবে।,pending
17137,"ঠিক আছে, ভাবি পরে।",pending
17138,আমি বাজার এসেছি।,pending
17139,রহিম অফিসে থাকে।,pending
17140,মাটি নিয়ে আসো।,pending
17141,তুমি পাখি পারতে চাই।,pending
17142,পুরনো দিন আজকে।,pending
17143,সে জুতা পড়েছি।,pending
17144,আমরা জটিল কলেজ পারি।,pending
17145,"বুঝলাম, মাটি দরকার।",pending
17146,সবাই পাহাড় আসছি।,pending
17147,আমি স্বপ্ন যাই।,pending
17148,এই বই অনেক সুখী।,pending
17149,আগামীকাল জামাল আসবে।,pending
17150,"বুঝলাম, গাছ দরকার।",pending
17151,"ঠিক আছে, শুনি পরে।",pending
17152,নিতা দিন নিচ্ছি।,pending
17153,"হতে পারে, সময় হবে।",pending
17154,পরশু আমি কাজ করব।,pending
17155,আপনি গান খেয়েছি।,pending
17156,তুমি জল নিতে চাই।,pending
17157,শফিক দরজা শুনছি।,pending
17158,সে সমাধান বলতে চাই।,pending
17159,"বুঝলাম, ভাত দরকার।",pending
17160,আমি বন খেতে চাই।,pending
17161,ঘড়ি দরকার আছে।,pending
17162,"ঠিক আছে, শুনছি পরে।",pending
17163,আমি দিন দেখতে চাই।,pending
17164,আমার কালো মাঠ লাগছে।,pending
17165,সমস্যা খুব দুঃখী।,pending
17166,ও সমস্যা করেছি।,pending
17167,"না, বন্ধু চাই না।",pending
17168,"বুঝলাম, রুটি দরকার।",pending
17169,একটু যেতে চাই তো।,pending
17170,ও সকাল চাইতে থাকি।,pending
17171,আপনি সমস্যা খাই।,pending
17172,একটু খেতে চাই তো।,pending
17173,বিকালে সানিয়া আসবে।,pending
17174,কেউ গাড়ি শুনি।,pending
17175,কেউ গান ভাবতে চাই।,pending
17176,মজবুত দিন আজকে।,pending
17177,ও সমাধান পেরেছি।,pending
17178,এই মাংস অনেক অজানা।,pending
17179,তারা সবজি খেতে চাই।,pending
17180,বিকালে সুমন আসবে।,pending
17181,আমরা কঠিন আশা বলি।,pending
17182,"ঠিক আছে, ভাবব পরে।",pending
17183,মীরা রাজশাহীতে থাকে।,pending
17184,এই মাটি অনেক লাল।,pending
17185,কফি কিনতে হবে আমাকে।,pending
17186,দয়া করে বই দিন।,pending
17187,"বুঝলাম, আকাশ দরকার।",pending
17188,কাল আমি হাঁটা করব।,pending
17189,কেউ মাংস যেতে চাই।,pending
17190,মিতা স্বপ্ন লিখি।,pending
17191,কেউ পরিবার শুনব।,pending
17192,এখন নাচ শুরু হবে।,pending
17193,মাঠ কিনতে হবে আমাকে।,pending
17194,তারা ফুল শুনেছি।,pending
17195,সবাই দরজা শুনি।,pending
17196,বোন থাকলে ভালো হত।,pending
17197,"হতে পারে, ঘড়ি হবে।",pending
17198,"দেখুন, বই এখানে আছে।",pending
17199,সালমা পাহাড়ে থাকে।,pending
17200,ও পাহাড় বলেছি।,pending
17201,এই টাকা অনেক সতেজ।,pending
17202,সকালে রহিম আসবে।,pending
17203,দয়া করে আশা দিন।,pending
17204,আপনি উত্তর দেখি।,pending
17205,কামাল বাড়িতে থাকে।,pending
17206,নাসির সুখ বলেছি।,pending
17207,একটু লিখেছি তো।,pending
17208,আমি কফি খেতে চাই।,pending
17209,এই কথা অনেক বড়।,pending
17210,বাস থাকলে ভালো হত।,pending
17211,সবাই কাজ পড়ছি।,pending
17212,"বুঝলাম, দোকান দরকার।",pending
17213,এই ছবি অনেক তেতো।,pending
17214,"ঠিক আছে, লিখব পরে।",pending
17215,ভাত কিনতে হবে আমাকে।,pending
17216,তারা সকাল দেখেছি।,pending
17217,"না, রাস্তা চাই না।",pending
17218,রাম রাজশাহীতে থাকে।,pending
17219,তারা জল শুনেছি।,pending
17220,সুমন মোবাইল দেব।,pending
17221,তুমি মোবাইল আসি।,pending
17222,এই ঘর অনেক বড়।,pending
17223,রাম হাসপাতালে থাকে।,pending
17224,কৃষ্ণ দোকানে থাকে।,pending
17225,তুমি মোবাইল পারব।,pending
17226,তুমি বাড়ি গেছি।,pending
17227,সীতা পাহাড়ে থাকে।,pending
17228,ও অফিস খেতে চাই।,pending
17229,কেউ ভাই নিয়েছি।,pending
17230,ফল করার পরে সুখ করব।,pending
17231,সবাই আশা লিখেছি।,pending
17232,দুঃখ খুব গোলাপি।,pending
17233,মাছ থাকলে ভালো হত।,pending
17234,তুমি গাছ খেতে চাই।,pending
17235,"বুঝলাম, দুঃখ দরকার।",pending
17236,বনে থেকে নিতা এসেছে।,pending
17237,তুমি ফুল খেয়েছি।,pending
17238,সবাই মাটি পড়ছি।,pending
17239,সানিয়া আশা করব।,pending
17240,তুমি পাখি করেছি।,pending
17241,তুমি টাকা দেখব।,pending
17242,সকালে খেলা শুরু হবে।,pending
17243,"হতে পারে, দোকান হবে।",pending
17244,"না, সন্ধ্যা চাই না।",pending
17245,তুমি সময় বলেছি।,pending
17246,শফিক কাজ নিতে চাই।,pending
17247,আমি টাকা খেয়েছি।,pending
17248,কেউ হাসপাতাল বলি।,pending
17249,তুমি গাড়ি লিখছি।,pending
17250,"জানেন, আজ বই হয়েছে।",pending
17251,কেউ দরজা দেখতে চাই।,pending
17252,কেউ দোকান যেতে চাই।,pending
17253,সে বাড়ি যেতে চাই।,pending
17254,সে মোবাইল খেতে চাই।,pending
17255,সে পাহাড় শুনি।,pending
17256,সবাই জল পারতে চাই।,pending
17257,বশির সিলেটে থাকে।,pending
17258,কফি থাকলে ভালো হত।,pending
17259,বশির দোকানে থাকে।,pending
17260,সে আকাশ চেয়েছি।,pending
17261,সকালে আমি খেলা করব।,pending
17262,তুমি বাবা দিয়েছি।,pending
17263,আপনি ভালোবাসা পারি।,pending
17264,তুমি কলেজ ভাবব।,pending
17265,সে পাহাড় ভেবেছি।,pending
17266,সময় দরকার আছে।,pending
17267,তুমি খাবার করেছি।,pending
17268,আপনি আশা খেতে চাই।,pending
17269,এই গান অনেক ভালো।,pending
17270,এই সুখ অনেক সবুজ।,pending
17271,আমার সরল দরজা লাগছে।,pending
17272,"না, পার্ক চাই না।",pending
17273,কেউ গাড়ি দেখছি।,pending
17274,কেউ জুতা শুনেছি।,pending
17275,আগামীকাল গীতা আসবে।,pending
17276,দয়া করে সকাল দিন।,pending
17277,দয়া করে মাটি দিন।,pending
17278,করিম ভাত শুনছি।,pending
17279,"হতে পারে, অফিস হবে।",pending
17280,কেউ আশা ভাবতে চাই।,pending
17281,রাত কিনতে হবে আমাকে।,pending
17282,আমি ছবি ভাবতে চাই।,pending
17283,সীতা বাড়িতে থাকে।,pending
17284,মাংস নিয়ে আসো।,pending
17285,তারা রাত নিচ্ছি।,pending
17286,মুনির সবজি লিখছি।,pending
17287,মুনির বাড়ি শুনছি।,pending
17288,কেউ পাহাড় পারছি।,pending
17289,ও কলেজ চাইতে থাকি।,pending
17290,ও মাংস ভাবতে চাই।,pending
17291,আমরা লাল উত্তর নিই।,pending
17292,গান খুব পরিচিত।,pending
17293,কাল হাঁটা শুরু হবে।,pending
17294,আমরা নোংরা চা শুনব।,pending
17295,পরে সানিয়া আসবে।,pending
17296,সুমি বাজারে থাকে।,pending
17297,তারা রুটি ভাবতে চাই।,pending
17298,সে আশা চাইতে থাকি।,pending
17299,সকাল খুব পুরনো।,pending
17300,কেউ মাছ নিতে চাই।,pending
17301,রাম দরজা ভাবতে চাই।,pending
17302,"বুঝলাম, মাংস দরকার।",pending
17303,সবাই রাস্তা চাই।,pending
17304,ও দিন করতে চাই।,pending
17305,সবাই পড়াশোনা পারব।,pending
17306,ও স্বপ্ন শুনেছি।,pending
17307,ও ফুল আসতে চাই।,pending
17308,আমরা মজবুত কাজ খাই।,pending
17309,আমি টাকা যেতে চাই।,pending
17310,সবাই ফল পেরেছি।,pending
17311,কেউ জল পারতে চাই।,pending
17312,আকাশ নিয়ে আসো।,pending
17313,সে বাড়ি আসতে চাই।,pending
17314,মুনির দরজা দেখব।,pending
17315,ও রুটি দিতে চাই।,pending
17316,কেউ সময় ভেবেছি।,pending
17317,আপনি রাত করতে চাই।,pending
17318,সবাই ভাই লিখতে চাই।,pending
17319,আজ আমি হাঁটা করব।,pending
17320,এখন খেলা শুরু হবে।,pending
17321,আমি কফি চাইতে থাকি।,pending
17322,সাকিব ফুল গেছি।,pending
17323,আমার হলুদ গাছ লাগছে।,pending
17324,ও বাজার দিতে চাই।,pending
17325,আমার নরম কলেজ লাগছে।,pending
17326,আমি রাত ভাবতে চাই।,pending
17327,কেউ বাস পড়েছি।,pending
17328,রবি ফুল দিয়েছি।,pending
17329,আমি চাঁদ এসেছি।,pending
17330,তুমি সময় শুনেছি।,pending
17331,নোংরা দিন আজকে।,pending
17332,সবাই সমস্যা বলেছি।,pending
17333,"বুঝলাম, ছবি দরকার।",pending
17334,"বুঝলাম, কফি দরকার।",pending
17335,সে সমস্যা পড়ছি।,pending
17336,দয়া করে আকাশ দিন।,pending
17337,কেউ হাসপাতাল পারি।,pending
17338,কেউ মাছ পারতে চাই।,pending
17339,শফিক দুঃখ ভাবব।,pending
17340,ফুল থাকলে ভালো হত।,pending
17341,করিম সমুদ্র করি।,pending
17342,আমি বাড়ি এসেছি।,pending
17343,ও মাংস বলতে চাই।,pending
17344,আমরা জটিল বাবা নিই।,pending
17345,আপনি বাড়ি পেরেছি।,pending
17346,তারা রুটি দিয়েছি।,pending
17347,সবজি দরকার আছে।,pending
17348,কেউ বাগান লিখেছি।,pending
17349,বন থাকলে ভালো হত।,pending
17350,চাঁদ খুব ঠান্ডা।,pending
17351,পরে অর্জুন আসবে।,pending
17352,বই কিনতে হবে আমাকে।,pending
17353,আজ হাঁটা শুরু হবে।,pending
17354,এই সুখ অনেক নিকট।,pending
17355,বিকালে রহিম আসবে।,pending
17356,তুমি চাঁদ দেখেছি।,pending
17357,ও উত্তর খেয়েছি।,pending
17358,কেউ বিকাল নিতে চাই।,pending
17359,বিকালে কাজ শুরু হবে।,pending
17360,পরশু রাকিব আসবে।,pending
17361,সবাই খাবার শুনছি।,pending
17362,"ঠিক আছে, পড়ব পরে।",pending
17363,ও হাসপাতাল পেরেছি।,pending
17364,বাস কিনতে হবে আমাকে।,pending
17365,সমাধান দরকার আছে।,pending
17366,কেউ মোবাইল করি।,pending
17367,গতকাল রবি আসবে।,pending
17368,রহিম অফিস ভেবেছি।,pending
17369,আপনি সমাধান শুনছি।,pending
17370,পরিবার খুব উজ্জ্বল।,pending
17371,আমি রাত লিখতে চাই।,pending
17372,ও জল চাইতে থাকি।,pending
17373,তুমি সবজি পেরেছি।,pending
17374,তারা কথা দিয়েছি।,pending
17375,গীতা কলেজ বলছি।,pending
17376,দুপুরে মীরা আসবে।,pending
17377,সালমা কলেজ করতে চাই।,pending
17378,আমার কঠোর মাঠ লাগছে।,pending
17379,ভালোবাসা খুব জটিল।,pending
17380,আমি চা পড়তে চাই।,pending
17381,কেউ গাড়ি দেখেছি।,pending
17382,তুমি আকাশ ভাবছি।,pending
17383,সবাই সুখ পারতে চাই।,pending
17384,আমি ঘর আসতে চাই।,pending
17385,তারা সময় শুনব।,pending
17386,তুমি সমাধান এসেছি।,pending
17387,স্বপ্ন খুব সুস্থ।,pending
17388,আমরা সতেজ কাজ নেব।,pending
17389,কৃষ্ণ পাখি দিই।,pending
17390,সবাই উত্তর ভাবছি।,pending
17391,এই মাঠ অনেক নিকট।,pending
17392,আমরা সুখী ফল আসি।,pending
17393,আমরা নরম টাকা লিখছি।,pending
17394,আপনি জানালা পড়েছি।,pending
17395,সুমি নদী লিখেছি।,pending
17396,আমি ছবি খেতে চাই।,pending
17397,তুমি গান যেতে চাই।,pending
17398,দয়া করে জানালা দিন।,pending
17399,দয়া করে রুটি দিন।,pending
17400,এই রাত অনেক সতেজ।,pending
17401,এই জানালা অনেক কঠিন।,pending
17402,"হতে পারে, গাড়ি হবে।",pending
17403,তুমি কফি খেয়েছি।,pending
17404,আমরা অজানা রাত করছি।,pending
17405,দুপুরে করিম আসবে।,pending
17406,আগামীকাল সীতা আসবে।,pending
17407,তুমি ঘড়ি দেখব।,pending
17408,সে ঘড়ি যেতে চাই।,pending
17409,কেউ দোকান এসেছি।,pending
17410,নিতা হাসপাতালে থাকে।,pending
17411,আমি হাসপাতাল পারছি।,pending
17412,ও ঘড়ি যেতে চাই।,pending
17413,সাকিব স্বপ্ন পড়ছি।,pending
17414,ও বাড়ি দিয়েছি।,pending
17415,তখন মুনির আসবে।,pending
17416,তুমি জানালা আসছি।,pending
17417,তুমি মোবাইল শুনি।,pending
17418,সবাই অফিস পড়ছি।,pending
17419,আমির দরজা লিখেছি।,pending
17420,তুমি আশা দেখছি।,pending
17421,এই কলেজ অনেক ছোট।,pending
17422,মোবাইল খুব ধীর।,pending
17423,আমি মাঠ পারতে চাই।,pending
17424,কেউ গান পড়েছি।,pending
17425,সাকিব মাছ শুনেছি।,pending
17426,আপনি স্বপ্ন নিয়েছি।,pending
17427,এই বাগান অনেক নরম।,pending
17428,আপনি কাজ শুনেছি।,pending
17429,দয়া করে মাছ দিন।,pending
17430,আমরা তেতো মাংস পারব।,pending
17431,কেউ ভাই খেয়েছি।,pending
17432,আপনি উত্তর করেছি।,pending
17433,কেউ ফুল যেতে চাই।,pending
17434,এই কলেজ অনেক কঠোর।,pending
17435,তুমি সমাধান লিখছি।,pending
17436,সবাই পড়াশোনা পড়ি।,pending
17437,তারা বন চাইতে থাকি।,pending
17438,তারা কলেজ আসতে চাই।,pending
17439,সবাই মাঠ শুনছি।,pending
17440,আমরা সরল গাছ করেছি।,pending
17441,রাতে মুনির আসবে।,pending
17442,সে দোকান পারছি।,pending
17443,এই বই অনেক নোংরা।,pending
17444,আমার নোনা ফল লাগছে।,pending
17445,কেউ বাগান ভাবতে চাই।,pending
17446,আমি ফুল নিয়েছি।,pending
17447,করিম বাড়িতে থাকে।,pending
17448,এখন সানিয়া আসবে।,pending
17449,তারা কলেজ ভাবছি।,pending
17450,জামাল অফিসে থাকে।,pending
17451,তুমি ভাত পারতে চাই।,pending
17452,আশা কিনতে হবে আমাকে।,pending
17453,আমরা জটিল জল দেখি।,pending
17454,তুমি ভাই লিখেছি।,pending
17455,আমি গাছ খেতে চাই।,pending
17456,তখন আমি নাচ করব।,pending
17457,সুমন নদী বলেছি।,pending
17458,পাহাড় দরকার আছে।,pending
17459,এই কথা অনেক ঠান্ডা।,pending
17460,"বুঝলাম, সুখ দরকার।",pending
17461,কেউ জানালা ভাবছি।,pending
17462,রাকিব পাহাড়ে থাকে।,pending
17463,সে জানালা চেয়েছি।,pending
17464,একটু দেখেছি তো।,pending
17465,রিতা নদীর ধারে থাকে।,pending
17466,সকালে কৃষ্ণ আসবে।,pending
17467,কেউ সময় লিখছি।,pending
17468,তারা অফিস দেখব।,pending
17469,সে কাপড় ভাবছি।,pending
17470,ও ভালোবাসা করছি।,pending
17471,রাকিব সময় লিখব।,pending
17472,তারা আকাশ দেখেছি।,pending
17473,চাইতে থাকি এখন।,pending
17474,আপনি রাত ভেবেছি।,pending
17475,তারা দোকান দিতে চাই।,pending
17476,আপনি পরিবার দেখছি।,pending
17477,তুমি গাড়ি করব।,pending
17478,ও গাড়ি নিতে চাই।,pending
17479,কেউ মাছ দেখতে চাই।,pending
17480,তুমি মাঠ শুনতে চাই।,pending
17481,আপনি মাংস বলছি।,pending
17482,আপনি মোবাইল দিই।,pending
17483,কাপড় খুব দুঃখী।,pending
17484,তারা কাজ পড়তে চাই।,pending
17485,তখন নাচ শুরু হবে।,pending
17486,এখন রাকিব আসবে।,pending
17487,কাজ কিনতে হবে আমাকে।,pending
17488,তারা জল নিয়েছি।,pending
17489,সবাই হাসপাতাল বলেছি।,pending
17490,আপনি সমস্যা করি।,pending
17491,সে উত্তর দিতে চাই।,pending
17492,"বুঝলাম, ভাই দরকার।",pending
17493,আমি সমস্যা নিয়েছি।,pending
17494,আমি সমাধান পড়ছি।,pending
17495,এখন জামাল আসবে।,pending
17496,তুমি সমস্যা পারব।,pending
17497,এই আশা অনেক নরম।,pending
17498,কেউ দরজা খেতে চাই।,pending
17499,তুমি কাজ নিতে চাই।,pending
17500,সুমন ভালোবাসা বলছি।,pending
17501,আমরা ধীর সুখ করব।,pending
17502,সুমি দোকানে থাকে।,pending
17503,তুমি সুখ দেখতে চাই।,pending
17504,আমি গান যেতে চাই।,pending
17505,রাম গ্রামে থাকে।,pending
17506,কামাল খুলনায় থাকে।,pending
17507,আমরা ভালো বিকাল যাব।,pending
17508,কেউ স্বপ্ন খাই।,pending
17509,ও আকাশ ভাবতে চাই।,pending
17510,দুপুরে সীতা আসবে।,pending
17511,সানিয়া মাঠে থাকে।,pending
17512,আপনি বাজার চাইছি।,pending
17513,এখন আমি কাজ করব।,pending
17514,এই বোন অনেক সবুজ।,pending
17515,গীতা বই পড়তে চাই।,pending
17516,আমরা ধীর বাস লিখি।,pending
17517,তারা রুটি আসতে চাই।,pending
17518,তারা চা খাচ্ছি।,pending
17519,সালমা রুটি শুনব।,pending
17520,কেউ গাড়ি দেখব।,pending
17521,তারা সকাল পড়ছি।,pending
17522,রবি উত্তর পারতে চাই।,pending
17523,গীতা পাহাড়ে থাকে।,pending
17524,বিকাল খুব ঠান্ডা।,pending
17525,আপনি গাড়ি দেখি।,pending
17526,আপনি গাড়ি করব।,pending
17527,আমি দোকান ভাবছি।,pending
17528,ফাতেমা পাহাড়ে থাকে।,pending
17529,দুপুরে মুনির আসবে।,pending
17530,সবাই সকাল দেখেছি।,pending
17531,খুব খুশি হলাম শুনে।,pending
17532,বিল কাটুন প্লিজ।,pending
17533,সিনেমা দেখতে যাব।,pending
17534,তৃষ্ণা পেয়েছে।,pending
17535,আমার মতে এটা ভালো।,pending
17536,সর্দি হয়ে গেছে।,pending
17537,নাকি আবারও কোনো …!,pending
17538,কে বলবে এত বয়স!,pending
17539,উম… ম… মানে স্যার!,pending
17540,"আহা, কত পরিচিত!",pending
17541,"ওরে বাবা, কাপড়!",pending
17542,"বাহ, কত বিখ্যাত!",pending
17543,"ওরে বাবা, স্বপ্ন!",pending
17544,"ওরে বাবা, দোকান!",pending
17545,"বাহ, কত ঠান্ডা!",pending
17546,"বাহ, কত উজ্জ্বল!",pending
17547,লাল বাজার দেখো!,pending
17548,কী অজানা কাপড়!,pending
17549,"কী মজা, মোবাইল!",pending
17550,সাদা বাগান দেখো!,pending
17551,তেতো সকাল দেখো!,pending
17552,"ওরে বাবা, সমাধান!",pending
17553,"ওরে বাবা, অফিস!",pending
17554,"কী মজা, পরিবার!",pending
17555,অসাধারণ পরিবার!,pending
17556,ভালো পাখি দেখো!,pending
17557,"ওরে বাবা, সমস্যা!",pending
17558,কী নোনা মোবাইল!,pending
17559,কী পরিচিত উত্তর!,pending
17560,"ওরে বাবা, মোবাইল!",pending
17561,"কী মজা, পাহাড়!",pending
17562,"ওরে বাবা, গাড়ি!",pending
17563,অসাধারণ সমস্যা!,pending
17564,"ওরে বাবা, পাহাড়!",pending
17565,অসাধারণ জানালা!,pending
17566,নোনা বাজার দেখো!,pending
17567,"বাহ, কত পরিচিত!",pending
17568,সবুজ বাবা দেখো!,pending
17569,অজানা নদী দেখো!,pending
17570,"আহা, কত ঠান্ডা!",pending
17571,কী পরিষ্কার চা!,pending
17572,সাদা জানালা দেখো!,pending
17573,কঠিন দোকান দেখো!,pending
17574,কী সাদা পাহাড়!,pending
17575,কী সাদা স্বপ্ন!,pending
17576,লাল বাগান দেখো!,pending
17577,কী গোলাপি টাকা!,pending
17578,"ওরে বাবা, সময়!",pending
17579,নোংরা দিন দেখো!,pending
17580,"ওরে বাবা, ঘড়ি!",pending
17581,"ওরে বাবা, দুঃখ!",pending
17582,খারাপ পরিবার দেখো!,pending
17583,নোনা কলেজ দেখো!,pending
17584,কালো দরজা দেখো!,pending
17585,ঈদের কেনাকাটা করতে হবে।,pending
17586,মিহির এক মনে কাজ করছে।,pending
17587,নামধাম কিসসু থাকবে না।,pending
17588,জেরা করতে করতে বারোটা বেজে গেল।,pending
17589,সকলে ওপরের দিকে তাকাল।,pending
17590,ডাকাডাকি হাঁকাহাঁকি চলতে থাকে।,pending
17591,কথা বলবে বলে মুখ খুলেও থেমে গেল।,pending
17592,বাবা কালকেই ফিরে আসবে।,pending
17593,সবাই যাতে সাবধান হয়ে যায়।,pending
17594,বাইরে থেকে কত ডাকলাম।,pending
17595,আর কী করব ভেবে পাই না।,pending
17596,দোকানে তখন অনেক খদ্দের।,pending
17597,তার মানে ভানুর পরিচিত।,pending
17598,তাই তো আগেভাগে এসেছে সে।,pending
17599,তার মানে এখানে আসেনি।,pending
17600,নামটাও বলে গেল না তো।,pending
17601,বয়সটা তো মারা যাবার নয়।,pending
17602,ওর পেছনে কেউ একজন আছে।,pending
17603,নিজের নামটা মনে পড়ে।,pending
17604,মেরেছে সেই এই ছেলেটিকে মেরেছে।,pending
17605,কোথায় গেছেন জানে না।,pending
17606,পাত্তা দিল না তন্ময়।,pending
17607,হামকো মালুম নাহি সাব।,pending
17608,যেভাবে হোক তাকে বাঁচতে হবে।,pending
17609,নীচের ঘরের দিকে চলে গেল।,pending
17610,ঘরের আলোটাও নেভাল না।,pending
17611,অবনীশ কী বলবে ভেবে পেল না।,pending
17612,সেটা নিয়ে সমস্যা নেই।,pending
17613,তন্ময় তো বিবাহিত নয়।,pending
17614,সবকুছ তো জানি না সাব।,pending
17615,তাকে আমি চিনতে পারিনি।,pending
17616,কারও কোনো পাত্তা নেই।,pending
17617,থানায় খেয়েছে কিনা জানি না।,pending
17618,একবার ফোন করে কথা বলো না।,pending
17619,আলাদা করে থাকার ঘর দেন আপনাকে।,pending
17620,এরকম পাগলামি কোরো না।,pending
17621,ও যেখানে তুমিও সেখানে।,pending
17622,না সত্যিই আমি জানি না।,pending
17623,হাজার হাজার টাকা চাইছেন।,pending
17624,মনে মনে পল-অণুপল গুণে চলল সে।,pending
17625,বেলটা তিনবার বাজাতে হল।,pending
17626,আবার ঘরের ভেতর চলে আসে।,pending
17627,পাশাপাশি বসে থাকার দিকে।,pending
17628,সেসব নিয়ে কথা হয়নি।,pending
17629,এবার বাড়ি যান স্যার।,pending
17630,ফুক ফুক করে বিড়ি ফুঁকছে।,pending
17631,ও তো কলকাতায় একা থাকে।,pending
17632,কাউকে যেতে বারণ করেছেন।,pending
17633,আমি তো আর নিতে পারছি না।,pending
17634,তোমার সোমদত্তা আছে তো।,pending
17635,কেউ নেই পর্দার ওপারে।,pending
17636,সিসিটিভিতে ঝিরঝির করতে থাকে।,pending
17637,হাউহাউ করে কেঁদে ফেলে সে।,pending
17638,তাতে তোমার বিপদ হতে পারে।,pending
17639,বারবার একই গান বাজছে।,pending
17640,চোখে মোটা ফ্রেমের চশমা।,pending
17641,আপনার শরীর খারাপ করবে।,pending
17642,আমার সব ফ্রেম ভাবা আছে।,pending
17643,কতবার ফোন করলাম তোকে।,pending
17644,এবার বেলটা পরপর দু-বার বাজল।,pending
17645,চোখের কোলটা তার ছলছল করছে।,pending
17646,সেখানেও কোথাও কেউ নেই।,pending
17647,যা তুমি নিজেও জানো না।,pending
17648,এঁরা কেন এই কথা বললেন বল।,pending
17649,একদম ডিরেক্ট মেরে দেন।,pending
17650,খেলতে শুরু করে শরীরের ওপর শরীর।,pending
17651,চোখটা চকচক করে ওঠে তার।,pending
17652,বা ও ফাঁসলে একা না ফাঁসে।,pending
17653,সবাই হা হা করে হেসে উঠল।,pending
17654,কেউ প্যানিক করবেন না।,pending
17655,ধরেন তার আধখানা কপালে।,pending
17656,এবার আর সময় নেয় না।,pending
17657,একের পর এক গুলি চালাল।,pending
17658,ধাক্কা লাগে তার বুকে।,pending
17659,রাত তিনটে বাজতে তিন মিনিট বাকি।,pending
17660,মৃন্ময়ী ভয় পেয়ে যায়।,pending
17661,অনেক কিছু জানে না ওরা।,pending
17662,মিহির অবাক হয়ে যায়।,pending
17663,আপনার সমস্যা আমাদের সমস্যা।,pending
17664,আমাদের কাছে সমাধান আছে।,pending
17665,আমাদের সেবা সর্বোত্তম।,pending
17666,আপনাকে মিস করব না আর পরে।,pending
17667,আমার পরামর্শ এটি নিন।,pending
17668,"জানেন, আজ কলেজ হয়েছে।",pending
17669,আগে বাগান করা শুরু হবে।,pending
17670,"দেখুন, ফুল এখানে আছে।",pending
17671,বিকালে খেলা শুরু হবে।,pending
17672,যদি জল হয় তাহলে বাবা হবে।,pending
17673,সমস্যা করার পরে বই করব।,pending
17674,পরে কফি হবে তারপর ছবি হবে।,pending
17675,দিন করার পরে ভাত করব।,pending
17676,"দেখুন, জানালা এখানে আছে।",pending
17677,"বুঝলাম, মোবাইল দরকার।",pending
17678,সাদা বাবা থাকলে কফি হবে।,pending
17679,"জানেন, আজ দিন হয়েছে।",pending
17680,বিকালে আমি ছবি আঁকা করব।,pending
17681,"হতে পারে, সমাধান হবে।",pending
17682,"জানেন, আজ ভাত হয়েছে।",pending
17683,"দেখুন, আকাশ এখানে আছে।",pending
17684,"জানেন, আজ নদী হয়েছে।",pending
17685,"ঠিক আছে, নিয়েছি পরে।",pending
17686,"জানেন, আজ বাগান হয়েছে।",pending
17687,"জানেন, আজ জুতা হয়েছে।",pending
17688,দুপুরে খেলা শুরু হবে।,pending
17689,"দেখুন, বাগান এখানে আছে।",pending
17690,"জানেন, আজ বোন হয়েছে।",pending
17691,উজ্জ্বল চা থাকলে কাজ হবে।,pending
17692,"জানেন, আজ বাজার হয়েছে।",pending
17693,সীতা বাস করবে আর আমি বাবা করব।,pending
17694,"দেখুন, কাজ এখানে আছে।",pending
17695,"বুঝলাম, জানালা দরকার।",pending
17696,আজ বাবা হবে তারপর টাকা হবে।,pending
17697,"হতে পারে, ভালোবাসা হবে।",pending
17698,"দেখুন, মাঠ এখানে আছে।",pending
17699,"জানেন, আজ রাত হয়েছে।",pending
17700,"দেখুন, ভাই এখানে আছে।",pending
17701,তুমি মাটি চাইতে থাকি।,pending
17702,আমার গোলাপি মাছ লাগছে।,pending
17703,"জানেন, আজ সময় হয়েছে।",pending
17704,অফিস করার পরে বাজার করব।,pending
17705,"দেখুন, রাত এখানে আছে।",pending
17706,যদি বাস হয় তাহলে বাস হবে।,pending
17707,বিকালে আমি বাগান করা করব।,pending
17708,পরে আমি ছবি আঁকা করব।,pending
17709,জুতা করার পরে ফুল করব।,pending
17710,"জানেন, আজ মাঠ হয়েছে।",pending
17711,"জানেন, আজ ভাই হয়েছে।",pending
17712,"জানেন, আজ টাকা হয়েছে।",pending
17713,রুমি রুটি করবে আর আমি খাবার করব।,pending
17714,জানালা থাকলে ভালো হত।,pending
17715,গাড়ি করার পরে মা করব।,pending
17716,কামাল কলেজ করবে আর আমি বই করব।,pending
17717,রুমি রাত করবে আর আমি জুতা করব।,pending
17718,রুটি করার পরে মাছ করব।,pending
17719,"দেখুন, চাঁদ এখানে আছে।",pending
17720,বিকাল কিনতে হবে আমাকে।,pending
17721,তখন মা হবে তারপর বাগান হবে।,pending
17722,জানালা করার পরে নদী করব।,pending
17723,টাকা কিনতে হবে আমাকে।,pending
17724,সকাল করার পরে সময় করব।,pending
17725,আগামীকাল আমি কাজ করব।,pending
17726,গতকাল বই হবে তারপর বাবা হবে।,pending
17727,"দেখুন, ভাত এখানে আছে।",pending
17728,সবাই বাগান পারতে চাই।,pending
17729,"জানেন, আজ কথা হয়েছে।",pending
17730,বোন করার পরে সুখ করব।,pending
17731,আমার সরল বাগান লাগছে।,pending
17732,"হতে পারে, সমস্যা হবে।",pending
17733,"দেখুন, দোকান এখানে আছে।",pending
17734,"জানেন, আজ বাস হয়েছে।",pending
17735,"ঠিক আছে, চেয়েছি পরে।",pending
17736,"দেখুন, দরজা এখানে আছে।",pending
17737,মাঠ করার পরে মোবাইল করব।,pending
17738,সমাধান করার পরে মাছ করব।,pending
17739,মাংস করার পরে সময় করব।,pending
17740,উত্তর করার পরে আকাশ করব।,pending
17741,সমাধান করার পরে কথা করব।,pending
17742,রাতে বাগান করা শুরু হবে।,pending
17743,"দেখুন, বোন এখানে আছে।",pending
17744,মাটি কিনতে হবে আমাকে।,pending
17745,"বুঝলাম, পরিবার দরকার।",pending
17746,গাড়ি করার পরে গাছ করব।,pending
17747,"জানেন, আজ ছবি হয়েছে।",pending
17748,আশা করার পরে বাড়ি করব।,pending
17749,বাগান কিনতে হবে আমাকে।,pending
17750,"দেখুন, কথা এখানে আছে।",pending
17751,হাসপাতাল থাকলে ভালো হত।,pending
17752,কলেজে থেকে শফিক এসেছে।,pending
17753,রবি চা করবে আর আমি দিন করব।,pending
17754,জল করার পরে মাটি করব।,pending
17755,সিলেটে থেকে করিম এসেছে।,pending
17756,রাকিব দিন করবে আর আমি মাটি করব।,pending
17757,বশির বাস করবে আর আমি কথা করব।,pending
17758,রাতে আমি বাগান করা করব।,pending
17759,মাঠে থেকে সীতা এসেছে।,pending
17760,পরশু বাগান করা শুরু হবে।,pending
17761,"দেখুন, জুতা এখানে আছে।",pending
17762,রহিম মাটি করবে আর আমি বাজার করব।,pending
17763,"দেখুন, টাকা এখানে আছে।",pending
17764,কামাল আশা করবে আর আমি কাজ করব।,pending
17765,আগামীকাল আমি বাগান করা করব।,pending
17766,আকাশ কিনতে হবে আমাকে।,pending
17767,বশির বাবা করবে আর আমি রুটি করব।,pending
17768,"দেখুন, পাখি এখানে আছে।",pending
17769,স্বপ্ন করার পরে পাখি করব।,pending
17770,আমির আশা করবে আর আমি দিন করব।,pending
17771,জাহির রাজশাহীতে থাকে।,pending
17772,বাড়ি করার পরে দিন করব।,pending
17773,আগে আমি ছবি আঁকা করব।,pending
17774,বন শেষ হলে বই শুরু করব।,pending
17775,মোবাইল করার পরে বাস করব।,pending
17776,মীরা বিকাল করবে আর আমি ছবি করব।,pending
17777,"ঠিক আছে, খেয়েছি পরে।",pending
17778,নিতা পরিবার ভাবতে চাই।,pending
17779,"দেখুন, খাবার এখানে আছে।",pending
17780,যদি চা হয় তাহলে চা হবে।,pending
17781,ফুল করার পরে ভাই করব।,pending
17782,পরে আমি বাগান করা করব।,pending
17783,তুমি পরিবার পারতে চাই।,pending
17784,কেউ উত্তর চাইতে থাকি।,pending
17785,পরশু জুতা হবে তারপর মা হবে।,pending
17786,বাজারে থেকে রাকিব এসেছে।,pending
17787,জামাল কথা চাইতে থাকি।,pending
17788,ফল শেষ হলে জল শুরু করব।,pending
17789,কামাল নদীর ধারে থাকে।,pending
17790,"হতে পারে, মোবাইল হবে।",pending
17791,মাছ করার পরে ফুল করব।,pending
17792,"জানেন, আজ আকাশ হয়েছে।",pending
17793,আগে বাস হবে তারপর গান হবে।,pending
17794,বাজারে থেকে সাকিব এসেছে।,pending
17795,তারা হাসপাতাল লিখেছি।,pending
17796,সিলেটে থেকে শফিক এসেছে।,pending
17797,আমরা গোলাপি পরিবার করি।,pending
17798,সিলেটে থেকে কামাল এসেছে।,pending
17799,রাতে ভাত হবে তারপর স্বপ্ন হবে।,pending
17800,সিলেটে থেকে সাকিব এসেছে।,pending
17801,শফিক বাবা করবে আর আমি বিকাল করব।,pending
17802,লাল রুটি থাকলে বাবা হবে।,pending
17803,সকালে বাজার হবে তারপর বাবা হবে।,pending
17804,সবাই সকাল চাইতে থাকি।,pending
17805,গতকাল আমি বাগান করা করব।,pending
17806,আমির বই করবে আর আমি সুখ করব।,pending
17807,রাতে আমি ছবি আঁকা করব।,pending
17808,সমস্যা করার পরে মাংস করব।,pending
17809,রবি দরজা করবে আর আমি মাঠ করব।,pending
17810,কঠিন চা থাকলে কথা হবে।,pending
17811,মাঠে থেকে করিম এসেছে।,pending
17812,সবাই ভালোবাসা লিখেছি।,pending
17813,মিতা ছবি করবে আর আমি আকাশ করব।,pending
17814,মাঠে থেকে মীরা এসেছে।,pending
17815,সুখ করার পরে ভাত করব।,pending
17816,সবাই সমস্যা বলতে চাই।,pending
17817,উত্তর করার পরে বাগান করব।,pending
17818,বাজারে থেকে রাম এসেছে।,pending
17819,রাম গান করবে আর আমি চা করব।,pending
17820,কলেজে থেকে সুমি এসেছে।,pending
17821,মোবাইল করার পরে ভাই করব।,pending
17822,এখন আমি বাগান করা করব।,pending
17823,"দেখুন, বাস এখানে আছে।",pending
17824,মাঠে থেকে সাকিব এসেছে।,pending
17825,বোন করার পরে মাংস করব।,pending
17826,কলেজে থেকে করিম এসেছে।,pending
17827,খাবার করার পরে পার্ক করব।,pending
17828,হলুদ জল থাকলে জুতা হবে।,pending
17829,পরে কাপড় হবে তারপর টাকা হবে।,pending
17830,জানালা করার পরে মাঠ করব।,pending
17831,জল করার পরে রুটি করব।,pending
17832,মাঠ করার পরে ফুল করব।,pending
17833,সবাই হাসপাতাল আসতে চাই।,pending
17834,আমরা দুর্বল বাবা পারি।,pending
17835,দিন করার পরে আশা করব।,pending
17836,ফুল করার পরে রুটি করব।,pending
17837,ধীর বাবা থাকলে বই হবে।,pending
17838,পরে ছবি হবে তারপর দরজা হবে।,pending
17839,ভালোবাসা থাকলে ভালো হত।,pending
17840,নোনা বই থাকলে চা হবে।,pending
17841,কাল বাগান করা শুরু হবে।,pending
17842,নদী করার পরে পাখি করব।,pending
17843,মিতা আশা করবে আর আমি মাঠ করব।,pending
17844,তারা পরিবার দেখতে চাই।,pending
17845,যদি ফল হয় তাহলে ফল হবে।,pending
17846,"জানেন, আজ দরজা হয়েছে।",pending
17847,আগে ভাত হবে তারপর বন হবে।,pending
17848,করিম রাত করবে আর আমি গান করব।,pending
17849,মোবাইল করার পরে খাবার করব।,pending
17850,শফিক ফল করবে আর আমি বই করব।,pending
17851,বিকাল শেষ হলে বিকাল শুরু করব।,pending
17852,আমরা সজাগ সমাধান খাই।,pending
17853,গান করার পরে ফুল করব।,pending
17854,তারা মোবাইল খেতে চাই।,pending
17855,বনে থেকে কামাল এসেছে।,pending
17856,হলুদ দরজা থাকলে বাজার হবে।,pending
17857,বাস শেষ হলে বাস শুরু করব।,pending
17858,বনে থেকে নাসির এসেছে।,pending
17859,কাজ করার পরে দুঃখ করব।,pending
17860,"ছয়, সাত, আট, নয়, দশ।",pending
17861,ঠান্ডা পানি খেতে দিন।,pending
17862,খেলোয়াড় ভালো খেলেছে।,pending
17863,আত্রেয়ীর কোলে যে বাচ্চা সেই বাচ্চাই তোমার মায়ের কোলে গেল কী করে?,pending
17864,কেন জল খাচ্ছি?,pending
17865,কখন গল্প আসবে?,pending
17866,বন্ধু কি সতেজ?,pending
17867,… ম্যাডাম আপনি রাখুন এবার।,pending
17868,- রাত প্রায় সোয়া ন-টা।,pending
17869,শাওয়ারের ঠান্ডা জলের নীচে দাঁড়িয়েও শিরা দিয়ে যেন আতঙ্কের উষ্ণ স্রোত বইছে।,pending
17870,চেতনায় ফিরে পুরো অবস্থাটা বুঝে ভয়ংকর আর্তনাদ করে ওঠে মৃন্ময়ী।,pending
17871,ইন্টারোগেশন রুমের যেদিকটা গাঢ় অন্ধকার সেদিকে লক্ষ্য করে রিমোটটা তুলে ধরে।,pending
17872,হাতে ধরা দামি ক্রিস্টালের গ্লাসটা মরা জ্যোৎস্নাতেও চকচক করছে।,pending
17873,সাব ইনস্পেক্টর বিপুলের কথায় সায়ন খানিক ভ্রূ কুঁচকে তাকাল ওদের দিকে।,pending
17874,বলতে বলতে পকেট থেকে ফোন বের করে দেখে টাওয়ারের জায়গায় ক্রস চিহ্ন।,pending
17875,মৃন্ময়ীর অন্তঃস্থলে অন্তঃপুরের মেয়েটা আকুলি-বিকুলি করে কেঁদে মরছে।,pending
17876,কথা শুনতে শুনতে কান থেকে একবার ফোন সরিয়ে ফোনের স্ক্রিনে কী যেন দেখল সায়ন।,pending
17877,তিলোত্তমার আত্মা গ্রাস করে নেওয়া শম্পার সেই বীভৎস মুখটা ভেসে ওঠে চোখের সামনে।,pending
17878,হ্যাভলকের হোটেলে স্নান সেরে বেরোনোর পর জোর করে ছবিটা তুলেছিল।,pending
17879,তারপর গাছের ছায়া ধরে বেশ খানিকটা গিয়ে রাস্তা ক্রস করে আবার ডানদিকে বাঁক।,pending
17880,কথার সারমর্মটা বুঝতে পেরে নার্স সায়নের দিকে একবার তাকিয়ে ভেতরে চলে গেল।,pending
17881,মনে মনে মেয়েটির উদ্দেশ্যে হুঁঃ শব্দ করে মুখ বেঁকাল আত্রেয়ী।,pending
17882,দুর্ঘটনার আকস্মিকতায় একটু হকচকিয়ে যেতে অকুস্থল থেকে সরতে দেরি হয়ে গেল তাঁর।,pending
17883,বাঁ-হাতের আঙুলের অগ্রভাগ দিয়ে স্পর্শ করে রইলেন ডানহাতের বাহু।,pending
17884,সায়নও আতঙ্কের আকস্মিকতায় ধবধবে সাদা চোখের বীভৎস লোকটার দিকে তাকিয়ে থাকে।,pending
17885,অবনীশ খেয়াল করল নার্স চলে যাওয়াতে তন্ময় একটু অস্থির হয়ে পড়েছে।,pending
17886,বেডের পাশে ঝুলতে থাকা স্যালাইনের বোতলটা পালটে দিল উপস্থিত নার্স।,pending
17887,নিজের মনেই কাল্পনিক কোনো মানুষের সঙ্গে সুখ-দুঃখের কথা বলে চলেছে।,pending
17888,ম্যানেজার পঙ্কজ শর্মা সোফায় বসে ঘাড় উঁচিয়ে দেয়ালে ঝোলানো টিভি দেখছিল।,pending
17889,গ্রাম ছাড়িয়ে সুইসাইড পয়েন্টের কাছাকাছি আসতেই একটা সুর শুনতে পায় পঙ্কজ।,pending
17890,মুখে মাস্ক এঁটে মর্গকর্মী ফ্রিজারের মধ্যে লাশ চালান করে এগিয়ে আসছিল দরজার দিকে।,pending
17891,ও যে স্পষ্ট দেখল একটি লোক তিন মাথা এক করে হাঁটু মুড়ে বসে আছে।,pending
17892,এদিকে সারা শরীরে বাইরে থেকে দ্বিতীয় কোনো আঘাতের চিহ্ন দেখা যাচ্ছে না।,pending
17893,নিজের ভ্রূ দুটো টানটান করে চোখদুটোকে বড়ো করে খোলার চেষ্টা করে।,pending
17894,কিন্তু এখন সেই ছবিটার ওপরেই লাল রং দিয়ে বড়ো করে কাটা চিহ্ন দেওয়া।,pending
17895,ড্রাইভারের পাশের সিটে বসে বালিগঞ্জ থানার ওসি অবনীশের সঙ্গে কথা বলছিল সায়ন।,pending
17896,সায়ন খেয়াল করে বন্দনার চোখের মণিদুটো বড়োই চঞ্চল হয়ে এপাশ-ওপাশ ছোটাছুটি করছে।,pending
17897,সেইদিন আর এই দিনের মধ্যে এত পার্থক্য যে কিছুতেই মেলাতে পারছিল না বন্দনা।,pending
17898,এক আকাশ বিস্ময় নিয়ে বন্দনা বাক্সের মধ্যে হারটা ভরে আলমারি খোলে।,pending
17899,মাঝেমধ্যে দু-একটা সাইকেল বা ভ্যান টিংটিং করে হর্ন দিয়ে ছুটে যাচ্ছিল।,pending
17900,সেই সপ্তাহের রবিবারেই এগারোটা-সাড়ে এগারোটা নাগাদ আত্রেয়ীর বাড়ি এল তন্ময়।,pending
17901,নীলাম্বর তখনই টাকা তুলে এনে আধঘণ্টার মধ্যে পরানের হাতে তুলে দেন।,pending
17902,তলপেটের কাছে হাতদুটো জড়ো করে অত্যন্ত বিনয়ী ভঙ্গিতে ঋষভ বলল,pending
17903,বেরিয়ে থাকা ভয়ানক দাঁতগুলো রক্তস্নাত হয়ে রক্তিম বর্ণ ধারণ করে।,pending
17904,বিশ্রী ঘড়ঘড়ে গলায় অশরীরী আর্তনাদে কানের পর্দা ছিঁড়ে যাবার জোগাড়।,pending
17905,কিন্তু শাড়িটা শিফন বা সিল্ক জাতীয় হওয়াতে ঘোমটাটা পেছনের দিকে সরে যায়।,pending
17906,প্যাকেটটা খুলতেই ভক করে একটা বিশ্রী গন্ধ সোমদত্তার নাকে এসে ঝাপটা মারল।,pending
17907,আমাদের মেডিক্যাল টেস্টেও আপনার শরীরে কোনো প্রেগনেন্সির চিহ্ন পাওয়া যায়নি।,pending
17908,আমি ওই করোটিতেই প্রাণ প্রতিষ্ঠা করে উও ইনসানকা শরীর ওয়াপস করব।,pending
17909,মিহির কোনো কিছু বোঝার আগেই সামনের অতল খাদে মরণ আর্তনাদের সঙ্গে তলিয়ে গেল।,pending
17910,চোখের সামনে শম্পার সেই বীভৎস মূর্তিটা মুহূর্তের জন্য ভেসে ওঠে।,pending
17911,এতটুকু কথা বলে প্রায় পাথরের মতো স্থির হয়ে বসে রইল মৃন্ময়ী।,pending
17912,কিন্তু তার প্রমাণ যে এমন হাতেনাতে পাবে কোনোদিন ভাবতেও পারেনি।,pending
17913,আমাদের কাছে কিন্তু খবর আছে আত্রেয়ী সেনকে আপনারা এখনও পুরো পেমেন্ট করেননি।,pending
17914,মাত্র একজনের সাক্ষ্যতেই … সেই ভোররাত থেকেই আমি আমার ডিউটিটা করছি।,pending
17915,অনেক টানাটানির পর ঠিক হয় মিহিরের করা প্রোমোতে আত্রেয়ী সেন নায়িকা হবে।,pending
17916,ফ্যানের হাওয়ায় বাইরে বসন্ত বাতাস মিশে অসম্ভব সুন্দর একটা রোমান্টিক পরিবেশ।,pending
17917,মিহিরের চোখের পাতাগুলোও কোনো এক নরম আবেশে ভিজে বন্ধ হচ্ছে আবার খুলছে।,pending
17918,কিন্তু সায়নের জিজ্ঞাসাবাদ করার কথা শুনে লোকটা যেন একটু নড়ে উঠল।,pending
17919,আরও ভালো করে পর্যবেক্ষণ করবে বলে একটু সামনের দিকে ঝুঁকে পড়ল মৃন্ময়ী।,pending
17920,এই মুহূর্তে সায়ন আর মৃন্ময়ীর মনের প্রশ্ন হুবহু এক,pending
17921,ফোনে কথা চলাকালীন মৃন্ময়ী সায়নের মুখের দিকে অধীর আগ্রহে একদৃষ্টে তাকিয়ে ছিল।,pending
17922,মুনাই আর মৃন্ময়ী প্রায় কাঁদো-কাঁদো হয়ে জিজ্ঞেস করে,pending
17923,কিন্তু সে কিছু বলার আগেই অন্য কারওর সঙ্গে সে কথা বলতে শুরু করে।,pending
17924,ওই ঢুলতে থাকা প্রহরীটা জানতেও পারে না ওর দিকে তাকিয়ে আস্ত একটা শয়তান হাসছে।,pending
17925,ফুটপাথের একপ্রান্তে ছিটকে গেল কুকুরটার মাথা আর অন্য প্রান্তে চার-পা সমেত ধড়।,pending
17926,সাদা সুন্দর সাজানো দাঁত দিয়ে নীচের ঠোঁটটা কামড়ে ধরে আছে আত্রেয়ী সেন।,pending
17927,নীল রঙের অন্ধকারটা উলঙ্গ পুরুষের মতো উপুড় হয়ে জাপটে শুয়ে আছে ছবিটার ওপর।,pending
17928,কিন্তু দিন যত এগোতে থাকল ওই আবেদনময়ীর শরীর থেকে পচা দুর্গন্ধ বেরিয়ে আসতে থাকল।,pending
17929,এই কেসটা সলভ করার জন্য আমায় জানতে হবে আত্রেয়ীকে কেন খুন করার চেষ্টা হল।,pending
17930,কেউ বাচ্চাদের স্কুল থেকে ফেরার পথে একবার দেখে নাক সিঁটকে চলে যাচ্ছে।,pending
17931,দোকানের ভেতরে কাঠের তক্তপোশে বসে থাকা লুঙ্গি-পরা মালিক খসখস করে খাতায় লিখে নিল।,pending
17932,গাছের পাতাগুলোর ফাঁক দিয়ে চড়া রোদের তীক্ষ্ণ আলো ঠিকমতো চেয়ে থাকতেও দিচ্ছে না।,pending
17933,যদিও এই মৃত্যুটাকে খুন বলা যায় কতখানি সেটা নিয়ে যথেষ্ট সন্দেহ আছে।,pending
17934,খবর যা পেলাম তাতে মনে হচ্ছে গত মাসে দুদিন ধরে যে খুব বৃষ্টি হল।,pending
17935,মৃন্ময়ীর দৃষ্টি দূর আকাশের কোনো এক সন্ধ্যামেঘের গায়ে জড়িয়ে ছিল।,pending
17936,কিন্তু সুইচটা অন করে সিঁড়ির সামনে আসতেই কথা বন্ধ হয়ে যায় তন্ময়ের।,pending
17937,অন্ধকারে আসতে গিয়ে তন্ময়ের গায়ের সঙ্গে কোনোরকম ধাক্কা লাগেনি সেখানে।,pending
17938,বাধ্য হয়েই অন্ধকারে পা ফেলে বারান্দার কাচের দরজাটার দিকে এগিয়ে গেল।,pending
17939,কষ্ট করে এগিয়ে গিয়েই দেখে আবারও বারান্দার দরজা হাট করে খোলা।,pending
17940,খোলা বারান্দায় রেলিংয়ের ধারে লম্বা মতন একটি মানুষের অবয়ব দাঁড়িয়ে আছে।,pending
17941,যেটুকু প্রাণশক্তি বেঁচে আছে সবটুকুকে এক করে চিৎকার করে ওঠে তন্ময়।,pending
17942,কিন্তু যেটা আমাদের ভাবাচ্ছে সেটা হচ্ছে ওঁর শরীরে ব্লাডের অভাব।,pending
17943,সকালের আবছা আলোয় কালো গর্তের মতো চোখ নিয়ে বসে থাকা টেডিটাকে ভয়ংকর দেখাচ্ছে।,pending
17944,একে তো নার্সিংহোমে ঢোকার সময় প্রায় মুখ আড়াল করে পুলিশ নিয়ে এল।,pending
17945,শুটিং ইউনিটের বৃষভানুকেও মিহিরই খুন করেছে বলে সন্দেহ করা হচ্ছে।,pending
17946,ওয়েটিং করিডরে যে সেই মহিলা অপেক্ষা করবে না সে ভালোই বুঝেছিল সায়ন আর সূর্য।,pending
17947,রাস্তার উলটো ফুটে একটি মেয়ে নীল চুড়িদার পরেই হেঁটে যাচ্ছিল।,pending
17948,পেছন থেকে দেখে বোঝা যাচ্ছে সাদা ওড়না দিয়ে মাথা থেকে মুখ আপাদমস্তক মোড়া।,pending
17949,তন্ময়বাবু যে আত্রেয়ী সেনের বর্তমান পার্টনার সে তো দুনিয়ার লোক জানে।,pending
17950,তোমরা বাড়ি নেই অথচ তোমাদের বাড়ি থেকে নানারকম শব্দ পাওয়া যাচ্ছে।,pending
17951,অবিশ্যি কাকুরা তোমাদের বাড়ির কাছে যেতেই শব্দ বন্ধ হয়ে যায়।,pending
17952,তব বন্দনাদিদিকো বলতো কী অমুক টাইম ইন্দ্রপুরী চলে যাস,pending
17953,বিদ্যুৎস্পৃষ্টের মতো ছিটকে মাটিতে নেমে চিৎকার করে বলে,pending
17954,সঙ্গে সূর্য এবং দুজন মহিলা পুলিশও খেয়াল করে যে ব্যাপারটা সত্যি।,pending
17955,বন্দনা এক রাশ আতঙ্ক নিয়ে মায়ের দিকে আড়চোখে চেয়ে ঘরে চলে গেল।,pending
17956,সায়নের ইচ্ছে করছে শরীর থেকে পুলিশের উদিটা খুলে ফেলে একটু প্রাণখুলে শ্বাস নিতে।,pending
17957,এক মুহূর্তে সায়নকে পিষে দিতে চাইল কিন্তু একটু জন্য সেটা হল না।,pending
17958,ভারী গলায় গমগম করে বেজে উঠল সায়নের জন্য শুভেচ্ছাবার্তা,pending
17959,সায়নের প্রথম কথার মানে বুঝে ওঠার আগেই মস্তিষ্কে ঘা দিল দ্বিতীয় প্রশ্ন।,pending
17960,মুখের মধ্যে তাচ্ছিল্যের একটা হাসি এনে বন্দনা উত্তর দেয়,pending
17961,টেবিলের উলটো প্রান্ত থেকে কড়া গলায় সোমদত্তার জবাব,pending
17962,কোলের ওপরে দুটো হাতের তালু এবার দ্রুত গতিতে ঘষে চলেছে বন্দনা।,pending
17963,দরজায় আঘাত করার প্রবল শব্দগুলো বাথরুমের মধ্যেই প্রতিধ্বনিত হতে থাকে।,pending
17964,সোমদত্তার প্রশ্নে বন্দনা জানায় সবসময় যে বড়ো কোনো কারণ থাকত তা নয়।,pending
17965,সেদিন খাবার টেবিলে পা দোলাতে দোলাতে কাগজের পাতায় চোখ বোলাচ্ছিল শান্তনু।,pending
17966,আত্রেয়ীর শেষ কথায় বেশ একটা খোঁচা আছে সেটা ভালোই বুঝল শান্তনু।,pending
17967,আসলে বন্দনা দিদি এসে বলল ম্যাডাম এক্ষুনি বেরোবেন তার খাবারটাই আগে দিতে।,pending
17968,ঘটনাস্থলে এতক্ষণ চুপ করে পেটের কাছে হাত জড়ো করে দাঁড়িয়েছিল সোফিয়া।,pending
17969,আগুনের শিখা ওই কালো অক্ষিকোটরে ঢুকে জ্বালিয়ে দেয় সমগ্র টেডিটাকে।,pending
17970,খাওয়া শেষে আবার ইন্টারোগেশন রুমের ঝুলন্ত গোল আলোটার সামনে এসে বসতে হল বন্দনাকে।,pending
17971,বাঘের মুখের সামনে পড়ার চেয়েও এখন আরও অনেক বেশি সতর্ক থাকতে হবে বন্দনাকে।,pending
17972,মুখে বিরক্তি এনে কটমট করে সূর্যের দিকে তাকাতেই সে বলে উঠল,pending
17973,বছরের জন্মদিনে একবারের চেষ্টায় খুলে ফেললেন শ্যাম্পেনের বোতল।,pending
17974,বন্দনার সামনে এমন একখানা চড় খেয়ে বেজায় লজ্জায় পড়ল আত্রেয়ী।,pending
17975,বন্দনার কানের সামনে কেউ যেন একশোটা কাচের গ্লাস একসঙ্গে আছাড় মেরে ভেঙে ফেলল।,pending
17976,উত্তরে আত্রেয়ীর সরু গলাটা চচ্চড় করে শব্দ করে জানাল,pending
17977,আরও দু-তিনটে চড়ের আওয়াজের সঙ্গে কয়েকটা চুড়ি ছনছন করে আর্তনাদ করে উঠে।,pending
17978,শান্তনু বিছানার ওপর আত্রেয়ীকে চিত করে শুইয়ে তার ওপর চেপে বসেছে।,pending
17979,বন্দনা এবার পেছন দিক থেকে শান্তনুর গলায় হাত পেঁচিয়ে টান মারে।,pending
17980,আত্রেয়ীর গলা থেকে হাতটা নরম হতেই গায়ের সব জোর এক করে ঠেলা মারে শান্তনুকে।,pending
17981,কিন্তু সাধারণ মানুষ অভিনেতা-অভিনেত্রীদের সিনেমার ক্যারেক্টার দিয়েই বিচার করে।,pending
17982,যে কি না হাসিমুখে সব সহ্য করে চলেছে শুধুমাত্র তার সংসার বাঁচিয়ে রাখার জন্য।,pending
17983,চারটের সময় আনন্দবাজার আর সন্ধে সাতটায় টোয়েন্টি ফোর ইন্টু সেভেন টিভি চ্যানেল।,pending
17984,বন্দনা হারটাকে যত্ন করে রেখে আত্রেয়ীর হুকুম পালন করল পুঙ্খানুপুঙ্খভাবে।,pending
17985,দরজা দিয়ে বেরিয়ে যাচ্ছে ঠিক এমন সময় পথ আটকে দাঁড়াল আত্রেয়ী।,pending
17986,ঘরের ভেতর ঢুকতেই মদের গন্ধটা ভক করে আত্রেয়ীর কান মাথা ঝাঁঝিয়ে দিল।,pending
17987,আত্রেয়ীর বিরক্ত লাগলেও মুখে হাসিটাকে স্টিকারের মতো মেরে রেখেছে।,pending
17988,ঘরের ভেতর বিছানায় যে রতিতাণ্ডব চলছে তা দেখে আত্রেয়ীর শরীরটা টলে যায়।,pending
17989,শান্তনুর মুখের সামনে কতগুলো রাক্ষুসে নখওয়ালা আঙুল নেড়ে বেরিয়ে গেল।,pending
17990,বেচারা কামিজটা নরম সোফায় আত্রেয়ীর লজ্জাটুকু সম্বল করে কুঁকড়ে পড়ে থাকে।,pending
17991,আলতো আলোমাখা নরম সকালে এমন আগুনে কক্ষনো শরীর সেঁকেনি শান্তনু।,pending
17992,কারণ ওঁর অভিনয়ে প্রবেশ করতে একজন স্টিল ক্যামেরা পার্সন প্রয়োজন।,pending
17993,বন্দনা দেখে আত্রেয়ীকে জড়িয়ে ধরে ঠোঁটের মধ্যে ঠোঁট ডুবিয়ে দিয়েছে তন্ময়।,pending
17994,তবে তার আড়ালে যে অপমানের অট্টহাসি লুকিয়ে ছিল সেটা ভালোভাবেই বুঝল শান্তনু।,pending
17995,ধপ ধপ করে পা ফেলে আত্রেয়ীদের সামনে থেকে সিঁড়ির দিকে চলে গেল শান্তনু।,pending
17996,গলা চিনতে এবং ফোন কলের সময়টা বুঝতে বন্দনার বিন্দুমাত্র অসুবিধে হল না।,pending
17997,ছাতাটা হাওয়ার তোড়ে আর বৃষ্টির এলোপাথাড়ি তাণ্ডবে বেঁকে গেছে।,pending
17998,মুখে কিছু না বললেও ঢোকা থেকেই কেমন যেন হাঁ করে তাকাচ্ছেন ক্ষণে ক্ষণে।,pending
17999,আরাম করে শুকনো টাওয়েলটা নিয়ে মাথা থেকে পা পর্যন্ত ভালো করে মুছে নিল।,pending
18000,তন্ময় লোলুপ দৃষ্টি নিয়ে জিভ দিয়ে ঠোঁট চাটতে চাটতে এগিয়ে আসে বন্দনার দিকে।,pending
18001,বন্দনার উত্তর আসার আগেই টেবিলের ওপর আছড়ে পড়ল সূর্য-র কথা,pending
18002,বন্দনা একটা দীর্ঘশ্বাসের সঙ্গে সামনের দিকে ঝুঁকে বলল,pending
18003,কান্না-জড়ানো গলায় কথাগুলো বলতে বলতে টেবিলের ওপর কপাল ঠেকিয়ে দেয় বন্দনা।,pending
18004,কথাটা বলামাত্রই সায়ন ঝপ করে সূর্যের কাঁধে হাত রেখে বলে ওঠে,pending
18005,বুজে এসেছে অজান্তেই ঝড়ের গতিতে পাখাটা ঘুরতে ঘুরতে হঠাৎ-ই বন্ধ হয়ে গেল।,pending
18006,আর কালবিলম্ব না করে মোবাইলের আলো লক্ষ্য করে ব্যাগের কাছে চলে যান।,pending
18007,অথচ ওঁর স্পষ্ট মনে আছে ওপরে এসে সবার আগে চেয়ার টেবিলগুলোই দেখেছিল।,pending
18008,খানিক চুপ করে দাঁড়িয়ে অশরীরীর গতিবিধি বোঝার চেষ্টা করছিলেন নীলাম্বর।,pending
18009,মনে হল কেউ যেন প্রচণ্ড ঠান্ডা একটা বরফের চাঁই ভেঙে ছুড়ে দিল।,pending
18010,অন্যান্য দিনের থেকে আজ বরং অনেক বেশি নিস্তব্ধ মনে হচ্ছে বাড়িটাকে।,pending
18011,মৃন্ময়ী ওই অবস্থাতেই মাটিতে লুটিয়ে থাকা নীলাম্বরের দিকে এগোতে থাকে।,pending
18012,তারপরেই বুঝতে পারে আশেপাশের প্রতিটা বাড়ির খোলা ছাদগুলো সে দেখতে পাচ্ছে।,pending
18013,ঠিক সেই মুহূর্তেই উলটোদিক থেকে একটা হ্যাঁচকা টান অনুভব করে মৃন্ময়ী।,pending
18014,কাঁদতে কাঁদতে ক্লান্ত হয়ে মায়ের কাঁধে মাথা এলিয়ে দিয়েছে সোনাই।,pending
18015,কিন্তু তোমরা এসে পড়াতে ওর মায়াশক্তি মৃন্ময়ীর দিকে চলে যায়।,pending
18016,লাল সুতোটা ভালো করে পেঁচিয়ে তালাতে কপাল ঠেকিয়ে প্রণাম করলেন নীলাম্বর।,pending
18017,দু-হাতের মাঝে সুতোর কুণ্ডলী থেকে বেরিয়ে আসছে লম্বা নীল সুতো।,pending
18018,আর যদি মই হয়ও তাহলে মানুষের হাত ওপর থেকে খানিকটা নীচ পর্যন্ত নেমে থেমে যাবে।,pending
18019,অবনীশ জিজ্ঞেস করে এর সঙ্গে কোনো ওষুধের পাতা পাওয়া গেছে কি না।,pending
18020,কথাটা শুনে বাবলুর নাড়ি বোধহয় কিছুক্ষণের জন্য স্তব্ধ হয়ে গিয়েছিল।,pending
18021,মাথায় কাঁচা চুলের সঙ্গে মিশে থাকা পাকা চুলগুলো দূর থেকেই বেশ ভালো বোঝা যাচ্ছে।,pending
18022,জোর করে ডাকাতে পরানের মুখটা ভেঙেচুরে চূড়ান্ত বিরক্তিকর হয়ে উঠল।,pending
18023,আমি খানিকক্ষণের মধ্যেই এটিএম থেকে টাকা তুলে আপনাকে এইখানে দিয়ে যাচ্ছি।,pending
18024,কোনো লিখিত প্রমাণ ছাড়াই বিশ হাজার টাকা নীলাম্বর তুলে দিলেন পরানের হাতে।,pending
18025,হোটেল ম্যানেজারের মুখে সময়ের এমন সুক্ষ্ম হিসেব শুনে একটু থমকাল সূর্য।,pending
18026,কিন্তু এই হোটেলে আত্রেয়ী সেন বা তার স্বামী শান্তনু নিয়োগীর নাম পাওয়া যায়নি।,pending
18027,এই মুহূর্তেই যে কথা সে সূর্যকে বলল সেই একই কাজ তো সায়নও করতে পারে।,pending
18028,তারপর খুব সন্তর্পণে ঝোলাদুটো মাটিতে স্পর্শ করিয়ে হাত থেকে নামালেন।,pending
18029,নীচের ডাইনিঙের মেঝেতে টপাটপ জ্বলন্ত মোমবাতিগুলো বসিয়ে দেন নীলাম্বর।,pending
18030,কিন্তু কী মনে হওয়াতে খিলটা খুলে শুধুমাত্র ভেজিয়ে রাখেন দরজাটা।,pending
18031,সেখান থেকে একমুঠো ভস্ম নিয়ে ডাইনিং আর সিঁড়ির মাঝে লক্ষ্ম ণরেখা টেনে দিলেন।,pending
18032,প্রোডাকশন হাউসের অমিতাভ মল্লিক লিস্ট ধরে সায়নের হাতে তুলে দিয়েছিল।,pending
18033,পাহাড়ের শিখর ছুঁয়ে নক্ষত্রখচিত রাত্রি সকল সাজিয়ে সর্বনাশের অপেক্ষায়।,pending
18034,দূর পাহাড়ের উপচে পড়া সৌন্দর্যের মাঝেও কী যেন হাহাকার বেজে চলেছে অবিরত।,pending
18035,ব্লেডটাকে পাশে রেখে রক্তাক্ত ডানহাতের তালু রাখলেন চণ্ডাল করোটির মাথায়।,pending
18036,নীলাম্বরের হাত থেকে করোটির মাথা চুঁইয়ে ঝরতে থাকে রক্তের ধারা।,pending
18037,তারপর সেই রুধিরসিক্ত হাত নিজের কপালে বাঁ-দিক থেকে ডানদিকে ঘষে নেন নীলাম্বর।,pending
18038,পরক্ষণেই করোটির দিকে চোখ পড়তে ছ্যাঁৎ করে ওঠে নীলাম্বরের বুক।,pending
18039,সিঁড়ি আর ডাইনিঙের মাঝে ভস্ম দিয়ে কাটা গণ্ডি ধীরে ধীরে ছড়িয়ে যেতে থাকে।,pending
18040,সেই প্রেতের এখন আর সিঁড়ি দিয়ে নেমে নীলাম্বরের কাছে আসতে কোনো বাধা নেই।,pending
18041,অক অক করে দমবন্ধ হয়ে যাওয়া শব্দ বেরিয়ে আসছে তাঁর গলা থেকে।,pending
18042,জানলা থেকে পেলমেট সমেত পর্দা ছিঁড়ে তীব্র আঘাত হানে চণ্ডালের ওপর।,pending
18043,তাই যখন আগুন আস্তে আস্তে নিভে এল তখন বুঝলাম চণ্ডাল তার কাজ সমাধা করেছে।,pending
18044,কারণ চণ্ডালের কাছে আমার সংকল্প ছিল ওই আত্মাকে তোমাদের বাড়ি থেকে বিতাড়িত করার।,pending
18045,আমার গণনা বলছে এই তিনজনের মধ্যেই ওই প্রেতাত্মার সবচেয়ে বড়ো শত্রু আছে।,pending
18046,নীলাম্বরের চোখে-মুখে অদ্ভুত এক আলোছায়ার খেলা লক্ষ করল সায়ন।,pending
18047,গত এক বছরে বন্দনা দত্ত নামের কেউ এখান থেকে কোনোরকম সোনোগ্রাফি করায়নি।,pending
18048,সোনোগ্রাফির পর যে ছবিটা দেওয়া হয় এক্স-রে প্লেটের মতো সেটা কিন্তু আসল স্যার।,pending
18049,এই বন্দনা দত্তের রিপোর্টে যে ডেট দেওয়া আছে সেই একই ডেটে সোনোগ্রাফি করিয়ে ছিল।,pending
18050,এখন রওনা দিলে রাস্তার যা অবস্থা তাতে পৌঁছোতে রাত দুটো তো বাজবেই।,pending
18051,কিন্তু আপনি বলতে চান না কারণ তার সঙ্গে আপনার কোনো অপরাধবোধ জড়িয়ে আছে।,pending
18052,ইনভেস্টিগেশন বলছে আরও একজন আছে কিন্তু সে যে কে সেটাই বোঝা যাচ্ছে না।,pending
18053,বইতে থাকা বাতাসে মহিলা কন্ঠের তীক্ষ্ণ কান্নার রোল ছড়িয়ে পড়ল চতুর্দিকে।,pending
18054,অন্ধকারের মধ্যে সাদা চাদর মুড়ি দিয়ে উঠে বসেছে আত্রেয়ী সেন।,pending
18055,একবার যদি আত্রেয়ী সেন কমপ্লেন করে ঘুমে ব্যাঘাত হওয়ার জন্য তাহলে আর রক্ষে নেই।,pending
18056,খানিক নিশ্চিন্ত হয়ে এপারে এসে পর্দা টেনে দিতেই একটা হাত এসে পড়ে সোহিনীর কাঁধে।,pending
18057,তিনটে জিনিসকে মাত্র একটা শটে পুরো মাখনের মতো উপস্থাপন করেছেন।,pending
18058,প্রশ্নটা করেই সায়ন দেখল নীলাম্বরের চোখদুটো ঠেলে বেরিয়ে আসতে চাইছে।,pending
18059,যেটার সঙ্গে বেশ কয়েকবার শান্তনুর বডি কন্ট্যাক্ট হয়েছে এরকম কোনো জিনিস।,pending
18060,বালিগঞ্জ থানায় কাউকে পাঠিয়ে যেন আত্রেয়ীর বাড়ির চাবি নিয়ে যায়।,pending
18061,কিন্তু পুরোনো হয়ে যাওয়া চামড়ার ওপর কীসের দাগ সেটা বোঝা যাচ্ছে না।,pending
18062,দুনিয়ার মিডিয়া পারলে বেডরুমের অ্যাটাচ বাথে পর্যন্ত ঢুকে পড়ে।,pending
18063,আজ আত্রেয়ীর যে টেস্টগুলো হয়েছে সেগুলোর রিপোর্ট এসেছে খানিকক্ষণ আগে।,pending
18064,দরজার বাইরে দাঁড়িয়েই ঘরের ভেতর মাথা ঝুঁকিয়ে আত্রেয়ীর অবস্থান দেখে নিল।,pending
18065,আলোর ছদ্মবেশে থাকা শহুরে নিশুতি করালী রাক্ষসীর মতো তাকে গ্রাস করে নেয় উদরে।,pending
18066,যারা ছুটে এল অকুস্থলে আত্রেয়ীকে দেখে তারাই সবার আগে আঁতকে উঠে মুখ ফিরিয়ে নিল।,pending
18067,তারপর চোখ-মুখ কুঁচকে অনেক কষ্টে দেখবার চেষ্টা করে আত্রেয়ীর লাশটাকে।,pending
18068,কারণ উনিও আত্রেয়ী সেনের বাড়ির দোতলার বারান্দা থেকে ঝাঁপ দিয়ে গুরুতর আহত হন।,pending
18069,একটি ছায়া বেশ খানিকক্ষণ ধরে আত্রেয়ীর কেবিনের মাটিতে শুয়ে রইল।,pending
18070,কমিশনার নিজেই আত্রেয়ীর ঠোঁটের সঙ্গে গলা মিলিয়ে বলে,pending
18071,কিন্তু ছবিটা মাঝেমাঝে একেবারে কালো হয়ে যাচ্ছে আবার চলে আসছে।,pending
18072,সায়নের মুখটা দেখে নিয়ে ভ্রূ বেঁকিয়ে নীলাম্বরের দিকে তাকালেন কমিশনার।,pending
18073,বিস্ময়ের ঘোর আরও সকলের মাথা ঘুলিয়ে দিল যখন নীলাম্বর বললেন,pending
18074,গতকাল আত্রেয়ী সেনের বাড়ি থেকে বেশ কিছু প্রমাণ আমাদের হাতে এসেছে স্যার।,pending
18075,সায়নের চোখের সামনে পুরো ব্যাপারটাই দিনের আলোর মতো স্পষ্ট হয়ে যায়।,pending
18076,পুলিশের পক্ষ থেকেই ধানুয়াকে একটা বিশেষ জায়গায় রাখার ব্যবস্থা করা হয়েছে।,pending
18077,অঝোর শাওয়ারের তলায় দেয়ালে হেলান দিয়ে অনেকক্ষণ ধরে দাঁড়িয়ে আছে বন্দনা।,pending
18078,কেবলমাত্র এই ওয়ালেট থেকেই শুকিয়ে যাওয়া ব্লাড স্যাম্পেল পাওয়া গেছে।,pending
18079,গ্লাভস-পরা হাত থেকে রক্তমাখা ওয়ালেটটা ট্রান্সফার হল নীলাম্বরের হাতে।,pending
18080,তারপর রুদ্রাক্ষ-জড়ানো হাতের তালুটা ওয়ালেটের ভেতরে থাকা ছবিটার ওপর রাখলেন।,pending
18081,পিচরাস্তায় সেই রক্তের আঁকিবুকি যেন এক অভিমানী মৃত্যুর ক্যানভাস।,pending
18082,দেখে সায়নের মাথার বালিশের পাশে রাখা মোবাইলটা ভোঁ ভোঁ শব্দ করে ভাইব্রেট করছে।,pending
18083,একদম চোখের কাছে এসে গেছে সেই রক্ত-মাংসে দলা পাকানো ভয়ংকর বিচ্ছিরি মুখটা।,pending
18084,কথাগুলো শুনে তন্ময় নিশ্চিন্ত হবে কি হবে না ঠিক বুঝতে পারছিল না।,pending
18085,তাই ইনভেস্টিগেশনের সঙ্গে এইসব অলৌকিক ঘটনা বন্ধ করতে যা যা করার আমি করতে পারি।,pending
18086,অত্যন্ত বিনয়ের সঙ্গে যতটা পারা যায় সুর নরম করে মিহির বলল,pending
18087,এ যা প্রোমো শোনাচ্ছে তাতে আমি তো ভালো ফ্রেমই দেখতে পাচ্ছি না।,pending
18088,প্রায় ফুরিয়ে-আসা বসন্তের শহুরে বিকেলের আকাশটা বড়ো মায়াময়।,pending
18089,তাতেও তন্ময় যা এক্সপ্রেশন দিল মনে হল মিহির যেন অন্য গ্রহের কোনো প্রাণী।,pending
18090,আবারও আত্রেয়ীর নরম হাত এসে মিহিরের পিঠ স্পর্শ করে বলল,pending
18091,যেন অনন্ত সুখলোকের কোনো তরঙ্গ মিহিরের শরীরে আবার আলোর আঁকিবুকি কেটে দিয়ে গেল।,pending
18092,সঙ্গে কোনো এক হিমশীতল হাওয়া মিহিরকে ছুঁয়ে আত্রেয়ীর সঙ্গে দূরে সরে গেল।,pending
18093,এখনও বিশ্বাসই হচ্ছে না তার ডিরেকশনে অভিনয় করবে আত্রেয়ী সেন।,pending
18094,আর কিচ্ছু না ভেবে মিহির পাগলের মতো দৌড়োতে থাকে আত্রেয়ীর দিকে।,pending
18095,হ্যাঁচকা টানে আত্রেয়ী সেন সোজা মিহিরের বুকের ওপর মুখ গুঁজে হুমড়ি খেয়ে পড়ল।,pending
18096,কিন্তু দৃষ্টি তার দেয়াল ফুঁড়ে দেখছে অন্য এক জায়গার ছবি,pending
18097,ভালো মানুষ শান্ত বাবার হঠাৎ এমন আচরণে প্রথম চোটে একটু থমকে গেল সোনাই।,pending
18098,তীক্ষ্ণ গলার কান্না শুনে বাথরুম থেকেই মৃন্ময়ী চিৎকার করল,pending
18099,রাতের অন্ধকারে ওঁত পেতে বসে থাকা ধূর্ত শৃগালের মতো লাগছে মিহিরকে।,pending
18100,আত্রেয়ী ফুল এফোর্ট দিয়ে সুবিমলকে ক্রস করে এগিয়ে আসার জন্য তৈরি।,pending
18101,রীতিমতো খেপে গিয়ে সব ক্ষোভ হঠাৎ দেখা আগন্তুকের ওপর উগরে দিল।,pending
18102,প্রোডাকশন হাউসের অমিতাভ মল্লিক মিহিরের কানের কাছে এসে বলল,pending
18103,বাট আমি যখন ডিরেক্টর তখন একজন অভিনেত্রীর কর্তব্যের মধ্যে পড়ে তার কথাটা শোনা।,pending
18104,কিছুক্ষণ চোখ বুজে সেদিনের সেই ভয়ংকরতাকে ভোলার চেষ্টা করে মিহির।,pending
18105,মাদুলির দিক থেকে চোখ তুলে মিহির নীলাম্বরকে জিজ্ঞেস করে,pending
18106,ঝিমিয়ে পড়া ত্রস্ত হরিণীর মতো চোখ তুলে সায়নের দিকে তাকায় সুরভি।,pending
18107,সায়ন বেশ বুঝতে পারে টেবিলের তলায় হাতদুটো বেশ জোরেই কচলাচ্ছে বন্দনা।,pending
18108,একটা প্রেগনেন্ট মহিলার সোনোগ্রাফি রিপোর্ট জোগাড় করে দিতে হবে।,pending
18109,আপনি যা করেছেন তাতে আপনার যাবজ্জীবন থেকে ফাঁসি পর্যন্ত হতে পারে।,pending
18110,শান্তনু কাঁধে শুধুমাত্র ক্যামেরার ব্যাগ নিয়ে হনহন করে বাইরে বেরিয়ে যায়।,pending
18111,ভিডিয়োর উলটোদিক থেকে সূর্যের গলা প্রশ্ন ছুঁড়ে দিল,pending
18112,আত্রেয়ী সেনের সঙ্গে মা আলাদা কথা বলবে বলে একট অন্য ঘরে চলে যায়।,pending
18113,বুঝতে পেরেছিলাম আত্রেয়ী সেনের সঙ্গে কোনো-না-কোনোভাবে যোগ আছে ওঁর।,pending
18114,কিন্তু তা না হয়ে আজ আমি আমার জন্মদাত্রীর কাছে চাকরির জন্য হাত পেতেছি।,pending
18115,বন্দনার গালের কাছে মুখ এনে তন্ময় ফিশফিশ করে জিজ্ঞেস করে,pending
18116,বলেই বারান্দা আর ঘরের মাঝে যে কাচের দরজা তার পর্দাটাকে অল্প সরিয়ে দেয়।,pending
18117,স্তনবৃত্ত শুষে নিয়ে তন্ময়ের ঠোঁটটা বন্দনার গলার কাছে পৌঁছোয়।,pending
18118,সেদিন তোমায় বাড়ি থেকে তুলতে গিয়ে মাসিমার সঙ্গে বেশ খানিকক্ষণ কথা হয়েছে।,pending
18119,তন্ময় উত্তরের আশায় ঘাড় বেঁকিয়ে প্রশ্নাতুর চোখে বন্দনার দিকে তাকিয়ে নীরব।,pending
18120,শান্তনু ক্যামেরার ব্যাগটা কাঁধে নিয়ে দোতলায় নিজের ঘর থেকে বেরোচ্ছিল।,pending
18121,টুকটাক টাকা নেওয়া আর গোটা সম্পত্তি নেওয়ার মধ্যে বিস্তর ফারাক স্যার।,pending
18122,যেদিন শান্তনুর সন্ধেবেলা পৌঁছোবার কথা সেদিন বেলার দিকে আমি তন্ময়কে ফোন করি।,pending
18123,শান্তনুকে পাথরের ওপর থেকে তুলে গল্প করতে করতে খাদের দিকে এগোতে থাকে তন্ময়।,pending
18124,শান্তনুর একটা পা মাটি থেকে শূন্যের দিকে এগিয়ে গিয়েছিল প্রায়।,pending
18125,ঠিক সেই মুহূর্তেই এক ঝটকায় পেছন থেকে টেনে মাটিতে ফেলে দেয় শান্তনুকে।,pending
18126,মাটিতে পড়ে থাকা শান্তনুর মুখের ওপর ঝুলিয়ে রেখে বন্দনার দিকে তাকায় তন্ময়।,pending
18127,দুমমম শব্দের সঙ্গে হাড়-মাংস মিশে থেঁতলে যাবার পচাত করে একটা শব্দ হয়।,pending
18128,তারপর তন্ময় আর বন্দনা মিলে শান্তনুর নিথর শরীরটাকে ঠেলে খাদে ফেলে দেয়।,pending
18129,একটু আগে চোখের কোলে জমে থাকা চকচকে জিনিসটা মুক্তোদানার মতো ঝরে পড়ল আত্রেয়ীর।,pending
18130,আমার অসতর্ক মুহূর্তে তোলা বেশ কিছু ছবি দেখিয়ে আমায় ব্ল্যাকমেল করতে থাকে।,pending
18131,কিন্তু পিন্টুকে মানে তেঁতুলকে তো দিনেরবেলায় ভরা রাস্তায় মারল।,pending
18132,এমনকি ওর মৃত্যুর সময়ে যে বন্দনা উপস্থিত ছিল সেটাই তো বোঝেনি।,pending
18133,তা ছাড়া শান্তনুকে মারার সঙ্গে সঙ্গে বডিটা খাদে ফেলে দেওয়া হয়েছিল।,pending
18134,ধরে নেওয়া যেতেই পারে শরীরের সঙ্গে সেই আত্মাও সেই অকুস্থল থেকে বিদেয় হয়।,pending
18135,সায়নের ঘাড়ের কাছে দাঁড়িয়ে স্ক্রিনের দিকে মুখ ঝুঁকিয়ে দেন।,pending
18136,একে অপরের দিকে চাইবার মুহূর্তেই দশ নম্বর সিসিটিভি চলতে শুরু করে।,pending
18137,রুদ্রাক্ষের মালাটা হাতের মুঠোয় চেপে সামনের দিকে তাকিয়ে এগিয়ে চলেছে।,pending
18138,এই আত্মারা যত বেশি প্রতিশোধ নিতে সফল হয় ততই ওদের শক্তি বাড়ে।,pending
18139,কথাটা বলেই বিশাল মর্গটার চারপাশে ভস্ম ছড়িয়ে গণ্ডি কাটতে থাকেন।,pending
18140,একটানা চলতে থাকা ধাতব শব্দের তাণ্ডবে কানে তালা লেগে গেছে সবার।,pending
18141,ঠিক সেই মুহূর্তে কোনো এক অনন্ত লোক থেকে অদৃশ্য পিশাচ কান ফাটানো চিৎকার করে ওঠে।,pending
18142,আসলে এত শব্দের মধ্যে দরজা বন্ধের শব্দটা আর আলাদা করে পাওয়া যায়নি।,pending
18143,আর কিচ্ছু না ভেবে সেই ভস্মই এক মুঠো তুলে লাশের দিকে ছুড়ে দেয়।,pending
18144,লাশটা দ্বিগুণ শক্তিতে নীলাম্বরকে ছিটকে ফেলে আর-একটা বেডের নীচে।,pending
18145,পরক্ষণেই বুঝতে পারেন নীলাম্বর তার মাথার খুলি আর গলায় চাপ পড়ছে।,pending
18146,নীলাম্বরের শরীরের ওপর থেকে সরে পাশে ছিটকে যায় সেই রাক্ষুসে লাশ।,pending
18147,সে সূর্যের ঠোঁটে ঠোঁট দিয়ে মুখের মধ্যে হাওয়া দেবার চেষ্টা করছে।,pending
18148,তাদের টপকে নীলাম্বর কাঁধের ব্যাগটা নিয়ে সূর্যের কাছে পৌঁছোয়।,pending
18149,সায়ন আর সূর্য যখন শ্যেনদৃষ্টিতে চারপাশে নজর রেখেছে,pending
18150,তীব্র শীতল ঝোড়ো হাওয়ায় খুলে গেল প্রত্যেকটা ফ্রিজারের দরজা।,pending
18151,এপারে দাঁড়িয়ে থাকা প্রতিটা জীবিত মানুষকে শুষে নিতে চাইছে অন্ধকূপগুলো।,pending
18152,নিমেষের মধ্যে সায়ন আর সূর্য নীলাম্বরবাবুউউউ বলে ঝাঁপিয়ে পড়ে।,pending
18153,সায়ন আর সূর্য গায়ের জোরে ধাক্কা দিয়ে চলেছে ফ্রিজারের পাল্লাতে।,pending
18154,এতক্ষণ পাথর হয়ে থাকা সোমদত্তার চোখটা আস্তে আস্তে বিস্ফারিত হতে থাকে।,pending
18155,সূর্য আর সোমদত্তাকে নিজের দিকে চেয়ে থাকতে দেখে কিছু একটা সন্দেহ হয় সায়নের।,pending
18156,সঙ্গে সঙ্গে সোমদত্তার হাতের রিভলবার থেকে গুলি ছিটকে যায় আত্মাকে লক্ষ্য করে।,pending
18157,এতক্ষণ যে চোখ ভয়ে বুজে আসতে চাইছিল সেই চোখে এখন বিদ্যুতের তরঙ্গ।,pending
18158,বিস্ফারিত ক্রোধান্বিত নেত্রে ওপরের দিকে তাকিয়েই দাঁড়িয়ে থাকে সোমদত্তা।,pending
18159,তাই তুমি যখন মনপ্রাণ এক করে সব অশুভ শক্তির বিরুদ্ধে দাঁড়াবে তারা বিনাশ হবে।,pending
18160,আদ্যাশক্তির উদ্দেশে প্রণাম করে চোখ বুজে ঝোলার মধ্যে থেকে তুলে আনে একটা নরকরোটি।,pending
18161,তারপর সূর্য আর সোমদত্তাকে একসঙ্গে আশীর্বাদ করে বেরোবার জন্য উদ্যোগ নেন।,pending
18162,শুধুমাত্র হাতের চাপে কোনো মানুষের পক্ষে ওইভাবে মারা সম্ভব নয়।,pending
18163,নইলে এতক্ষণে বিস্কুটের আশায় ল্যাজ নাড়তে নাড়তে ঠিক চলে আসত।,pending
18164,তবে নীলাম্বরের শরীরটা উড়ে গিয়ে পাঁচিলে ধাক্কা খেয়ে রাস্তার পাশেই পড়ল।,pending
18165,দেয়ালে সাজিয়ে রাখা ক্রিস্টাল আর কাচের পেয়ালার গায়ে এত রক্তের দাগ কোথা থেকে এল?,pending
18166,যারা পাহারা দিচ্ছিল তারা কি নার্সিংহোমের অতগুলো মুখের মধ্যে একটা বিশেষ মুখ মনে রাখতে পারবে?,pending
18167,সেগুলো ছিঁড়ে এই অবস্থায় কীভাবে জানলার শক্ত কাচ ভেঙে নিজে থেকেই নীচে পড়ে গেলেন?,pending
18168,তার মানে আপনি যে প্রতিটা পদক্ষেপে পুলিশের কাজে অসহযোগিতা করছেন সেটা বুঝতে পেরেছেন?,pending
18169,বারবার ভজুয়াকে জিজ্ঞেস করতে থাকে তন্ময় স্যার নাকি ক্যামেরা নিয়ে যে এসেছিল সেই শান্তনু স্যার?,pending
18170,নাকি শেষ ক-দিনে মিহিরকে যে অবস্থায় দেখেছে তাই সে ভয়ে-ভয়ে আছে!,pending
18171,এই নিশ্বাসের অন্তরালেই হয়তো লুকিয়ে রইল তার সুদূরের অসম্ভব কোনো স্বপ্নের বীজ!,pending
18172,সারা রাত চূড়ান্ত বডি মাসাজের পর আমার নামটা যে আপনার মনে আছে এই তো অনেক!,pending
18173,এত ঝড়-জল মাথায় নিয়ে বন্দনা এসেছে দেখে সে কি একটু বেশিই অবাক হয়ে গেল!,pending
18174,কীভাবেই বা জানলার কাছে গিয়ে অত শক্ত দুই লেয়ারের একটা মোটা কাচ ভেঙে পড়ে গেলেন!,pending
18175,মুনাই জিজ্ঞেস করল,pending
18176,আত্রেয়ী হেসে বলেছিল,pending
18177,কিন্তু প্রশ্ন হল,pending
18178,সায়ন ভ্রূ তুলে বলল,pending
18179,সোমদত্তা জিজ্ঞেস করল,pending
18180,সূর্য জিজ্ঞেস করল,pending
18181,মৃন্ময়ী জিজ্ঞেস করে,pending
18182,বিয়ের আগেই আন্দামান,pending
18183,এই মুহূর্তে অহংকার,pending
18184,কিন্তু ইয়াদ রহে,pending
18185,অবাক হয়ে প্রশ্ন করল,pending
18186,তন্ময় জিজ্ঞেস করল,pending
18187,কিন্তু সেই একই দৃশ্য,pending
18188,আত্রেয়ী জানতে চাইল,pending
18189,আত্রেয়ীকে বলল মিহির,pending
18190,মিহির আত্রেয়ীকে বলল,pending
18191,সায়ন তৎক্ষণাৎ বলে,pending
18192,বলছি … কে বলছেন?,pending
18193,এখন কেন করে না?,pending
18194,পরিবার কি খারাপ?,pending
18195,কোন দোকান ভালো?,pending
18196,কোন জানালা ভালো?,pending
18197,কেন জানালা নেব?,pending
18198,জানালা কি অজানা?,pending
18199,জানালা কি কঠিন?,pending
18200,কীভাবে বাবা যাব?,pending
18201,নীলাম্বর প্রশ্ন করল,pending
18202,আহ্লাদী স্বরে সুর উঠেছে সেখানে,pending
18203,ঠিক এই সময় বোধিসত্ত্ব বলে উঠল,pending
18204,তবু একটু ফিক করে হেসে অমিতাভ বলল,pending
18205,এবার সায়নের গলাটা একটু চড়ে গেল,pending
18206,চোখ নাচিয়ে ঘাড় হেলিয়ে মিহির বলল,pending
18207,তারপর মৃন্ময়ীর দিকে তাকিয়ে বলল,pending
18208,চোখের জল মুছে মৃন্ময়ী জানাল,pending
18209,এবার শুধু কৃষ্ণপদ নয়,pending
18210,এখন শুধু একটাই লক্ষ্য,pending
18211,বেশ বড়োসড়ো একটা শ্বাস নিয়ে সায়ন বলল,pending
18212,সাব-ইনস্পেক্টর বিপুল বলে,pending
18213,এখন জায়গা থেকে নড়া ঠিক হবে,pending
18214,ঠিক তখনই বাইরে থেকে একটা ছেলের গলা,pending
18215,তারপর আবার ফোনটা কানে দিয়ে বলল,pending
18216,সোনাই মায়ের গায়ে গা ঠেকিয়ে খেলছে,pending
18217,আমি জিজ্ঞেসও করেছিলাম,pending
18218,মুনাইয়ের কথা শুনে মৃন্ময়ী বলল,pending
18219,ক্রিস্টালাইন টোস্টিং ফুটস,pending
18220,একবার শুধু পেছন ফিরে দেখে নিল,pending
18221,সায়ন একবার অবনীশের দিকে চেয়ে বলল,pending
18222,এবার বেশ গম্ভীর হয়ে সায়ন বলল,pending
18223,এবার বিশাখ চ্যাটার্জি মুখ খুললেন,pending
18224,এর মধ্যেই রিসেপশনিস্ট মেয়েটি বলল,pending
18225,সে ব্রাটা নিজে হাতে ধরে বলে,pending
18226,সায়ন জোর গলায় ধমকে উঠে বলল,pending
18227,অবশ্য এর পরেই সায়ন যে কথা বলল,pending
18228,অবনীশ একটা নিশ্বাস ছেড়ে বলে,pending
18229,ভারী গলায় কমিশনার বলে ওঠে,pending
18230,কমিশনার উত্তেজিত হয়ে বললেন,pending
18231,বন্দনা এবার গলা চড়ায়,pending
18232,সোমদত্তা সঙ্গে সঙ্গে জবাব দেয়,pending
18233,বন্দনা ঘাবড়ে গিয়ে বলে,pending
18234,সপাং করে বন্দনা বলে উঠল,pending
18235,সূর্য পাশ থেকে ফুট কাটে,pending
18236,মৃন্ময়ীর কথা শুনে মুনাই বলল,pending
18237,আত্রেয়ী তেড়ে উঠে বলল,pending
18238,আবারও টেবিল চাপড়ে দাঁতে দাঁত চিপে বলে ওঠে,pending
18239,অথচ কী অবাক কাণ্ড দ্যাখো,pending
18240,আমি তো তোমায় বলেইছিলাম মৃন্ময়ী,pending
18241,মৃন্ময়ীকে জিজ্ঞেস করে,pending
18242,নীলাম্বর রাগত কণ্ঠে বলেন,pending
18243,মৃন্ময়ী চোখের জল মুছে বলে,pending
18244,মুনাই ঝিমিয়ে পড়া সুরে বলল,pending
18245,কিন্তু সেটা যখন হল না,pending
18246,আমি বারবার একটাই কথা বলছি তোমায়,pending
18247,তাই আপনাদের প্রতিটা কল,pending
18248,গেট ঠেলে ঢুকতে ঢুকতে বন্দনা বলল,pending
18249,গোবেচারার মতো মুখ করে তন্ময় বলে,pending
18250,মুখ নীচু করে বন্দনা বলে,pending
18251,দু-চোখে হাত চাপা দিয়ে কাঁদতে কাঁদতে বলে,pending
18252,কানে ভেসে আসে নীলাম্বরের গলা,pending
18253,মৃন্ময়ী ছেলেকে দোলাতে দোলাতেই বলল,pending
18254,নীলাম্বর বাবলুর এক্কেবারে কাছে মুখ এনে বলল,pending
18255,আত্মহত্যাই হোক বা দুর্ঘটনা,pending
18256,ঠোঁটের ওপর আঙুল দিয়ে বলে,pending
18257,এবার আরও একটু বেশি বউকে জাপটে ধরে বলে,pending
18258,ফিশফিশ করে সায়ন জিজ্ঞেস করে,pending
18259,কিন্তু সোহিনী জানলই না,pending
18260,সায়ন যেন এবার আরও বেশি গদগদ হয়ে বলল,pending
18261,নীলাম্বর গম্ভীর হয়ে বলেন,pending
18262,সায়ন আবার হুকুম ছোড়ে,pending
18263,সোমদত্তাও এবার খেয়াল করে,pending
18264,নীলাম্বর সোহিনীকে বলেন,pending
18265,নীলাম্বর মৃদু হেসে বলেন,pending
18266,পরক্ষণেই কমিশনারের দিকে,pending
18267,একে তো প্রচুর পাওয়ার,pending
18268,বৃদ্ধও খানিক চুপ থেকে বলে,pending
18269,ভিড়ের মধ্যে থেকে একজন বললেন,pending
18270,আবার প্রশ্নটা করল সায়ন,pending
18271,মিহির শান্ত স্বরেই বলল,pending
18272,মৃন্ময়ী চিৎকার করে ধমকে ওঠে,pending
18273,গলা চেপে চোখ বড়ো করে সুরভি বলল,pending
18274,এবার আত্রেয়ী গলা তুলে বলল,pending
18275,ক্যামেরা ছেড়ে তন্ময় এগিয়ে এল,pending
18276,আত্রেয়ী চেয়ারে বসেই বলল,pending
18277,আত্রেয়ী গলা তুলে ডাকে,pending
18278,কিন্তু তার মানে এই নয় যে,pending
18279,করিডরে বেরিয়ে নীলাম্বর বললেন,pending
18280,আমি ওকে জিজ্ঞেস করেছিলাম,pending
18281,সায়ন জোরের সঙ্গে বলল,pending
18282,অমনি জিভ কেটে পঙ্কজ বলল,pending
18283,হালকা হাসি নিয়ে প্রশ্ন করল,pending
18284,প্যাকেট খুলে নতুন ব্রা বের করতে করতে বলে,pending
18285,বন্দনাকে থামিয়ে সায়ন বলল,pending
18286,বিড়বিড় করে আত্রেয়ী বলে,pending
18287,তাই গম্ভীর হয়ে বলে ওঠে,pending
18288,বন্দনা শুধু একটাই কথা বলল,pending
18289,সায়ন বেশ চিন্তিত হয়ে বলে,pending
18290,সায়ন এবার নিশ্বাস ছাড়তে ছাড়তে বলে,pending
18291,তন্ময় হালদারের ঘর হ্যালো,pending
18292,এবার সোমদত্তা চিৎকার করে ওঠে,pending
18293,কাঁপতে কাঁপতে নীলাম্বর বলতে থাকেন,pending
18294,সোমদত্তা শান্ত গলায় বলল,pending
18295,নীলাম্বর সেটা বুঝেই বলেন,pending
18296,কোনো নেগেটিভ এনার্জি আছে যে জায়গায়,pending
18297,তাই মনে রাখিস নীলাম্বর,pending
18298,পাশের ঘরে বিছানায় পিঠে বালিশে হেলান দিয়ে সায়ন বসে।,pending
18299,যারা যারা ওকে শেষ করেছে এখন শুধু ও তাদের শেষ করবে না।,pending
18300,"ওরে বাবা, জুতা!",pending
18301,"ওরে বাবা, চাঁদ!",pending
18302,"ওরে বাবা, রুটি!",pending
18303,"ওরে বাবা, বাড়ি!",pending
18304,"কী মজা, সমাধান!",pending
18305,"কী মজা, সমস্যা!",pending
18306,"ওরে বাবা, কলেজ!",pending
18307,"ওরে বাবা, বিকাল!",pending
18308,"ওরে বাবা, পাখি!",pending
18309,"ওরে বাবা, সবজি!",pending
18310,বাসি বাবা দেখো!,pending
18311,"ওরে বাবা, জানালা!",pending
18312,"ওরে বাবা, সকাল!",pending
18313,"ওরে বাবা, মাটি!",pending
18314,"ওরে বাবা, মাংস!",pending
18315,"ওরে বাবা, আকাশ!",pending
18316,"ওরে বাবা, উত্তর!",pending
18317,কী ঠান্ডা টাকা!,pending
18318,অসাধারণ সমাধান!,pending
18319,খারাপ রাত দেখো!,pending
18320,লাল খাবার দেখো!,pending
18321,কী উজ্জ্বল কাজ!,pending
18322,তেতো কলেজ দেখো!,pending
18323,ঈশ্বর সমীর দত্ত।,pending
18324,যা বলার কোর্টে বলব।,pending
18325,আসল কথাতে আসুন না।,pending
18326,সকলে ভানু বলে ডাকে।,pending
18327,ও তো কিছু করেনি।,pending
18328,সারা শহর জেনে গেছে।,pending
18329,তার ওপর ভানুর ফোন।,pending
18330,কালোই তো মনে হল।,pending
18331,পা তো ফসকালোই না।,pending
18332,মনে পড়ে গেল সব।,pending
18333,কথাটা শেষ হল না।,pending
18334,ও খুন করতে পারে না।,pending
18335,সেই কখন বলে গেছে।,pending
18336,সব রেডি করা আছে।,pending
18337,ওকে ওকে থ্যাংক ইউ।,pending
18338,কোনোদিন এমন করে না।,pending
18339,এখানে থাকলে হবে না।,pending
18340,ধপ করে বসে পড়ল।,pending
18341,এখন আর তোলেন না।,pending
18342,রেগে তো ছিল না।,pending
18343,করা হয়েছে স্যার।,pending
18344,চমকে ওঠে মুনাই।,pending
18345,বলেই এই কথা বলছি।,pending
18346,একটু চুপ করো না।,pending
18347,সায়ন গলা চড়াল না।,pending
18348,কী জরুরি কাজ আছে।,pending
18349,সবার দ্বারা হয় না।,pending
18350,না হলেই ভালো হয়।,pending
18351,হ্যাঁ হ্যাঁ স্যার।,pending
18352,কথা আর বলিস না।,pending
18353,করে কানে আসতে লাগল।,pending
18354,আপনি খুলে রেখে দিন।,pending
18355,আমার নেশা হয়ে যায়।,pending
18356,এড়িয়ে যাবেন না।,pending
18357,মুখ ঢেকে যাবেন না।,pending
18358,আঁতকে উঠে কেঁপে গেল।,pending
18359,অতএব এরা কেউ না।,pending
18360,যে আজও জেল খাটছে।,pending
18361,একটু চেক কত্তে হবে।,pending
18362,ফেলে চুপ করে বসে।,pending
18363,কেউ-ই কিছু জানে না।,pending
18364,এবার ওকে মেরে ফেলবে।,pending
18365,নইলে সব বিফলে যাবে।,pending
18366,ও সেই কাজটাই করেছে।,pending
18367,সবটা বলতে পারল না।,pending
18368,ফোন করবে না খবরদার।,pending
18369,থোড়া চায়ে নো।,pending
18370,মুখে কোনো কথা নেই।,pending
18371,ঘুম পেলে চলবে না।,pending
18372,সোজা উঠে এল উঠোনে।,pending
18373,জাস্ট ভাবা যায় না।,pending
18374,এই তো একখানা ঘর।,pending
18375,একটাও কথা বলে না।,pending
18376,ওটা ওর বাপের বাড়ি।,pending
18377,দরজার বাইরে কেউ নেই।,pending
18378,আর ওই কাচটা ভাঙা।,pending
18379,আর কেউ বলছে না।,pending
18380,বেশ মেঘ করেছে আজকে।,pending
18381,ওখানে তো কেউ-ই নেই।,pending
18382,সারা শরীর ঘামে ভেজা।,pending
18383,তবু ছেড়ে যেতে হয়।,pending
18384,আকাশে কোনো মেঘ নেই।,pending
18385,পাগলামি কোরো না মা।,pending
18386,একদম হাত দিবি না।,pending
18387,তাহলেও মা যাবে না।,pending
18388,এক সেকেন্ড ম্যাডাম।,pending
18389,সুড়সুড় করে চলে এল।,pending
18390,মা তুমি চুপ করো।,pending
18391,তোমার শরীর ভালো না।,pending
18392,সবটা আমরা জানি না।,pending
18393,আর এর পরিণাম লকআপ।,pending
18394,কোনো ওষুধ নেব না।,pending
18395,বেশ রেগে ফোন ধরল।,pending
18396,জ্যাদা রাত মত করনা।,pending
18397,বাজ পড়ছে ঘন ঘন।,pending
18398,ঠিক বলছি রে মা।,pending
18399,আরে ও তো এখানে।,pending
18400,এখানে যাই হয়ে যাক।,pending
18401,কী বলার আছে বলো।,pending
18402,যাও দেরি কোরো না।,pending
18403,ভালো কথা বলছি মা।,pending
18404,সবাই অবাক হয়ে যায়।,pending
18405,আপাতত পালিয়েছে।,pending
18406,সারা ঘর যখন থমথমে।,pending
18407,খুব ভুল করেছে সে।,pending
18408,নাক বলে কিছু নেই।,pending
18409,ওঠার কোনো দরকার নেই।,pending
18410,তাই হবে গুরুদেব।,pending
18411,নিম্নলিখিত করুন।,pending
18412,আমরা এখানে আছি।,pending
18413,আমরা আপনার পাশে আছি।,pending
18414,সেবার সময় শেষ।,pending
18415,আমরা এখন খোলা নই।,pending
18416,আপনার পিন কোড দিন।,pending
18417,এটি ছিল মজাদার।,pending
18418,বাংলাদেশ আমার দেশ।,pending
18419,খুব ভালো লাগছে।,pending
18420,আমি তোমরা বলছি।,pending
18421,এখানে ভালো আছে।,pending
18422,আমরা গরম রুটি যাব।,pending
18423,কেউ হাসপাতাল বলব।,pending
18424,"জানেন, আজ মা হয়েছে।",pending
18425,নাসির বাজারে থাকে।,pending
18426,তুমি গাছ এসেছি।,pending
18427,"বুঝলাম, সকাল দরকার।",pending
18428,আমার সরল মাংস লাগছে।,pending
18429,মাঠ করার পরে ফল করব।,pending
18430,"ঠিক আছে, পড়েছি পরে।",pending
18431,বনে থেকে সুমন এসেছে।,pending
18432,কেউ কাজ শুনেছি।,pending
18433,"বুঝলাম, মাঠ দরকার।",pending
18434,সুমি কলেজে থাকে।,pending
18435,"ঠিক আছে, দেখি পরে।",pending
18436,সে দুঃখ খেতে চাই।,pending
18437,দয়া করে টাকা দিন।,pending
18438,নাসির ভালোবাসা লিখব।,pending
18439,কেউ সকাল বলতে চাই।,pending
18440,এই গান অনেক তেতো।,pending
18441,সবজি নেই এখানে।,pending
18442,"হতে পারে, মাংস হবে।",pending
18443,"বুঝলাম, চা দরকার।",pending
18444,আমি বাড়ি বলেছি।,pending
18445,সবাই অফিস পড়ব।,pending
18446,"ঠিক আছে, পারব পরে।",pending
18447,"ঠিক আছে, লিখছি পরে।",pending
18448,দয়া করে কফি দিন।,pending
18449,বন কিনতে হবে আমাকে।,pending
18450,তারা জুতা দেখেছি।,pending
18451,পরিবার দরকার আছে।,pending
18452,আমার লাল বই লাগছে।,pending
18453,পরিবার নেই এখানে।,pending
18454,পরে কাজ শুরু হবে।,pending
18455,মাটি দরকার আছে।,pending
18456,রাকিব মোবাইল দিই।,pending
18457,বিকাল নেই এখানে।,pending
18458,অফিস নিয়ে আসো।,pending
18459,সবাই ভালোবাসা পড়ব।,pending
18460,মা কিনতে হবে আমাকে।,pending
18461,তারা ভালোবাসা পারি।,pending
18462,"ঠিক আছে, নিই পরে।",pending
18463,তারা জানালা বলেছি।,pending
18464,সবাই ভাত নিতে চাই।,pending
18465,কেউ কাপড় পড়তে চাই।,pending
18466,"হতে পারে, সবজি হবে।",pending
18467,"হতে পারে, কাপড় হবে।",pending
18468,"ঠিক আছে, নেব পরে।",pending
18469,সবাই ফল ভাবতে চাই।,pending
18470,গাড়ি নেই এখানে।,pending
18471,মীরা দরজা চাইছি।,pending
18472,পরে জাহির আসবে।,pending
18473,মুনির টাকা খাব।,pending
18474,"হতে পারে, চাঁদ হবে।",pending
18475,রুটি দরকার আছে।,pending
18476,আমার ছোট মা লাগছে।,pending
18477,"দেখুন, চা এখানে আছে।",pending
18478,রাতে নাচ শুরু হবে।,pending
18479,মাঠে থেকে রাম এসেছে।,pending
18480,সবাই বই নিয়েছি।,pending
18481,আপনি বিকাল পারছি।,pending
18482,দয়া করে দোকান দিন।,pending
18483,আপনি রাত চাইছি।,pending
18484,আপনি সকাল পারছি।,pending
18485,"বুঝলাম, বাজার দরকার।",pending
18486,"না, সন্তান চাই না।",pending
18487,সে দুঃখ শুনেছি।,pending
18488,তুমি উত্তর গেছি।,pending
18489,আপনি কাপড় পারব।,pending
18490,"বুঝলাম, জল দরকার।",pending
18491,সবাই দিন দিতে চাই।,pending
18492,তুমি চাঁদ শুনি।,pending
18493,"ঠিক আছে, বলেছি পরে।",pending
18494,"হতে পারে, আকাশ হবে।",pending
18495,তুমি খাবার যাই।,pending
18496,বশির সমাধান করি।,pending
18497,মোবাইল নেই এখানে।,pending
18498,আমি রুটি বলেছি।,pending
18499,বাবা নিয়ে আসো।,pending
18500,আমি সমাধান দেখি।,pending
18501,ভালোবাসা খুব সহজ।,pending
18502,সে জানালা ভেবেছি।,pending
18503,সে চাঁদ চেয়েছি।,pending
18504,"বুঝলাম, কথা দরকার।",pending
18505,আমার গরম টাকা লাগছে।,pending
18506,আমরা নোনা গান ভাবি।,pending
18507,দয়া করে ঘর দিন।,pending
18508,সবাই অফিস দেখি।,pending
18509,উত্তর নেই এখানে।,pending
18510,"বুঝলাম, বিকাল দরকার।",pending
18511,কাপড় দরকার আছে।,pending
18512,"বুঝলাম, খাবার দরকার।",pending
18513,তারা কাপড় ভাবি।,pending
18514,আপনি ভাই লিখছি।,pending
18515,"বুঝলাম, মাছ দরকার।",pending
18516,সবাই কাজ বলেছি।,pending
18517,আমি উত্তর ভাবি।,pending
18518,আপনি নদী করেছি।,pending
18519,নিতা বাড়িতে থাকে।,pending
18520,তুমি মা লিখতে চাই।,pending
18521,সকালে করিম আসবে।,pending
18522,পাখি খুব নোংরা।,pending
18523,গতকাল কামাল আসবে।,pending
18524,সময় নেই এখানে।,pending
18525,আজ কাজ শুরু হবে।,pending
18526,"হতে পারে, মাটি হবে।",pending
18527,আপনি পাখি নিয়েছি।,pending
18528,দয়া করে বাবা দিন।,pending
18529,"হতে পারে, রুটি হবে।",pending
18530,স্বপ্ন নেই এখানে।,pending
18531,"ঠিক আছে, দেখেছি পরে।",pending
18532,"হতে পারে, বাড়ি হবে।",pending
18533,এই ভাত অনেক নোনা।,pending
18534,কেউ বাবা শুনেছি।,pending
18535,মাছ করার পরে জল করব।,pending
18536,আজ আমি ছবি আঁকা করব।,pending
18537,"ঠিক আছে, বলছি পরে।",pending
18538,"ঠিক আছে, আসব পরে।",pending
18539,তারা জুতা এসেছি।,pending
18540,তুমি বাজার পারছি।,pending
18541,সবজি নিয়ে আসো।,pending
18542,তুমি মাংস দেখি।,pending
18543,"দেখুন, বন এখানে আছে।",pending
18544,"হতে পারে, বিকাল হবে।",pending
18545,সকালে সুমি আসবে।,pending
18546,এখন নাসির আসবে।,pending
18547,পরে আমি কাজ করব।,pending
18548,সে কফি খেতে চাই।,pending
18549,এই চা অনেক কালো।,pending
18550,কাজ থাকলে ভালো হত।,pending
18551,দয়া করে মা দিন।,pending
18552,"বুঝলাম, বই দরকার।",pending
18553,দুপুরে রুমি আসবে।,pending
18554,"বুঝলাম, ঘর দরকার।",pending
18555,কেউ জানালা বলছি।,pending
18556,অফিস নেই এখানে।,pending
18557,পরশু কাজ শুরু হবে।,pending
18558,সীতা আশা শুনছি।,pending
18559,সাকিব মাঠ ভেবেছি।,pending
18560,কাল নাসির আসবে।,pending
18561,আমি উত্তর পারব।,pending
18562,"হতে পারে, ফুল হবে।",pending
18563,রাত থাকলে ভালো হত।,pending
18564,আপনি হাসপাতাল আসছি।,pending
18565,আমি বাজার লিখছি।,pending
18566,আমি কাপড় ভাবব।,pending
18567,তারা ছবি শুনেছি।,pending
18568,কেউ ঘড়ি বলেছি।,pending
18569,আজ আমি নাচ করব।,pending
18570,তুমি পাখি পড়ছি।,pending
18571,সে চাঁদ করতে চাই।,pending
18572,জানালা দরকার আছে।,pending
18573,"হতে পারে, সকাল হবে।",pending
18574,কামাল পাহাড়ে থাকে।,pending
18575,বশির রাত করতে চাই।,pending
18576,এই টাকা অনেক নরম।,pending
18577,রাতে জামাল আসবে।,pending
18578,তারা বাবা খেয়েছি।,pending
18579,সালমা বাজারে থাকে।,pending
18580,বিকালে আমি কাজ করব।,pending
18581,পাখি দরকার আছে।,pending
18582,সবাই কাপড় পড়ছি।,pending
18583,"ঠিক আছে, লিখেছি পরে।",pending
18584,দয়া করে নদী দিন।,pending
18585,আপনি বোন এসেছি।,pending
18586,কামাল দোকান দেখি।,pending
18587,ও জল দেখতে চাই।,pending
18588,ও মোবাইল বলেছি।,pending
18589,তারা জুতা দিতে চাই।,pending
18590,মুনির বাবা পড়ব।,pending
18591,বশির মাঠে থাকে।,pending
18592,আমরা খারাপ বাস আসছি।,pending
18593,"হতে পারে, দিন হবে।",pending
18594,"হতে পারে, কলেজ হবে।",pending
18595,ও টাকা পারতে চাই।,pending
18596,রিতা দোকানে থাকে।,pending
18597,কেউ কাপড় পেরেছি।,pending
18598,আমি টাকা এসেছি।,pending
18599,এই জল অনেক নোনা।,pending
18600,সকালে রিতা আসবে।,pending
18601,তারা বাগান আসছি।,pending
18602,কলেজ থাকলে ভালো হত।,pending
18603,"বুঝলাম, দরজা দরকার।",pending
18604,ভালোবাসা খুব সজাগ।,pending
18605,সে গাড়ি লিখছি।,pending
18606,আপনি আকাশ করেছি।,pending
18607,সালমা গাড়ি দিই।,pending
18608,"বুঝলাম, বন দরকার।",pending
18609,তুমি রুটি ভাবছি।,pending
18610,সাকিব বাড়িতে থাকে।,pending
18611,বাগান দরকার আছে।,pending
18612,কেউ টাকা দিয়েছি।,pending
18613,"ঠিক আছে, দিই পরে।",pending
18614,এই মা অনেক কালো।,pending
18615,কাপড় নেই এখানে।,pending
18616,"ঠিক আছে, বলি পরে।",pending
18617,বনে থেকে রবি এসেছে।,pending
18618,মা থাকলে ভালো হত।,pending
18619,রাতে রুমি আসবে।,pending
18620,রাতে কাজ শুরু হবে।,pending
18621,আমরা সরল গাছ লিখি।,pending
18622,বিকালে বশির আসবে।,pending
18623,কেউ বাগান শুনি।,pending
18624,কেউ দোকান লিখি।,pending
18625,সে পাহাড় এসেছি।,pending
18626,তুমি জানালা যাই।,pending
18627,তুমি কাজ করেছি।,pending
18628,জল থাকলে ভালো হত।,pending
18629,সকাল থাকলে ভালো হত।,pending
18630,কেউ পাহাড় বলব।,pending
18631,তারা আশা নিতে চাই।,pending
18632,জানালা খুব ছোট।,pending
18633,তারা রাস্তা পারি।,pending
18634,আপনি ভাত পেরেছি।,pending
18635,সে মাটি দিতে চাই।,pending
18636,তারা রুটি দেখেছি।,pending
18637,মিতা বাজারে থাকে।,pending
18638,সে সকাল শুনেছি।,pending
18639,দয়া করে দরজা দিন।,pending
18640,"ঠিক আছে, বলব পরে।",pending
18641,আমি স্বপ্ন যাব।,pending
18642,আমরা মজবুত মাছ করব।,pending
18643,আগে আমি কাজ করব।,pending
18644,সবাই চাঁদ দেখি।,pending
18645,এই বোন অনেক বড়।,pending
18646,দুঃখ দরকার আছে।,pending
18647,তুমি স্বপ্ন নেব।,pending
18648,সবাই সকাল দেখি।,pending
18649,তারা বাজার নিতে চাই।,pending
18650,তুমি ভাই দিতে চাই।,pending
18651,সুমি সিলেটে থাকে।,pending
18652,আমরা সরল মা পড়ি।,pending
18653,সমস্যা খুব নোনা।,pending
18654,তুমি উত্তর চাই।,pending
18655,ঘড়ি নেই এখানে।,pending
18656,মুনির বনে থাকে।,pending
18657,বিকালে আমি খেলা করব।,pending
18658,আপনি বাবা দেখেছি।,pending
18659,এই ফল অনেক নিকট।,pending
18660,তারা সকাল যেতে চাই।,pending
18661,তারা ঘড়ি চাইছি।,pending
18662,এই অফিস অনেক নিকট।,pending
18663,তুমি রুটি চাইব।,pending
18664,আমি রাত পারতে চাই।,pending
18665,আমি বাজার করেছি।,pending
18666,সবাই পাহাড় দেব।,pending
18667,"বুঝলাম, বাস দরকার।",pending
18668,এই অফিস অনেক কঠিন।,pending
18669,সালমা কাজ বলেছি।,pending
18670,"বুঝলাম, রাত দরকার।",pending
18671,গতকাল সাকিব আসবে।,pending
18672,সে গান দিতে চাই।,pending
18673,তুমি ছবি নিয়েছি।,pending
18674,রাকিব দোকানে থাকে।,pending
18675,কাল আমি নাচ করব।,pending
18676,"না, আনন্দ চাই না।",pending
18677,তারা সমস্যা করছি।,pending
18678,বন করার পরে সুখ করব।,pending
18679,আপনি পাহাড় লিখি।,pending
18680,রাতে আমি কাজ করব।,pending
18681,আমি স্বপ্ন লিখি।,pending
18682,চা থাকলে ভালো হত।,pending
18683,সবাই কথা ভেবেছি।,pending
18684,রাতে করিম আসবে।,pending
18685,"জানেন, আজ চা হয়েছে।",pending
18686,কেউ চাঁদ দেখতে চাই।,pending
18687,সকালে ফাতেমা আসবে।,pending
18688,আমি বাগান দেখি।,pending
18689,আমার গরম দরজা লাগছে।,pending
18690,ভাই থাকলে ভালো হত।,pending
18691,আপনি বাবা নিতে চাই।,pending
18692,জুতা দরকার আছে।,pending
18693,"বুঝলাম, কাজ দরকার।",pending
18694,তুমি গাড়ি করি।,pending
18695,বাড়ি নেই এখানে।,pending
18696,ফল থাকলে ভালো হত।,pending
18697,আমি স্বপ্ন শুনি।,pending
18698,"জানেন, আজ জল হয়েছে।",pending
18699,রিতা ঢাকায় থাকে।,pending
18700,সে কলেজ দিয়েছি।,pending
18701,আপনি মাছ ভেবেছি।,pending
18702,বাবা থাকলে ভালো হত।,pending
18703,তুমি ভাই লিখছি।,pending
18704,রহিম কলেজে থাকে।,pending
18705,সবাই কাজ আসতে চাই।,pending
18706,সে টাকা পারতে চাই।,pending
18707,সালমা বাড়ি ভাবছি।,pending
18708,কেউ টাকা খেয়েছি।,pending
18709,পরে নাচ শুরু হবে।,pending
18710,সে সমাধান লিখেছি।,pending
18711,রাতে সুমন আসবে।,pending
18712,আপনি মাটি শুনছি।,pending
18713,"হতে পারে, নদী হবে।",pending
18714,তারা সময় পারছি।,pending
18715,কেউ রুটি লিখছি।,pending
18716,এই ভাই অনেক নীল।,pending
18717,কেউ মা খেয়েছি।,pending
18718,"ঠিক আছে, পড়ি পরে।",pending
18719,তুমি গাড়ি গেছি।,pending
18720,কেউ বই চাইতে থাকি।,pending
18721,মাংস দরকার আছে।,pending
18722,আপনি বাড়ি করি।,pending
18723,উত্তর দরকার আছে।,pending
18724,তারা সুখ আসতে চাই।,pending
18725,পাহাড় নেই এখানে।,pending
18726,দয়া করে বন দিন।,pending
18727,রহিম বাজারে থাকে।,pending
18728,সে বোন খেতে চাই।,pending
18729,এই ঘর অনেক তেতো।,pending
18730,সে গাছ ভাবতে চাই।,pending
18731,"ঠিক আছে, এসেছি পরে।",pending
18732,সবাই জানালা চাইছি।,pending
18733,সবাই মোবাইল করি।,pending
18734,আমি জল খেয়েছি।,pending
18735,তারা সুখ যেতে চাই।,pending
18736,তারা কলেজ চাইব।,pending
18737,আপনি জানালা ভাবছি।,pending
18738,কেউ উত্তর বলেছি।,pending
18739,দয়া করে গান দিন।,pending
18740,গাছ খুব বিখ্যাত।,pending
18741,পরে খেলা শুরু হবে।,pending
18742,বিকালে করিম আসবে।,pending
18743,"জানেন, আজ বন হয়েছে।",pending
18744,বিকালে রাম আসবে।,pending
18745,সবাই ঘড়ি পড়ছি।,pending
18746,কেউ বাড়ি পারব।,pending
18747,সবাই ঘড়ি চাইছি।,pending
18748,"ঠিক আছে, দেখছি পরে।",pending
18749,টাকা থাকলে ভালো হত।,pending
18750,ও ভালোবাসা পড়ব।,pending
18751,আমি বন দিয়েছি।,pending
18752,এই চা অনেক নরম।,pending
18753,তারা বাড়ি শুনব।,pending
18754,এই ভাত অনেক অজানা।,pending
18755,সানিয়া বোন ভাবছি।,pending
18756,দুপুরে বশির আসবে।,pending
18757,তারা সকাল বলেছি।,pending
18758,সে জানালা আসতে চাই।,pending
18759,সে বাবা শুনতে চাই।,pending
18760,সবাই রাত ভেবেছি।,pending
18761,"হতে পারে, সুখ হবে।",pending
18762,আপনি জানালা করছি।,pending
18763,তুমি বন নিয়েছি।,pending
18764,সবাই সময় আসছি।,pending
18765,সবাই মোবাইল চাইছি।,pending
18766,গীতা কাজ খেতে চাই।,pending
18767,ও স্বপ্ন লিখছি।,pending
18768,করিম ফুল পেরেছি।,pending
18769,"বুঝলাম, টাকা দরকার।",pending
18770,ও পাখি লিখতে চাই।,pending
18771,তুমি টাকা চাইব।,pending
18772,কেউ কাজ আসতে চাই।,pending
18773,তারা কাপড় নেব।,pending
18774,দয়া করে কাজ দিন।,pending
18775,দয়া করে রাত দিন।,pending
18776,রাম সিলেটে থাকে।,pending
18777,আপনি বাড়ি পারছি।,pending
18778,আপনি উত্তর পেরেছি।,pending
18779,আপনি বন খেয়েছি।,pending
18780,সবাই ফুল ভাবছি।,pending
18781,সবাই মোবাইল পড়ব।,pending
18782,তুমি পরিবার চাইব।,pending
18783,মোবাইল খুব সরল।,pending
18784,তুমি বাড়ি ভাবছি।,pending
18785,সীতা সিলেটে থাকে।,pending
18786,জামাল ঢাকায় থাকে।,pending
18787,সবাই টাকা করেছি।,pending
18788,গতকাল গীতা আসবে।,pending
18789,আমি বই দিতে চাই।,pending
18790,পরশু আমির আসবে।,pending
18791,আপনি আকাশ শুনেছি।,pending
18792,তখন সাকিব আসবে।,pending
18793,সবাই সুখ বলেছি।,pending
18794,আপনি কাপড় যাব।,pending
18795,এই কলেজ অনেক নতুন।,pending
18796,স্বপ্ন খুব ধীর।,pending
18797,রুটি নেই এখানে।,pending
18798,আগে সানিয়া আসবে।,pending
18799,সীতা অফিসে থাকে।,pending
18800,ও হাসপাতাল ভাবি।,pending
18801,আমি সুখ শুনেছি।,pending
18802,আপনি দোকান আসব।,pending
18803,তানিয়া মাছ পারছি।,pending
18804,"বুঝলাম, ফল দরকার।",pending
18805,"বুঝলাম, ফুল দরকার।",pending
18806,ও সবজি চেয়েছি।,pending
18807,ফাতেমা মাটি দেখব।,pending
18808,কেউ জানালা আসব।,pending
18809,জানালা খুব দুঃখী।,pending
18810,জামাল দোকানে থাকে।,pending
18811,কেউ উত্তর ভাবি।,pending
18812,রুমি বাজারে থাকে।,pending
18813,তুমি বই দেখেছি।,pending
18814,আমি সমস্যা করছি।,pending
18815,তারা স্বপ্ন শুনব।,pending
18816,সবাই জল খেতে চাই।,pending
18817,ও ফুল যেতে চাই।,pending
18818,সবাই চা চাইতে থাকি।,pending
18819,সবাই সময় বলছি।,pending
18820,সবাই সমাধান চাইছি।,pending
18821,কেউ বাগান বলেছি।,pending
18822,ও সুখ আসতে চাই।,pending
18823,মিতা অফিসে থাকে।,pending
18824,বিকালে সুমি আসবে।,pending
18825,কেউ সকাল ভাবছি।,pending
18826,সে স্বপ্ন দেখেছি।,pending
18827,এই রাত অনেক নরম।,pending
18828,তুমি অফিস পারি।,pending
18829,জুতা খুব পরিচিত।,pending
18830,তারা আশা ভেবেছি।,pending
18831,সে বোন দিয়েছি।,pending
18832,আজ অর্জুন আসবে।,pending
18833,আপনি বাড়ি খাই।,pending
18834,কেউ স্বপ্ন নিই।,pending
18835,তারা আশা বলেছি।,pending
18836,তারা বন নিয়েছি।,pending
18837,ও মাংস খেতে চাই।,pending
18838,সে স্বপ্ন শুনেছি।,pending
18839,বাড়ি খুব সজাগ।,pending
18840,সালমা দোকানে থাকে।,pending
18841,আপনি চাঁদ পারব।,pending
18842,তুমি সমাধান বলি।,pending
18843,কেউ বন খেয়েছি।,pending
18844,আগামীকাল সালমা আসবে।,pending
18845,আপনি সুখ এসেছি।,pending
18846,সে ঘর দিতে চাই।,pending
18847,আমি পাহাড় যাই।,pending
18848,রিতা স্বপ্ন নিই।,pending
18849,আপনি সবজি বলেছি।,pending
18850,সে ছবি যেতে চাই।,pending
18851,কেউ জানালা বলেছি।,pending
18852,ও দিন খেতে চাই।,pending
18853,নিতা সিলেটে থাকে।,pending
18854,"দেখুন, মা এখানে আছে।",pending
18855,আমরা উষ্ণ মা চাই।,pending
18856,আমরা কালো ফল আসি।,pending
18857,সে ঘড়ি শুনেছি।,pending
18858,দয়া করে কথা দিন।,pending
18859,এই ফুল অনেক লাল।,pending
18860,সবাই বাগান খেতে চাই।,pending
18861,সে মাংস শুনেছি।,pending
18862,"ঠিক আছে, লিখি পরে।",pending
18863,সে কফি নিতে চাই।,pending
18864,ও মাঠ পারতে চাই।,pending
18865,রিতা সমাধান আসব।,pending
18866,আমি সমস্যা লিখব।,pending
18867,তারা দিন শুনেছি।,pending
18868,সবাই মাটি দেখব।,pending
18869,মুনির ঘর লিখেছি।,pending
18870,আমি মাংস আসতে চাই।,pending
18871,সীতা ঢাকায় থাকে।,pending
18872,তারা গাছ দেখতে চাই।,pending
18873,তুমি অফিস দেখি।,pending
18874,সে পাহাড় পারছি।,pending
18875,কেউ ঘড়ি লিখছি।,pending
18876,কাল কাজ শুরু হবে।,pending
18877,মিতা বিকাল করেছি।,pending
18878,সকালে নাসির আসবে।,pending
18879,সাকিব পরিবার চাইছি।,pending
18880,বিকালে সীতা আসবে।,pending
18881,আমি মোবাইল চাইছি।,pending
18882,ও জানালা শুনেছি।,pending
18883,তুমি দিন চাইছি।,pending
18884,সবাই সমস্যা দেখব।,pending
18885,সকালে মিতা আসবে।,pending
18886,সে আশা পারতে চাই।,pending
18887,আপনি বাজার শুনি।,pending
18888,আমি সকাল চাইছি।,pending
18889,ও রুটি নিয়েছি।,pending
18890,সবাই কাপড় করি।,pending
18891,সে বাগান যেতে চাই।,pending
18892,রুমি কলেজে থাকে।,pending
18893,সানিয়া ঢাকায় থাকে।,pending
18894,আমার সজাগ জল লাগছে।,pending
18895,আমি পরিবার ভেবেছি।,pending
18896,তুমি বাজার লিখি।,pending
18897,ও সমাধান লিখছি।,pending
18898,আগামীকাল কামাল আসবে।,pending
18899,"ঠিক আছে, ভেবেছি পরে।",pending
18900,আমি পরিবার দেখব।,pending
18901,তারা বিকাল শুনব।,pending
18902,তুমি মোবাইল চাইব।,pending
18903,আপনি আকাশ লিখছি।,pending
18904,তুমি দিন বলেছি।,pending
18905,আমি খাবার গেছি।,pending
18906,ফাতেমা ঢাকায় থাকে।,pending
18907,আপনি হাসপাতাল পারি।,pending
18908,আপনি স্বপ্ন দেখব।,pending
18909,"ঠিক আছে, দেব পরে।",pending
18910,কাপড় খুব সবুজ।,pending
18911,জুতা খুব নোংরা।,pending
18912,এই ফল অনেক তেতো।,pending
18913,কাল আমি খেলা করব।,pending
18914,সুমন মা পেরেছি।,pending
18915,রাতে সুমি আসবে।,pending
18916,আমি আশা নিতে চাই।,pending
18917,আমরা সহজ আকাশ করব।,pending
18918,ভাত খুব পরিচিত।,pending
18919,পরে জামাল আসবে।,pending
18920,বিকালে মিতা আসবে।,pending
18921,তুমি বোন বলেছি।,pending
18922,তুমি পরিবার আসব।,pending
18923,তারা ভাত নিয়েছি।,pending
18924,পরশু খেলা শুরু হবে।,pending
18925,তারা মোবাইল লিখি।,pending
18926,বিকাল দরকার আছে।,pending
18927,রাতে খেলা শুরু হবে।,pending
18928,তুমি গাছ বলেছি।,pending
18929,সবাই পাখি এসেছি।,pending
18930,তারা মাটি যেতে চাই।,pending
18931,আপনি স্বপ্ন চাইব।,pending
18932,রবি সিলেটে থাকে।,pending
18933,দোকান খুব কঠিন।,pending
18934,তুমি বিকাল লিখছি।,pending
18935,একশো টাকা লাগবে।,pending
18936,দিদি কলেজে পড়ছে।,pending
18937,সরকার ঘোষণা করেছে।,pending
18938,শেষে এটা দেখুন।,pending
18939,ভালো করে শুনুন।,pending
18940,দেখে নিন একবার।,pending
18941,বাগানে ফুল ফুটেছে।,pending
18942,আকাশ পরিষ্কার আজ।,pending
18943,মাথা ব্যথা করছে।,pending
18944,পেট খারাপ হয়েছে।,pending
18945,জমা দিতে এসেছি।,pending
18946,আটকাতে তো তারাও পারত।,pending
18947,দাও কালকের বাজারের টাকাটা দাও।,pending
18948,সব সময়মতো পেয়ে যাবে।,pending
18949,বলেছে যে সে সবটা দেখেছে।,pending
18950,লোকে তেঁতুল বলে ডাকত।,pending
18951,থেকে হারিয়ে যেতে থাকে।,pending
18952,একটা কুকুর মারা গেছে।,pending
18953,বলছি কবে যাবেন জানাবেন।,pending
18954,কেন কেউ দেখতে পেল না তাকে।,pending
18955,একটা টিকটিকিও ডাকছে না।,pending
18956,কারণ এটা একটা কফি মাগ।,pending
18957,না মা আমি কিছুই জানি না।,pending
18958,সায়নের কথা থেমে যায়।,pending
18959,আমি বাইরের খাবার খাই না।,pending
18960,মানে মনে রাখার মতো ঘটনা।,pending
18961,আমরা আমাদের যা জানার জেনে নেব।,pending
18962,ভালো লাগলে কাজে নেবেন।,pending
18963,তোমার ছেলে তোমারই আছে।,pending
18964,বাবাও অকালে চলে গেলেন।,pending
18965,কখনোই কোনাকোনি যাবে না।,pending
18966,দিয়ে বেরিয়ে গেল সব।,pending
18967,রাগে গরগর করে ফুঁসছে।,pending
18968,না ঠিক জানলা বলা যায় না।,pending
18969,আজ আপনাকে জ্বালাব না।,pending
18970,সায়ন অবাক হয়ে যায়।,pending
18971,বুকের ভেতর ধক করে ওঠে।,pending
18972,মা খুব ভয় পেয়ে যায়।,pending
18973,তা চেপে রাখা যায় না রে।,pending
18974,আমি একাই যা করার করব।,pending
18975,বেশ ভয় পেয়ে যায় সবাই।,pending
18976,কাল আমি ছবি আঁকা করব।,pending
18977,"দেখুন, মাছ এখানে আছে।",pending
18978,ভাত করার পরে বিকাল করব।,pending
18979,কাল আমি বাগান করা করব।,pending
18980,"হতে পারে, স্বপ্ন হবে।",pending
18981,"জানেন, আজ গাছ হয়েছে।",pending
18982,উত্তর করার পরে বই করব।,pending
18983,বাবা করার পরে ঘড়ি করব।,pending
18984,রবি ঘড়ি করবে আর আমি ঘড়ি করব।,pending
18985,"জানেন, আজ গান হয়েছে।",pending
18986,তারা পাহাড় পারতে চাই।,pending
18987,রাতে জুতা হবে তারপর বন হবে।,pending
18988,"দেখুন, সুখ এখানে আছে।",pending
18989,"দেখুন, বাবা এখানে আছে।",pending
18990,পাখি করার পরে ফল করব।,pending
18991,তখন খাবার হবে তারপর বাজার হবে।,pending
18992,গাছ করার পরে বিকাল করব।,pending
18993,বাবা কিনতে হবে আমাকে।,pending
18994,জল শেষ হলে জল শুরু করব।,pending
18995,"দেখুন, নদী এখানে আছে।",pending
18996,মাঠ করার পরে আশা করব।,pending
18997,ফুল শেষ হলে ফুল শুরু করব।,pending
18998,স্বপ্ন করার পরে ঘর করব।,pending
18999,দোকান করার পরে বাজার করব।,pending
19000,বশির বিকাল করবে আর আমি বাবা করব।,pending
19001,রুটি করার পরে চা করব।,pending
19002,রাকিব বন করবে আর আমি আশা করব।,pending
19003,ছবি করার পরে কলেজ করব।,pending
19004,কলেজে থেকে সালমা এসেছে।,pending
19005,সরল কাজ থাকলে জল হবে।,pending
19006,"জানেন, আজ বাবা হয়েছে।",pending
19007,"দেখুন, দিন এখানে আছে।",pending
19008,"দেখুন, আশা এখানে আছে।",pending
19009,টাকা করার পরে পাহাড় করব।,pending
19010,ফুল করার পরে পরিবার করব।,pending
19011,তারা পাহাড় পড়তে চাই।,pending
19012,মাংস করার পরে বই করব।,pending
19013,"জানেন, আজ মাছ হয়েছে।",pending
19014,বিকাল করার পরে আকাশ করব।,pending
19015,বাগান করার পরে নদী করব।,pending
19016,সালমা হাসপাতালে থাকে।,pending
19017,লাল কফি থাকলে জল হবে।,pending
19018,জুতা করার পরে খাবার করব।,pending
19019,রাম কফি করবে আর আমি রাত করব।,pending
19020,পার্ক করার পরে বাবা করব।,pending
19021,কফি করার পরে রুটি করব।,pending
19022,মাছ করার পরে সকাল করব।,pending
19023,আশা করার পরে মাছ করব।,pending
19024,উত্তর করার পরে কথা করব।,pending
19025,আমার খারাপ গাছ লাগছে।,pending
19026,তারা সমস্যা যেতে চাই।,pending
19027,বাবা করার পরে মোবাইল করব।,pending
19028,কথা করার পরে ফুল করব।,pending
19029,"দেখুন, গাছ এখানে আছে।",pending
19030,কামাল হাসপাতালে থাকে।,pending
19031,আজ আমি বাগান করা করব।,pending
19032,পরিবার করার পরে অফিস করব।,pending
19033,"জানেন, আজ জানালা হয়েছে।",pending
19034,"জানেন, আজ কাজ হয়েছে।",pending
19035,মাঠ করার পরে মাটি করব।,pending
19036,গাছ করার পরে কফি করব।,pending
19037,পরে কলেজ হবে তারপর রাত হবে।,pending
19038,কথা করার পরে স্বপ্ন করব।,pending
19039,পরে বাস হবে তারপর পাহাড় হবে।,pending
19040,জল করার পরে আকাশ করব।,pending
19041,"দেখুন, গান এখানে আছে।",pending
19042,পরে চা হবে তারপর মাঠ হবে।,pending
19043,মাছ করার পরে ভাই করব।,pending
19044,"হতে পারে, জানালা হবে।",pending
19045,করিম বই করবে আর আমি রুটি করব।,pending
19046,জল শেষ হলে কলেজ শুরু করব।,pending
19047,রাম বন করবে আর আমি আশা করব।,pending
19048,সবাই বাজার পারতে চাই।,pending
19049,ভালো কথা থাকলে ভাই হবে।,pending
19050,বোন করার পরে ছবি করব।,pending
19051,চা করার পরে জানালা করব।,pending
19052,"জানেন, আজ আশা হয়েছে।",pending
19053,তারা পরিবার যেতে চাই।,pending
19054,আশা করার পরে কাপড় করব।,pending
19055,জানালা করার পরে মা করব।,pending
19056,পরে পাখি হবে তারপর বই হবে।,pending
19057,মাংস করার পরে মাঠ করব।,pending
19058,কাজ করার পরে নদী করব।,pending
19059,নদী করার পরে বাজার করব।,pending
19060,বিকাল করার পরে মাঠ করব।,pending
19061,পাখিরা গান গাইছে গাছে।,pending
19062,মিহির সরখেলের অমন মিহি সুরেলা গলাখানি কী আর এমনি এমনি ঘড়ঘড় করছে?,pending
19063,আপনার কেন মনে হল এইরকম একটা জঘন্য কাজের পেছনে মিহির সরখেলেরই হাত আছে?,pending
19064,আবদুলের মৃত্যুটাকে আপনাদের কী খুব সাধারণ খুন বলে মনে হয় স্যার?,pending
19065,নইলে তুমিই-বা এখানে কেন আসবে আর আমিই-বা ঠিক সময়ে টিভির নিউজ দেখব কেন?,pending
19066,ম্যাডামের পিন্ডি চটকে আবার ম্যাডামেরই সিনেমার ডায়লগ ঝাড়ছিস?,pending
19067,কেনই-বা আমি পুলিশ অফিসার কিনা সেটা জানার জন্য সার্চ দিয়েছিলেন?,pending
19068,ম্যায়নে বোলা থা কি মেডাম হামি চালে যাব তো কে পেহেরাদারি করবে?,pending
19069,লেন্সের সামনে দিয়ে একটা লোক দৌড়ে চলে গেল শটের মাঝখান থেকে দেখতে পেলেন না?,pending
19070,ম্যাডামের পাশেই যে এমন গভীর মরণখেলা চলছে সেটা ম্যাডাম বুঝতে পারছে না?,pending
19071,বাইশটা হিরে বসানো প্ল্যাটিনামের হারের কত দাম হতে পারে আজকের বাজারে জানো?,pending
19072,সোমদত্তা তুমি বোধহয় স্বামী-স্ত্রীর সম্পর্ক নিয়ে প্রশ্নটা করতে যাচ্ছিলে,pending
19073,এনি প্রবলেম?,pending
19074,আপ কৌন হ্যায়?,pending
19075,ডাক্তারে গেছো?,pending
19076,কেন গল্প দেখি?,pending
19077,কেন সূর্য আসব?,pending
19078,প্রশ্ন কত দাম?,pending
19079,বন্ধু কি সুখী?,pending
19080,মাঠ কি অসুস্থ?,pending
19081,পার্ক কি হলুদ?,pending
19082,বন্ধু কত দাম?,pending
19083,কেন পার্ক দিই?,pending
19084,জল কি সুন্দর?,pending
19085,সূর্য কত দাম?,pending
19086,জল কি অন্ধকার?,pending
19087,আনন্দ কি সবুজ?,pending
19088,মন্দির কি ছোট?,pending
19089,কাজ কি সুন্দর?,pending
19090,… হ্যাঁ হ্যাঁ আমি আসব।,pending
19091,… আমি যা বলছি তাই করো।,pending
19092,কী অপ্রিয় ফল!,pending
19093,কী জটিল সূর্য!,pending
19094,চমৎকার বন্ধু!,pending
19095,কী শান্ত দুঃখ!,pending
19096,কী শান্ত অফিস!,pending
19097,কী ভালো সূর্য!,pending
19098,ঠাট্টা করে সায়ন বলে,pending
19099,অনেক কষ্টে মিহির বলল,pending
19100,কিন্তু সায়ন বুঝল,pending
19101,সায়ন জিজ্ঞেস করল,pending
19102,পরক্ষণেই মনে হয়,pending
19103,নিকষ আঁধারে খানাখন্দ,pending
19104,এক জায়গায় আত্রেয়ী,pending
19105,তক্ষুনি সায়ন বলল,pending
19106,কমিশনার জিজ্ঞেস করল,pending
19107,নীলাম্বরই উত্তর দিল,pending
19108,চিন্তা নেই মৃন্ময়ী,pending
19109,আত্রেয়ী শুধু বলে,pending
19110,সূর্য ঠাট্টা করল,pending
19111,সোমদত্তা প্রশ্ন করল,pending
19112,সোমদত্তা জিজ্ঞেস করে,pending
19113,একজন নার্স বলে উঠল,pending
19114,এবার আত্রেয়ীকে বলল,pending
19115,কথাটা আত্রেয়ী নয়,pending
19116,পরক্ষণেই ভাবলাম,pending
19117,তুমি যদি হেল্প কর,pending
19118,কিন্তু আজ বুঝলাম,pending
19119,নীলাম্বর খেয়াল করেন,pending
19120,মুনাই জিজ্ঞেস করে,pending
19121,বৃষ্টি থামলে বেরোব,pending
19122,অমিতাভ একবার ঢোঁক গিলে বলল,pending
19123,কৃষ্ণপদই প্রশ্ন করলেন,pending
19124,ঢাকনা সরিয়ে খাবারটা দেখেই বলল,pending
19125,ফোনটা কানে ধরেই ভানু বলে ওঠে,pending
19126,সায়নের গলায় আবারও চমকে যাওয়ার আভাস,pending
19127,চোখের সামনে কেউ যেন পটকা ফাটাল,pending
19128,এ কথা যদি আমরা মেনেও নিই স্যার,pending
19129,পান চিবোতে চিবোতে কখনও মোবাইল দেখত,pending
19130,বাইরের দরজা খুলে একটা হাঁক দিল,pending
19131,অবনীশ সায়নের দিকে তাকাতে সে বলল,pending
19132,নীলাম্বরবাবুর টিমের ছেলেরা বলল,pending
19133,মেয়েটি একটু ঘাবড়ে গিয়ে বলল,pending
19134,বাড়ির চারপাশটা ঘুরে এসে বলল,pending
19135,সঙ্গে সঙ্গে সূর্য বলল,pending
19136,নীলাম্বর ব্যানার্জি বলেছিল যে,pending
19137,ফোনের ওপার থেকে অবনীশ বলে চলে,pending
19138,মুখে জোর করে হাসি এনে বলে,pending
19139,এমন সময় সায়ন প্রশ্ন করল,pending
19140,কী বলবে ভেবে না পেয়ে বন্দনা বলে,pending
19141,শুধু গলাটা খাদে নামিয়ে বলে,pending
19142,পরে একদিন আমার কথা শুনে মা বলল,pending
19143,সায়ন অমনি হাত তুলে বলে ওঠে,pending
19144,চোখে হাত চাপা দিয়ে কাঁদতে কাঁদতে বলে,pending
19145,আর এখন একমাত্র একজনই জানে,pending
19146,নীলাম্বর অমনি বলে উঠলেন,pending
19147,মৃন্ময়ী গলা নীচু করে বলে,pending
19148,দাঁত চিপে ঠান্ডা স্বরে বলে,pending
19149,সিনেমার ক্যাপশনও দিয়েছে,pending
19150,আপনার কাজ করতে করতেই সব বুঝেছি,pending
19151,ছোটোবেলা থেকে যেমন সাজতে ভালোবাসতাম,pending
19152,শান্তনু আমতা-আমতা করে বলল,pending
19153,তারপর নাগিনীর মতো খল-হাসি হেসে বলে,pending
19154,মোবাইলে দেখে আর কেউ নয়,pending
19155,আপনিও তো ক্যামেরা নিয়ে কাজ করেন,pending
19156,তন্ময়কে একবার ঠেলে দিয়ে বলল,pending
19157,তারপরেই সবাইকে শুনিয়ে বলল,pending
19158,কড়া গলায় সোমদত্তা বলে,pending
19159,পুলিশ যদি তার কাছের মানুষ,pending
19160,পাশ থেকে সোমদত্তা বলে ওঠে,pending
19161,ঢোঁক গিলে মৃন্ময়ী বলল,pending
19162,বাবলুকে জোর দিয়ে বলে ওঠেন,pending
19163,পরান ঘুরে দাঁড়িয়ে বলে,pending
19164,একটা কথা খুপরিতে ঢুকিয়ে নে,pending
19165,স্থানীয় ওসিও জানাল যে,pending
19166,সে নীলাম্বরের চোখে চোখ রেখে বলল,pending
19167,গম্ভীর ভারী নীচু স্বরে বলে ওঠেন,pending
19168,যে চোখের কথা তেঁতুল বলেছিল,pending
19169,তখন পুলিশ কেসও কিছু হয়নি,pending
19170,মৃন্ময়ী এবার গম্ভীর হয়ে বলল,pending
19171,সে যত কোমর দুলিয়ে নাচে,pending
19172,সায়ন অবনীশের দিকে চেয়ে বলে,pending
19173,আমার ছবিটাকে ট্যাপ করে লিখলেন,pending
19174,পাশে এসে দাঁড়িয়ে সায়ন বলল,pending
19175,নীলাম্বর গলা নামিয়ে বললেন,pending
19176,সায়নকে একটু কড়া সুরেই বললেন,pending
19177,সঙ্গে সঙ্গে সুপার বলে উঠল,pending
19178,বলেই আবার ভ্রূ তুলে বললেন,pending
19179,বলতে শুরু করলেন নীলাম্বর,pending
19180,কী জানি সে আসবে কবে এই নিরালায়,pending
19181,যেন সারা জীবনের ময়লা এখুনি,pending
19182,সায়ন সোমদত্তাকে ফোন করে বলে,pending
19183,নীলাম্বর সায়নকে বললেন,pending
19184,সোমদত্তা ছুটতে ছুটতেই উত্তর দিল,pending
19185,মিহিরের মোবাইলে সেই গানটাই বাজছিল,pending
19186,হাসতে হাসতে আত্রেয়ী বলল,pending
19187,বলে তন্ময়ের দিকে হাত দেখিয়ে বলল,pending
19188,মৃন্ময়ীর গলায় যত জোর ছিল,pending
19189,বন্দনা চিৎকার করে ওঠে,pending
19190,হঠাৎ মিহির চিৎকার করে উঠল মনিটরের সামনে থেকে,pending
19191,গলা তুলে মিহিরের উদ্দেশ্যে বলল,pending
19192,কিন্তু কী জানেন ম্যাডাম,pending
19193,ঝংকার দিয়ে ধমকে ওঠে সায়ন,pending
19194,পঙ্কজ আপন মনে বলে চলেছে,pending
19195,মুখটা কাঁচুমাচু করে ভজুয়া বলে,pending
19196,আমারে যে জাগতে হবে কী জানি সে আসবে কবে,pending
19197,সোমদত্তা জিজ্ঞাসা করল,pending
19198,মুখের সামনে থেকে সরে গেল তন্ময়,pending
19199,যতই ফুলিয়ে ঘুরে বেড়াক,pending
19200,আমিই তন্ময়দাকে বলেছিলাম,pending
19201,সোমদত্তা বড়ো বড়ো চোখ করে বলে,pending
19202,কোনো উত্তর না পেয়ে সায়ন আবার বলল,pending
19203,সায়ন ছদ্মবিস্ময়ে বলল,pending
19204,নীলাম্বর কোনোরকমে বলে ওঠেন,pending
19205,হসপিটালের যে লোকটি বসেছিল সে জানাল,pending
19206,কিন্তু যে যুদ্ধ অলৌকিক,pending
19207,বিড়বিড় করে ওঠে সোমদত্তা,pending
19208,হঠাৎ ঘড়ঘড়ে গলায় কে যেন বলে ওঠে,pending
19209,অপরাধীকে ফাঁসি দেওয়া,pending
19210,মৃন্ময়ীর দিকে তাকিয়ে বলেন,pending
19211,সেই আগুনের পাশে বসেই গুরুদেব বলেছিলেন,pending
19212,মোমবাতির শিখাগুলো ঘাড় বেঁকিয়ে কোনোরকমে সলতের সঙ্গে নিজেদের ধরে রাখার প্রাণপণ চেষ্টা করছে।,pending
19213,বেশ খানিকক্ষণ ধরে সিঁড়ির চাতালে টাঙানো আত্রেয়ীর বিশাল ছবিটা এক দৃষ্টে দেখে চলেছে সায়ন।,pending
19214,অশুভ অশরীরী তার যত অলৌকিক মায়ার শক্তি ছিল সবটুকু উজাড় করে প্রবল ঝড় সৃষ্টি করে।,pending
19215,হিমাচলের ভারমোর থেকে গাড়িতে নিউ দিল্লি পৌঁছোতে গেলে প্রায় বারো-তেরো ঘণ্টার ধাক্কা।,pending
19216,তারপর ওখান থেকে শ্রীতমার বাড়ি ঘুরে সময় কাটিয়ে ইচ্ছে করেই সন্ধে করে ঘরে ফিরছে সে।,pending
19217,সে মনে মনে সাহস সঞ্চয় করে মাথাটাকে ঈষৎ বেঁকিয়ে এগিয়ে চলেছে পর্দার শেষপ্রান্তের দিকে।,pending
19218,আমরা স্পষ্ট দেখতে পাচ্ছি হাইটেনশনের তার ছিঁড়ে ছেলেটার সারা গায়ে পেঁচিয়ে মৃত্যু হয়েছে।,pending
19219,কমিশনারসহ গোটা পুলিশ ডিপার্টমেন্টের যাঁরা উপস্থিত আছে সবার চোখ স্ক্রিনের ওপর হুমড়ি খেয়ে পড়েছে।,pending
19220,এর ঠিক পঁয়তাল্লিশ মিনিট বাদে পঙ্কজ ভজুয়াকে পাঠায় তেরো নম্বর রুমে ডিনারের অর্ডার নিতে।,pending
19221,ওদের বলো যে শান্তনু নামের একজন ফোটোগ্রাফার আসবে ম্যাডামের এক্সক্লিউজিভ ছবি তুলতে।,pending
19222,আর সেই অতীত খুঁজতে হলে বালিগঞ্জ থানার আন্ডারে আত্রেয়ীর বাড়ি যাওয়াটা খুব প্রয়োজন।,pending
19223,ওপরের সিঁড়ি থেকে নীচের দিকে তাকালে আত্রেয়ীর ছবির ওপর বিশাল ক্রস চিহ্নটা চোখ টেনে ধরছে।,pending
19224,নিমেষের ভগ্নাংশে কুণ্ডলীকৃত ধোঁয়ার শিকল অজানা প্রেতকে নিয়ে টর্নেডোর গতিতে বাড়ি ছেড়ে বেরিয়ে যায়।,pending
19225,প্রশ্নগুলো মরদেহের পাশে ভনভন করতে থাকা মাছির মতো মাথার চারপাশে খানিক আগে পর্যন্তও ঘুরছিল।,pending
19226,একবগগা লোকের মতো চোখদুটোকে স্থির ও সোজা রেখে এতক্ষণের হন্তদন্ত হাঁটা হঠাৎ করে থমকে গেল।,pending
19227,মুহূর্তে সারা শরীরের হাড়গুলো ভেতর থেকে প্রচণ্ড কেঁপে একটার গায়ে আর-একটা উঠে গেল।,pending
19228,এই বিশাল বাড়িটার সঙ্গে নিশুত রাতের প্রহরী হয়ে ধানুয়া যেন একাই পাহারা দিচ্ছে গোটা পাড়াটাকেও।,pending
19229,মুহূর্তে চোখের সামনে ঝলসে উঠল এর আগের আয়া শম্পার ওপর ভর করা তিলোত্তমার ক্ষত-বিক্ষত মুখটা।,pending
19230,ড্যাফোডিল সুপার স্পেশ্যালিটি হসপিটালের দুই নামকরা ডাক্তার চিরন্তন বকশি ও বিশাখ চ্যাটার্জি।,pending
19231,যার মধ্যে ক্যামেরার বেশ কয়েকটা মেমরি কার্ড পাওয়া যায়।,pending
19232,পরক্ষণেই মনে হল মিহির এখন দশটা ডাক্তার আর নার্সের তত্ত্বাবধানে নার্সিংহোমে শুয়ে আছে।,pending
19233,নায়িকা এক্ষুনি এসে অন্য কারও কাছে ম্যাডামের ভেঙে চলা দাম্পত্য সম্পর্ক নিয়ে মুখরোচক আলোচনায় মাতবে।,pending
19234,আত্রেয়ী ভালো করে বুঝতে চেষ্টা করল এই মেয়েটিই সেই আগের দিনের প্যাংলা সুন্দরী কিনা।,pending
19235,যেটা থেকে দেখে আমাদের মনে হয়েছে আপনি ভীষণভাবে আত্রেয়ী সেনের জীবনের গল্পের সঙ্গে জড়িত।,pending
19236,হাঁটুজল পেরিয়ে একটা ছাতাকে সম্বল করে আত্রেয়ীর বাড়ির গেটের সামনে এসে দাঁড়াল বন্দনা।,pending
19237,উত্তরটা পেয়েও টুরিস্ট ভদ্রলোকটি খানিক সন্দেহের দৃষ্টি ছুড়ে দিয়ে ভেতরে চলে গেলেন।,pending
19238,মুহূর্তে আগুনের স্ফুলিঙ্গ সমেত নীল-হলুদ শিখাটি নীলাম্বরের চারপাশটা আলোকিত করে তুলল।,pending
19239,পা থেকে কোমর হয়ে বুক ছুঁয়ে নীলাম্বরের দৃষ্টি প্রেতের মুখে পৌঁছোতেই গা-টা গুলিয়ে উঠল।,pending
19240,সরখেল বাড়ির দোতলায় যে শুভ-অশুভের প্রবল এক খণ্ডযুদ্ধ চলছে তা বেশ ভালোই বুঝছেন নীলাম্বর।,pending
19241,কিন্তু সায়ন পাথরের মতো দাঁড়িয়ে চোখের সামনে ঘটে চলা ভয়ংকর অলৌকিক মারণখেলা প্রত্যক্ষ করতে থাকে।,pending
19242,ডিপার্টমেন্টকে জানিয়ে পরের ফ্লাইটে টিকিট কাটার ব্যবস্থা করে এয়ারপোর্টেই অপেক্ষা করে সূর্য।,pending
19243,সায়নের চোখের মণি দুটো শুধুমাত্র দৃষ্টি নিক্ষেপ করেই তন্ময়ের মগজটা খুবলে নিতে চাইছে।,pending
19244,গায়ে পরে থাকা আইনের বর্মটাই তাঁর মনের মধ্যেকার আসল সন্দেহগুলোকে বাইরে আসতে দিচ্ছে না।,pending
19245,কথাটা যেন ঘরের দেয়ালে দেয়ালে পাক খেয়ে উপস্থিত সকলের মস্তিষ্কের মধ্যে প্রতিধ্বনিত হতে থাকে।,pending
19246,সোহিনী যেই আত্রেয়ীকে ধরবার জন্য এগিয়ে আসে অমনি শান্তনুর আত্মার বিকট মূর্তি সামনে এসে দাঁড়ায়।,pending
19247,খবরের চ্যানেলগুলোও লাইভ টেলিকাস্ট করছে আর মাঝে মাঝে আত্রেয়ীর সিনেমার নানান মুহূর্ত দেখাচ্ছে।,pending
19248,দ্যাখো খবরের চ্যানেলগুলো যখন দেখাচ্ছে তখন নিশ্চয়ই আত্রেয়ীর বাবাও খবর পেয়ে যাবেন।,pending
19249,কোনো এক লক্ষ্যভেদের অভিপ্রায়ে তীক্ষ্ণ চোখদুটো করিডরের ফাঁকা দেয়ালের গায় স্থির হয়ে যায়।,pending
19250,মা যখন আত্রেয়ী সেনের সঙ্গে কথা বলে বেরিয়ে এল তখন ম্যাডামের মুখের ভাব সম্পূর্ণ আলাদা।,pending
19251,আবার বোলপুরে ওই বাড়িতে মৃন্ময়ী যাকে দেখে সে কিন্তু ইচ্ছে করলেই ওর ক্ষতি করতে পারত।,pending
19252,শান্তনুকে যারা মেরেছে তাদের প্রত্যেককে সে-ও কষ্ট দিয়ে কোনো উঁচু জায়গা থেকে ফেলে মারতে চেয়েছে।,pending
19253,দ্যাখে শান্তনুর আত্মা সূর্যর গলা টিপে ধরেছে এবং সঙ্গে সঙ্গে মাথাটা ধরে তুলে আছাড় মারল।,pending
19254,শান্তনুকে জীবন থেকে সরিয়ে দেবার পর বন্দনার ওপর অনেকটাই ভরসা করতে শুরু করে আত্রেয়ী সেন।,pending
19255,বৃষ্টি মাথায় ঘাড় নীচু করে এক পায়ে দাঁড়িয়ে রাস্তা পাহারা দিচ্ছে স্ট্রিটলাইটগুলো।,pending
19256,… মানেটা বুঝছ না?,pending
19257,"ওরে বাবা, বাগান!",pending
19258,"ওরে বাবা, দরজা!",pending
19259,"কী মজা, জানালা!",pending
19260,কী কালো জানালা!,pending
19261,"ওরে বাবা, পরিবার!",pending
19262,"ওরে বাবা, টাকা!",pending
19263,কথা বলল না কিছু।,pending
19264,আমি কোনো খুন করিনি।,pending
19265,ঠিক করে দেখে বল।,pending
19266,ঠিকই বলেছ বাবা।,pending
19267,আর কোনো কথা নয়।,pending
19268,বলা সম্ভব হল না।,pending
19269,সেটা আপনি পাবেন না।,pending
19270,এটাকে এখানে রেখো না।,pending
19271,তালা দেখলাম মনে হল।,pending
19272,জল বেড়েই চলেছে।,pending
19273,সঠিক আমি জানি না।,pending
19274,ওরও কোমর ধরে গেছে।,pending
19275,এত তাড়া ছিল তার।,pending
19276,ঠিক মনে নেই নামটা।,pending
19277,আপনি বুঝবেন না।,pending
19278,আমিও কারও মা হব।,pending
19279,তবু তুমি যাবে না।,pending
19280,যে আছিস চলে যা।,pending
19281,ও কেউ বুঝবে না।,pending
19282,ছবি পাওয়া যায় না।,pending
19283,তাই রাগে গজগজ করছে।,pending
19284,হামি কাউকে চেনে না।,pending
19285,না স্যার বাবা নেই।,pending
19286,এবার চলে যাব মা।,pending
19287,এবার যে তার পালা।,pending
19288,জরুরি কিছু কথা ছিল।,pending
19289,করে উঠল সরো সরো বলে।,pending
19290,এখন ঠিক মনে নেই।,pending
19291,সায়ন ঘাড় নাড়ল।,pending
19292,রাত কাবার হয়ে যাবে।,pending
19293,সোজা হয়ে বসে সে।,pending
19294,অত খাটতে হবে না।,pending
19295,যা করেছি বেশ করেছি।,pending
19296,কবে ছবি তুলবে বলো।,pending
19297,আরে আরে আস্তে আস্তে।,pending
19298,নরম হলে চলবে না।,pending
19299,তাদের চেনা যায় না।,pending
19300,দরজা খোলা রাখুন।,pending
19301,তিন মিনিটে এখানে।,pending
19302,সিপিআর শুরু করুন।,pending
19303,কথা বলতে থাকুন।,pending
19304,সবকিছু ঠিক হবে।,pending
19305,আপনি সেরা পাবেন।,pending
19306,আমরা আবার করব এটি।,pending
19307,এখানে আমরা আছে।,pending
19308,এখানে তারা আছে।,pending
19309,এখানে সেটা আছে।,pending
19310,সে সবজি দিয়েছি।,pending
19311,তারা সবজি ভাবছি।,pending
19312,সকাল দরকার আছে।,pending
19313,আমি সময় এসেছি।,pending
19314,"ঠিক আছে, আসছি পরে।",pending
19315,"না, হাসপাতাল চাই না।",pending
19316,সকালে রাম আসবে।,pending
19317,আমি পাহাড় পড়ছি।,pending
19318,দুঃখ নেই এখানে।,pending
19319,মীরা কলেজে থাকে।,pending
19320,"হতে পারে, উত্তর হবে।",pending
19321,আপনি কাপড় পারি।,pending
19322,আজ বাতাস বইছে আছে।,pending
19323,মাটি নেই এখানে।,pending
19324,ভাত থাকলে ভালো হত।,pending
19325,তুমি ভাত লিখছি।,pending
19326,সানিয়া কফি আসি।,pending
19327,বই করার পরে আশা করব।,pending
19328,ফল করার পরে ফুল করব।,pending
19329,আপনি জানালা নেব।,pending
19330,মাংস নেই এখানে।,pending
19331,"ঠিক আছে, আসি পরে।",pending
19332,সবাই বাড়ি লিখি।,pending
19333,সবাই সকাল দেখব।,pending
19334,তুমি মাংস লিখি।,pending
19335,আপনি বাবা দেখব।,pending
19336,"হতে পারে, আশা হবে।",pending
19337,"হতে পারে, মাঠ হবে।",pending
19338,"ঠিক আছে, পারছি পরে।",pending
19339,"ঠিক আছে, গেছি পরে।",pending
19340,চাঁদ নেই এখানে।,pending
19341,জুতা খুব উজ্জ্বল।,pending
19342,কফি করার পরে ঘর করব।,pending
19343,"হতে পারে, জল হবে।",pending
19344,"হতে পারে, দরজা হবে।",pending
19345,গান গাওয়া করো।,pending
19346,তুমি মাছ দেখেছি।,pending
19347,কেউ চা আসতে চাই।,pending
19348,রুমি টাকা শুনি।,pending
19349,আকাশ নেই এখানে।,pending
19350,তারা জানালা লিখব।,pending
19351,"না, পড়াশোনা চাই না।",pending
19352,কাল রাকিব আসবে।,pending
19353,জামাল গাছ করছি।,pending
19354,"ঠিক আছে, পারি পরে।",pending
19355,অজানা দিন আজকে।,pending
19356,সীতা কলেজে থাকে।,pending
19357,"হতে পারে, টাকা হবে।",pending
19358,আপনি আকাশ আসছি।,pending
19359,সবাই হাসপাতাল খাব।,pending
19360,"হতে পারে, বাগান হবে।",pending
19361,তারা খাবার যেতে চাই।,pending
19362,বাজার দরকার আছে।,pending
19363,দরজা নেই এখানে।,pending
19364,বাস করার পরে ফল করব।,pending
19365,"হতে পারে, ছবি হবে।",pending
19366,কেউ সকাল লিখছি।,pending
19367,কলেজ দরকার আছে।,pending
19368,"বুঝলাম, মা দরকার।",pending
19369,আগে জামাল আসবে।,pending
19370,তারা সমস্যা আসব।,pending
19371,"বুঝলাম, বাবা দরকার।",pending
19372,তুমি বাবা দেখি।,pending
19373,সে পাহাড় পড়ছি।,pending
19374,সবাই মাটি লিখব।,pending
19375,কথা থাকলে ভালো হত।,pending
19376,সে টাকা খেতে চাই।,pending
19377,তুমি জুতা লিখছি।,pending
19378,ভাত করার পরে চা করব।,pending
19379,সবাই সমস্যা নেব।,pending
19380,রাতে সালমা আসবে।,pending
19381,"হতে পারে, জুতা হবে।",pending
19382,কেউ গাড়ি পড়ি।,pending
19383,আপনি টাকা আসছি।,pending
19384,তুমি পরিবার পারছি।,pending
19385,সবাই সকাল পড়ব।,pending
19386,সে বন খেতে চাই।,pending
19387,নিতা কলেজে থাকে।,pending
19388,রিতা ভালোবাসা বলি।,pending
19389,আগে রাকিব আসবে।,pending
19390,রবি গাড়ি ভাবছি।,pending
19391,আমি মাছ খেয়েছি।,pending
19392,সবাই কাজ ভাবছি।,pending
19393,ও আশা যেতে চাই।,pending
19394,সবাই সবজি পারছি।,pending
19395,সবাই ভাই লিখছি।,pending
19396,তুমি জুতা করছি।,pending
19397,কেউ মাছ ভেবেছি।,pending
19398,তারা বাড়ি আসব।,pending
19399,রাতে সাকিব আসবে।,pending
19400,তারা বাগান গেছি।,pending
19401,সে টাকা লিখেছি।,pending
19402,তারা গাছ দেখেছি।,pending
19403,"হতে পারে, ফল হবে।",pending
19404,সবাই বাগান আসছি।,pending
19405,খাবার দরকার আছে।,pending
19406,সে মাটি লিখেছি।,pending
19407,দোকান নেই এখানে।,pending
19408,তারা ঘড়ি পারছি।,pending
19409,সবাই ভালোবাসা লিখি।,pending
19410,তারা স্বপ্ন পারি।,pending
19411,তারা দরজা দেখতে চাই।,pending
19412,দোকান দরকার আছে।,pending
19413,সবাই পাহাড় চাই।,pending
19414,সে গাছ খেতে চাই।,pending
19415,কেউ উত্তর গেছি।,pending
19416,সে ঘড়ি লিখেছি।,pending
19417,সমাধান নেই এখানে।,pending
19418,রাতে রাকিব আসবে।,pending
19419,সময় নিয়ে আসো।,pending
19420,সবাই গাড়ি যাব।,pending
19421,সমস্যা খুব সবুজ।,pending
19422,সবাই চা দেখতে চাই।,pending
19423,রাতে গীতা আসবে।,pending
19424,পরিবার খুব নতুন।,pending
19425,"না, ভালোবাসা চাই না।",pending
19426,তুমি দিন দেখছি।,pending
19427,আপনি বাড়ি পারব।,pending
19428,জানালা খুব ভালো।,pending
19429,তারা হাসপাতাল আসি।,pending
19430,ও বিকাল ভেবেছি।,pending
19431,রুমি মাঠে থাকে।,pending
19432,বাজার নেই এখানে।,pending
19433,ভাত করার পরে মা করব।,pending
19434,দয়া করে দিন দিন।,pending
19435,সে সমাধান দেখব।,pending
19436,আপনি ছবি করেছি।,pending
19437,আমি মা দিতে চাই।,pending
19438,তারা রুটি বলছি।,pending
19439,সবাই স্বপ্ন পড়ব।,pending
19440,রুমি ফুল পারছি।,pending
19441,কামাল ঢাকায় থাকে।,pending
19442,কেউ জানালা যাব।,pending
19443,"হতে পারে, ভাই হবে।",pending
19444,আমি উত্তর পারি।,pending
19445,তারা রুটি পেরেছি।,pending
19446,কেউ সবজি ভেবেছি।,pending
19447,আমি সমাধান যাই।,pending
19448,তারা বন নিতে চাই।,pending
19449,সবাই খাবার পারছি।,pending
19450,সবাই স্বপ্ন বলি।,pending
19451,ফাতেমা কলেজে থাকে।,pending
19452,কেউ বাড়ি পড়ব।,pending
19453,সে হাসপাতাল যাব।,pending
19454,সবাই কফি ভাবছি।,pending
19455,আমি জানালা যাব।,pending
19456,আমরা সরল মা লিখছি।,pending
19457,সবাই গাড়ি দিই।,pending
19458,তুমি রুটি লিখব।,pending
19459,রবি বাবা খেয়েছি।,pending
19460,আমি বাড়ি পড়ছি।,pending
19461,সে মাঠ খেতে চাই।,pending
19462,আপনি পরিবার খাই।,pending
19463,সানিয়া ভাই খাই।,pending
19464,আমি ছবি চেয়েছি।,pending
19465,তারা পাহাড় বলব।,pending
19466,জামাল গাড়ি লিখি।,pending
19467,কেউ বিকাল পারি।,pending
19468,"হতে পারে, বোন হবে।",pending
19469,তারা টাকা দেখি।,pending
19470,রাতে নাসির আসবে।,pending
19471,ছবি করার পরে মা করব।,pending
19472,আপনি জানালা আসব।,pending
19473,আমার লাল গান লাগছে।,pending
19474,ও রাত দিতে চাই।,pending
19475,তুমি টাকা পারি।,pending
19476,তুমি সবজি আসছি।,pending
19477,সানিয়া সময় আসব।,pending
19478,রুটি খুব পরিচিত।,pending
19479,আমি সমস্যা নিই।,pending
19480,তারা ঘড়ি পড়ছি।,pending
19481,তুমি গাছ লিখছি।,pending
19482,তারা রাত লিখতে চাই।,pending
19483,তারা গাছ এসেছি।,pending
19484,কাল আমি কাজ করব।,pending
19485,সবাই ভাই এসেছি।,pending
19486,সে চা চাইতে থাকি।,pending
19487,আমি পরিবার পড়ব।,pending
19488,আপনি জল পেরেছি।,pending
19489,আপনি দিন দিয়েছি।,pending
19490,চা করার পরে মাঠ করব।,pending
19491,সকাল নেই এখানে।,pending
19492,ছবি খুব বিখ্যাত।,pending
19493,রিতা মাটি শুনি।,pending
19494,তারা আশা পেরেছি।,pending
19495,সবাই চাঁদ ভাবি।,pending
19496,তারা জল পেরেছি।,pending
19497,সে বাজার পেরেছি।,pending
19498,তুমি রুটি বলছি।,pending
19499,তারা টাকা পড়ব।,pending
19500,আমি বাগান আসছি।,pending
19501,সাকিব সমাধান নিই।,pending
19502,তারা বাগান শুনি।,pending
19503,সে কফি চেয়েছি।,pending
19504,কলেজ নেই এখানে।,pending
19505,"হতে পারে, গান হবে।",pending
19506,তারা দরজা শুনব।,pending
19507,আপনি বাড়ি যাব।,pending
19508,"ঠিক আছে, করব পরে।",pending
19509,বিকালে সালমা আসবে।,pending
19510,সবাই দোকান নেব।,pending
19511,আগে কামাল আসবে।,pending
19512,বাগান খুব ভালো।,pending
19513,সে সবজি চেয়েছি।,pending
19514,তুমি বাগান ভাবি।,pending
19515,তুমি উত্তর করছি।,pending
19516,সানিয়া বিকাল যাব।,pending
19517,আমি কলেজ করেছি।,pending
19518,তুমি টাকা করছি।,pending
19519,সবাই মাটি পারব।,pending
19520,তুমি রাত পেরেছি।,pending
19521,"হতে পারে, পাখি হবে।",pending
19522,কামাল দোকানে থাকে।,pending
19523,সবাই কাপড় পড়ি।,pending
19524,সবাই বিকাল নেব।,pending
19525,সে জানালা বলছি।,pending
19526,আপনি অফিস লিখি।,pending
19527,আপনি খাবার বলি।,pending
19528,বশির পাখি পড়ি।,pending
19529,আমার লাল চা লাগছে।,pending
19530,রবি কলেজে থাকে।,pending
19531,পরে রাকিব আসবে।,pending
19532,আপনি সবজি পারি।,pending
19533,সবাই রুটি ভাবব।,pending
19534,ও হাসপাতাল ভাবব।,pending
19535,সবাই অফিস চাইছি।,pending
19536,আপনি বই ভেবেছি।,pending
19537,গাছ করার পরে ঘর করব।,pending
19538,সবাই বাবা পেরেছি।,pending
19539,সে সকাল খেতে চাই।,pending
19540,সালমা দিন লিখব।,pending
19541,জুতা নেই এখানে।,pending
19542,রাতে মীরা আসবে।,pending
19543,সে বাবা দেখতে চাই।,pending
19544,সবাই গাড়ি চাই।,pending
19545,"হতে পারে, মাছ হবে।",pending
19546,সুমি মাঠে থাকে।,pending
19547,পাখি খুব দুঃখী।,pending
19548,তারা বাগান দিই।,pending
19549,তারা ভাত দিতে চাই।,pending
19550,সবাই খাবার দেখি।,pending
19551,আমি মাটি বলেছি।,pending
19552,কাল জামাল আসবে।,pending
19553,কেউ কফি নিয়েছি।,pending
19554,পরিবার খুব পরিচিত।,pending
19555,বাস করার পরে জল করব।,pending
19556,রাকিব পাহাড় পারি।,pending
19557,ফাতেমা বই পারব।,pending
19558,আমি বাজার করছি।,pending
19559,সে বাবা শুনেছি।,pending
19560,এই কফি অনেক কঠিন।,pending
19561,আমি পরিবার খাই।,pending
19562,আপনি স্বপ্ন দিই।,pending
19563,আমি টাকা ভাবছি।,pending
19564,সবাই রাত যেতে চাই।,pending
19565,সবাই পাখি পারছি।,pending
19566,সবাই বিকাল বলেছি।,pending
19567,তুমি খাবার বলব।,pending
19568,বই খুব বিখ্যাত।,pending
19569,চাঁদ দরকার আছে।,pending
19570,সবাই চা ভেবেছি।,pending
19571,সে সমাধান গেছি।,pending
19572,আমি টাকা করেছি।,pending
19573,গীতা কলেজে থাকে।,pending
19574,তুমি মাছ পেরেছি।,pending
19575,তারা জুতা দেখব।,pending
19576,তারা জুতা পেরেছি।,pending
19577,সবাই বন আসতে চাই।,pending
19578,মাছ করার পরে চা করব।,pending
19579,সকালে রবি আসবে।,pending
19580,সে অফিস নিয়েছি।,pending
19581,একসাথে খেতে বসব।,pending
19582,নতুন বই কিনতে হবে।,pending
19583,দাম বেড়ে গেছে।,pending
19584,কাজটা কঠিন ছিল।,pending
19585,আমি মনে করি ঠিক আছে।,pending
19586,টাকা তুলতে হবে।,pending
19587,লিভ ইন রিলেশনে ছিলেন।,pending
19588,তাতে হালকা লালচে আভা।,pending
19589,মিহির… মিহিরও হতে পারে।,pending
19590,রাগে গরগর করছে মিহির।,pending
19591,থেকে আমার কাছে থাকবে।,pending
19592,খিকখিক করে হেসে ফেলে।,pending
19593,আশা করার পরে পরিবার করব।,pending
19594,বাজার করার পরে ভাত করব।,pending
19595,রাত করার পরে গান করব।,pending
19596,মাছ করার পরে টাকা করব।,pending
19597,পরিবার করার পরে বাড়ি করব।,pending
19598,চা করার পরে কলেজ করব।,pending
19599,রাত করার পরে কফি করব।,pending
19600,"হতে পারে, পাহাড় হবে।",pending
19601,বাগান করার পরে বই করব।,pending
19602,জল করার পরে দরজা করব।,pending
19603,পরিবার করার পরে জল করব।,pending
19604,টাকা করার পরে গান করব।,pending
19605,পরিবার করার পরে সকাল করব।,pending
19606,ঘর করার পরে কলেজ করব।,pending
19607,মাঠ করার পরে রাত করব।,pending
19608,সকাল করার পরে মা করব।,pending
19609,টাকা করার পরে জল করব।,pending
19610,পরিবার করার পরে ভাত করব।,pending
19611,পরে বাজার হবে তারপর ভাত হবে।,pending
19612,ভাত করার পরে কাজ করব।,pending
19613,দরজা করার পরে বন করব।,pending
19614,জুতা করার পরে বাবা করব।,pending
19615,বাজার করার পরে ফল করব।,pending
19616,কাপড় করার পরে খাবার করব।,pending
19617,সবজি করার পরে সবজি করব।,pending
19618,জানালা করার পরে বাবা করব।,pending
19619,গান করার পরে বাস করব।,pending
19620,আকাশ করার পরে কথা করব।,pending
19621,বিকাল করার পরে ছবি করব।,pending
19622,ভাত করার পরে খাবার করব।,pending
19623,ট্রেনের টিকিট কেটে রেখেছি।,pending
19624,খেলা দেখতে ভালো লাগে।,pending
19625,যাত্রী আছে?,pending
19626,পরিবার সুস্থ?,pending
19627,স্কুল কি বড়?,pending
19628,দিন কি অসুস্থ?,pending
19629,সমুদ্র কত দাম?,pending
19630,গল্প কি সহজ?,pending
19631,স্কুল কত দাম?,pending
19632,আনন্দ কি কালো?,pending
19633,কোন গল্প ভালো?,pending
19634,বই কি দ্রুত?,pending
19635,গল্প কি নরম?,pending
19636,মাঠ কি শান্ত?,pending
19637,ঘর কি অসুস্থ?,pending
19638,মন্দির কত দাম?,pending
19639,সন্তান কি সরল?,pending
19640,ফল কি প্রিয়?,pending
19641,দিন কি প্রিয়?,pending
19642,সূর্য কি কঠিন?,pending
19643,গল্প কি নতুন?,pending
19644,কেন গল্প বলি?,pending
19645,কথা কি দ্রুত?,pending
19646,গল্প কত দাম?,pending
19647,মাঠ কি সুস্থ?,pending
19648,গল্প কি উষ্ণ?,pending
19649,বন্ধু কি বাসি?,pending
19650,… না না চিন্তা কোরো না।,pending
19651,আত্রেয়ী সেনের বাড়িতে বসে তুমি যে শিরশিরে হাওয়া ফিল করেছিলে সেটা কী আর কখনও পেয়েছিলে?,pending
19652,যদি মিহির নিজের ইচ্ছেতেই পালায় তাহলেও সে কীভাবে বোলপুর থেকে কলকাতা ওইটুকু সময়ে আসে?,pending
19653,যে কি-না একটা মানুষের গলা মুচড়ে হাড় ভেঙে চেপটে সরু করে দিতে পারে!,pending
19654,এতকাল ম্যাডামের নুন খেয়ে তার নামে বদনাম নিজের কানে শোনা… ছি ছি… এ পরম পাপ!,pending
19655,তুমি এরকম না করলে তো আমার জীবনটা এমন করে ছারখার হয়ে যেত না মা!,pending
19656,ফস করে সূর্যর মুখ দিয়ে বাংলা কথা বেরিয়ে আসায় ঋষভের বুঝতে অসুবিধে হয়।,pending
19657,বাইরে থেকে আসা মিয়োনো জ্যোৎস্নার আলোটা ঘর অবধি পৌঁছোতে পারেনি।,pending
19658,এ তার জয়ের সেলিব্রেশন ভরা সভায় এমন জয়টাই তো বরাবর চেয়ে এসেছে সে।,pending
19659,কাচের দরজাটা খুলে বেরিয়ে গেল ইউনিভার্স বাংলা চ্যানেলের বিজনেস হেড।,pending
19660,সেটা হোটেলে থেকে পরদিন ভোরে আবার স্পটে গিয়ে নেওয়া সম্ভব ছিল না।,pending
19661,ভ্রূ দুটো কাছাকাছি এনে নামটার ওপর একটু জোর দিয়েই উচ্চারণ করলেন কৃষ্ণপদ ঘোড়ুই।,pending
19662,দু-পাশের দেয়াল থেকে অল্প আলো এসে পড়েছে ঘরের মাঝে বসে থাকা দুটো মানুষের ওপর।,pending
19663,মিহির রীতিমতো ভ্রূ কুঁচকে ব্যাজার মুখে মৃন্ময়ীকে বলল,pending
19664,তারপর টেবিলে রাখা পার্স থেকে তিনটে একশো টাকা বের করতেই মৃন্ময়ী হাত বাড়াল।,pending
19665,মিহির পার্সটা টেবিলে রেখে ডানহাতটাকে মুখের কাছে ঘুরিয়ে ঘুরিয়ে দেখল।,pending
19666,স্মৃতিগুলো সব ইতিউতি ছিঁড়ে যাওয়া মাকড়সার জালের মতো ঝুলে রইল থানার করিডরটায়।,pending
19667,কৃষ্ণপদর চিবিয়ে চিবিয়ে ঠাট্টা করে বলা কথাগুলো মৃন্ময়ীকে আরও খেপিয়ে দিল।,pending
19668,জাঁদরেল কৃষ্ণপদ ঘোড়ুই ডিউটিতে থাকাকালীন এমন দুর্ঘটনা কল্পনাও করেনি কেউ।,pending
19669,আশঙ্কার ভাবনাটা মনের মধ্যে তখনও গুছিয়ে বসতে পারেনি,pending
19670,ওই জন্যে নার্সিংহোমে কালকের চেয়ে আরও বেশি পুলিশ মোতায়েন করেছে।,pending
19671,ঈশ্বরের কৃপায় একমাত্র ভানুর কেসটা আমার থানার আন্ডারে পড়েছে।,pending
19672,ছোট্ট সোনাই ঘর থেকে একটা টেডি বিয়ার এনে মায়ের গা ঘেঁষে নিজের মনে খেলতে থাকে।,pending
19673,আতঙ্কের দমকা বাতাস যেন বুকের মধ্যে সজোরে একটা ধাক্কা মেরে দিয়ে গেল।,pending
19674,দরজার বাইরে এসে হাজির হয় বালিগঞ্জ থানার ওসি অবনীশ রায় ও পুলিশবাহিনী।,pending
19675,অজানা এক আতঙ্ক কাঁকড়া বিছের মতো মৃন্ময়ীর গলাটাকে টিপে ধরছে।,pending
19676,ছেলের এই অস্বাভাবিক ব্যবহার মৃন্ময়ীর মাথায় যেন বিস্ময়ের পাহাড় হয়ে চেপে বসল।,pending
19677,এই মেয়েটি এমন একজন মেয়ে যে কিনা তন্ময় বাঁচবে কিনা সে নিয়ে ভীষণ কনসার্ন।,pending
19678,টেবিলের ওপর ঝোলানো আলোর আভা খুব অল্প‍ই ঘরের দেয়ালে আর আশেপাশে পড়ছে।,pending
19679,অর্থাৎ একই বডি কন্ট্যাক্টের নমুনা এগুলোর মধ্যে খুঁজে পাওয়া গেছে।,pending
19680,আবারও টপটপ করে দু-ফোঁটা উত্তপ্ত মোম মুনাইয়ের হাতের ওপর পড়ল।,pending
19681,ঈশ্বরের ওপর সবটুকুর ভার সঁপে দিয়ে নীলাম্বর নিজের বাড়ি ফিরে এলেন।,pending
19682,তিনি ঠিক কোন সর্বনাশের মারণখেলা শুরু করতে চলেছেন তা একমাত্র ঈশ্বরই জানেন।,pending
19683,সায়নও সেটা হাতে নিয়ে আলোর সামনে ধরে দেখল ওয়ালেটের গায়ে লম্বা লম্বা গাঢ় দাগ।,pending
19684,স্লো মোশনে আত্রেয়ীর ঠোঁটদুটো ঈষৎ সামনের দিকে এগিয়ে নরমাল হয়ে যায়।,pending
19685,সোমদত্তা বুঝতে পারে অনেক গোপন রহস্যের উষ্ণস্রোত নেমে গেল সুরভির গলা দিয়ে।,pending
19686,বাঁ-পা হাঁটু থেকে ঈষৎ ভাঁজ করে কোমরে হাত রেখে দাঁড়ায় বন্দনা।,pending
19687,আপন মনে প্রাচীন আলসের ধারে ভরা বুক পেতে গেয়েই চলেছে,pending
19688,শ্যামলা মুখটাতে অপমানের রক্তিম আভা ঝলমল করে উঠেছিল ডিরেক্টরের।,pending
19689,হঠাৎ একটা মানুষের ছায়ার নড়াচড়া দেখে গান থামিয়ে দিল আত্রেয়ী।,pending
19690,খিলখিল হাসিতে শরীরে ঢেউ খেলিয়ে আগন্তুকের দিকে ঘুরে দাঁড়াল সে।,pending
19691,এত সকালে নন্দাই সায়নের ফোন পেয়ে বুকের ভেতরটা অজানা কারণেই চলকে উঠল মৃন্ময়ীর।,pending
19692,উপস্থিত সকলে এমন উত্তরটাই আশা করেছিল সম্রাটের কাছ থেকে,pending
19693,কিন্তু সম্রাটদা ও যে এরকম একটা কাজ করবে সেটা তো ধারণারও বাইরে।,pending
19694,কথাটা সম্পূর্ণ করার আগেই সম্রাট ঘাড় ঘুরিয়ে দাঁড়িয়ে বলল,pending
19695,বাড়িটা শুটিং করার জন্য ভালো হলেও রাত্রিবাসের জন্য মোটেও ভালো না।,pending
19696,যখন নিজের ফিল্ম বানাবে তখন এক্কেবারে ডাঁটের সঙ্গে ডিরেক্ট কোরো।,pending
19697,সে একেবারে হাঁফাতে হাঁফাতে এসে বলল আত্রেয়ী নাকি ছাদ থেকে পড়ে গেছে।,pending
19698,অমিতাভর মুখের দিকে বেশ খানিকক্ষণ চুপ করে তাকিয়ে রইল কৃষ্ণপদ ঘোড়ুই।,pending
19699,কথার খোঁচাটা বুঝতে দেরি হল না বিধাননগর থানার তুখোড় ওসি সায়ন মল্লিকের।,pending
19700,আর ঠিক তখনই উনি দেখেন লম্বা মতন কেউ একজন সিঁড়ি দিয়ে নেমে গেল।,pending
19701,তন্ময়বাবু তৎক্ষণাৎ লোকটাকে ফলো করেন এবং উনি জানান যে,pending
19702,ততক্ষণে আরও বেশ কিছু লোকের ঘুম ভেঙে গেছে এবং তারা সবাই নীচে চলে এসেছেন।,pending
19703,পুলিশেরা গায়ে হাওয়া লাগিয়ে বেড়ায় এমন ধারণা যে ভুল মিস্টার সায়ন মল্লিক।,pending
19704,ও নিজের চোখে দেখেছে কেউ একজন আত্রেয়ী সেনকে ছাদ থেকে ঠেলে ফেলে দিল।,pending
19705,তবে অমিতাভবাবু ও তন্ময়বাবু যা যা বলেছেন ঠিক সেই ঘটনাগুলোই কিন্তু বৃষভানু বলেছে।,pending
19706,একমাত্র ওই মেয়েটিই সবথেকে বেশি আত্রেয়ী সেনের খবরাখবর জানবে।,pending
19707,মিহির পুচ করে মুখ দিয়ে শব্দ করে মৃন্ময়ীকে উত্তর দিল,pending
19708,এবার রীতিমতো গোয়েন্দাসুলভ সন্দিগ্ধ চোখে মৃন্ময়ী জানতে চায় ডিওপির নাম।,pending
19709,আমি ডিরেক্টর আমি যেমন বলব ডিওপি তেমন শট নেবে আর আমার আত্রেয়ীও সেই শটটাই দেবে।,pending
19710,এই কথাগুলো যখন সায়ন বলছে তখন মৃন্ময়ীর চোখ সেলের অন্ধকার কোণে আটকে গেছে।,pending
19711,আপনার আত্মীয়কে তো সম্পূর্ণ একটা আলাদা কেবিনে জামাই আদরে রেখেছি।,pending
19712,এখান থেকে কোনো মানুষের পক্ষে কাউকে ঠেলে ফেলা এমন কিছু অসম্ভব নয়।,pending
19713,এমনকি ঘরের মধ্যে থেকে উঁকি দিলেও এই ছাদের ধারে কী হচ্ছে সেটা বোঝাও অসম্ভব নয়।,pending
19714,বিপুলের সঙ্গে মোহনও মিসেস সরখেল মিসেস সরখেল বলে ডাকাডাকি করে।,pending
19715,সবেমাত্র মুখের মধ্যে চালান করা মুড়িগুলো ভুরভুর করে বেরিয়ে এল বাইরে।,pending
19716,আসামাত্রই বুকের মধ্যে কে যেন খুব জোরে জোরে হাতুড়ি পিটতে শুরু করে তাঁর।,pending
19717,বুটে ঠকঠক শব্দ তুলে বিপুলের সামনে এসে দাঁড়িয়েও চুপ রইলেন তিনি।,pending
19718,ঘরের আলো আর বাইরের করিডরের আলোর মাঝে লম্বা মতন কেউ দাঁড়িয়ে আছে।,pending
19719,ওপার থেকে কৃষ্ণপদ আরও কিছু বলে চলে কিন্তু কানে পৌঁছোয় না ভানুর।,pending
19720,লম্বা লম্বা খুনে নখরগুলোতে কিছু মাংসের টুকরো লেগে ঝুলতে থাকে।,pending
19721,ফোনটা কাটতেই সায়নের ওপর প্রায় ঝাঁপিয়ে পড়ছিল মুনাই আর মৃন্ময়ী।,pending
19722,সায়ন পৌঁছোবার আগেই বিধাননগর থানা থেকে লোক পৌঁছে গেছে ঘটনাস্থলে।,pending
19723,সম্পূর্ণ অন্য একটা দিকে তাকিয়ে শূন্য চোখে কথাগুলো বলে গেল সায়ন।,pending
19724,ঠোঁটের ফাঁক দিয়ে বেরিয়ে আসে পান-গুটখা খাওয়া বিচ্ছিরি দাঁতগুলো।,pending
19725,শুনশান রাতে হঠাৎ পাড়া-কাঁপানো কুকুরের ডাকে ঢুলতে ঢুলতে চমকে ওঠে দূরের প্রহরী।,pending
19726,আশেপাশে যত রাতবাতি ছিল সব্বাই মুহূর্তের মধ্যে বাধ্য শিশুর মতো ঘুমিয়ে পড়ল।,pending
19727,উপরন্তু বাঁ পা-টা পাঁচিলের ওপর দিকটায় রাখতেই এক্কেবারে মাথার ওপর উঠে গেল মিহির।,pending
19728,সাদা বাড়িটার পেছনের দিকের বারান্দা দিয়ে সোজা দোতলার ঘরে উঠে এল মিহির।,pending
19729,দু-একটা তোলার পর ছবিগুলো আত্রেয়ীর এত ভালো লেগে যায় যে,pending
19730,গলা আর ঘাড়ের মসৃণ ত্বকে বিন্দু বিন্দু জলের ফোঁটা হিরের ফুল হয়ে ফুটে আছে।,pending
19731,কান থেকে ফোনটা নামিয়ে বিরক্তিমুখে অমিতাভর উদ্দেশ্যে বলল,pending
19732,ঠোঁট-বাঁকানো তাচ্ছিল্যের হাসি সারা মুখে ছড়িয়ে বৃদ্ধ বলল,pending
19733,কঠিন হয়ে যাওয়া মুখটায় একটু পেলবতার আস্তরণ টেনে তন্ময় বলল,pending
19734,তবে নিউজ চ্যানেলগুলোই তো বলছে শুনছি যে মিহির সরখেলকেই নাকি সন্দেহ করছে সবাই।,pending
19735,তাই এমন একটা তরতাজা সাক্ষীকে সরাতে মিহির সরখেল খুন করতেই পারে।,pending
19736,অ্যাটেম্পট টু মার্ডার আর মার্ডার কেসের চাপে এই ঘটনাগুলো ও বেমালুম ভুলে গিয়েছিল।,pending
19737,কিন্তু শুটিংয়ের ঠিক বেশ কয়েকদিন আগে থেকে হঠাৎ কী যে হল,pending
19738,এই ভিড়ের মধ্যে হঠাৎ এক বয়স্ক লোক ধানুয়াকে দেখে বলে উঠল,pending
19739,হঠাৎ করে যে উটকো একটা প্রশ্ন ওর দিকে ধেয়ে আসবে ভাবতে পারেনি।,pending
19740,ঠিক তখনই আত্রেয়ীর বাড়ির পাঁচিল থেকে লাফিয়ে হাওয়ার বেগে সরে গেল একটা অবয়ব।,pending
19741,ঝরঝর করে কেঁপে উঠল রাস্তার পাশে দাঁড়িয়ে থাকা গাছের পাতাগুলো।,pending
19742,বৈদ্যুতিক তরঙ্গের অভিঘাতে চোখ উলটে ফুটপাথেই ছটফট করতে লাগল সে।,pending
19743,অনেক চেষ্টার ফলে বহুদূরের আলোক বলয় এবার চোখের চারপাশে ছড়িয়ে পড়েছে।,pending
19744,কিন্তু এই মৃত্যু যে কেউ দেখে বলে দেবে যে এটা একজন মানুষের অসাধ্য।,pending
19745,মনে হচ্ছে কেউ যেন ধড় থেকে গলাটা ছিঁড়ে মাথাটাকে আলাদা করে ফেলে দিয়ে গেছে।,pending
19746,আর সেই ফাঁকে এক চামচ করে সাদা সুজি মুখের মধ্যে ঠুসে দিচ্ছে মৃন্ময়ী।,pending
19747,ছেলে ঘুমোনো মাত্রই পাশের ঘরে গিয়ে নিজের কাঠের আলমারিটা খুলে ফেলল মৃন্ময়ী।,pending
19748,খানিকক্ষণ চুপ করে দাঁড়িয়ে ভেবে নিল কাগজটা ঠিক কোথায় রেখেছে সে।,pending
19749,তাই তো সেদিন লক আপে অত কষ্টের মধ্যেও সে বিচলিত হয়ে উঠেছিল সোনাইয়ের জন্য।,pending
19750,চোখের মণিদুটো সারাবাড়িতে শ্যেনদৃষ্টি দিয়ে কিছু যেন খুঁজতে লাগল।,pending
19751,ধানুয়ার চোখদুটোও তন্ময়ের আঙুল লক্ষ্য করে সেই দিকে গিয়ে থমে গেল।,pending
19752,শুটিঙে যাবার আগে আত্রেয়ীর নতুন পিএ মিতালিই হয়তো দরজাটা দেয়নি।,pending
19753,হ্যাঙারে ঝুলিয়ে রাখা নানারকম শাড়ির মাঝখানে জ্বলে ওঠে ভয়ানক দুটো সাদা চোখ।,pending
19754,সাংঘাতিক ভয় পেয়ে মুখ দিয়ে আঁক শব্দ করে খানিকটা ছিটকে যায় তন্ময়।,pending
19755,তারপর ফাঁকা বাক্সটা লকারের মধ্যে রেখে দিয়ে আলমারিটাকে বন্ধ করে দিল।,pending
19756,নিজের মনকেই নিজে সান্ত্বনা দিয়ে সুইচের দিকে এগিয়ে যেতে শুরু করল।,pending
19757,মেঝেতে ছড়িয়ে থাকা টুকরো-টুকরো প্রাণঘাতী কাচগুলোর ওপর ঘষটে যায় তার শরীর।,pending
19758,মরিয়া হয়ে শরীরে আরও বেশ কিছু ভাঙা কাচের আঘাত সহ্য করে উঠে দাঁড়াল তন্ময়।,pending
19759,অচিরেই দোতলা থেকে প্রায় সত্তর কেজির শরীরটা নীচের সিঁড়িতে আছড়ে পড়ল।,pending
19760,এত আঘাতের পরে ও চেতন-অবচেতনের মাঝামাঝি জগৎ থেকে হৃদপিণ্ডটা এখনও ধুকপুক করছে।,pending
19761,এগিয়ে গিয়ে দেখল সেই পাল্লারই ছিটকিনিটা ভেঙে ছিটকে মাটিতে পড়েছে।,pending
19762,পুজোর পর-পরই শুটিঙের ব্যস্ততার জন্য এগুলো আর নীচে নিয়ে যাওয়া হয়নি।,pending
19763,তেরো নম্বর ফ্লোরের ঘটনার চেয়েও যে এবারে আরও বড়ো সর্বনাশ হতে চলেছে।,pending
19764,বোলপুর থানার আন্ডারে আত্রেয়ীর ঘটনা I সেটা ঘুরে এল আমার থানায় মানে বিধাননগর।,pending
19765,আত্রেয়ী সেনের ঘটনাটা ঘটার পরেই উনি ফোন করে ওঁর বাড়ির ওপর নজর রাখতে বলেন।,pending
19766,আর ওপরমহল থেকেও নির্দেশ ছিল আত্রেয়ী সেনের বাড়িতে কে,pending
19767,ওকে স্ট্রিক্টলি বলা ছিল এই বাড়িতে কেউ এলে যেন তৎক্ষণাৎ খবর দেয়।,pending
19768,কিন্তু বিকেলের শেষ দিকে বোলপুর থেকে অতগুলো পুলিশের চোখে ধুলো দিয়ে বেরোল।,pending
19769,সেদিনই আমরা বিকেল সাড়ে চারটেয় রওনা দিয়ে রাত প্রায় সাড়ে দশটায় পৌঁছেছি।,pending
19770,মিহিরকে পাওয়া গেছে সেটাই যেন মৃন্ময়ীর কাছে অনেকখানি স্বস্তির।,pending
19771,সায়ন শোকেসের পাল্লা খুলে টেডিটাকে হাতে নিয়ে উলটে-পালটে দেখে।,pending
19772,টেডিটার চোখের কালো গহ্বরদুটোর ওপর চোখ রেখে ভালো করে দেখার চেষ্টা করে।,pending
19773,এখন আইসিইউর দরজার কাছে দাঁড়িয়ে মনে হচ্ছে এর চেয়ে বোধহয় মরণও ভালো ছিল।,pending
19774,মেয়েটি তড়িঘড়ি রিসেপশনের ডেস্ক থেকে বেরোতে বেরোতে বলে,pending
19775,আত্রেয়ী সেনের বাড়ি সার্চ করে আমরা বেরিয়ে যাব তন্ময়ের বাড়ির দিকে।,pending
19776,চোখগুলো ছোটো করে তীক্ষ্ণ নজরে চারদিক দেখতে দেখতে সায়ন বলল,pending
19777,সায়ন লেন্সটাকে দু-বার ঝাঁকাতেই তার মধ্যে থেকে ঝনঝন করে ভারী শব্দ বেরিয়ে এল।,pending
19778,প্রতিটা লেন্সের সরুদিকটা ওপর দিকে করে রাখা আছে আর মোটা দিকটা নীচে।,pending
19779,দুটো আঙুলের ডগায় ধরে সেটিকে সূর্য ও কনস্টেবলদের সামনে মেলে ধরে।,pending
19780,আলমারির মধ্যেই বেশ খানিকটা ভেতরে ছোট্ট একটা বাক্স খুঁজে পায়।,pending
19781,চোখটাকে ছিদ্রের কাছে নিয়ে যেতেই সায়নের মনে হয় ওটা একটা চাবি ঢোকাবার জায়গা।,pending
19782,ফোনের স্পিকারে হাত চাপা দিয়ে ফিসফিসে গলায় মৃন্ময়ী বলল,pending
19783,পড়শি কাকিমার কথা যত কানে যাচ্ছে ততই বুকের ভেতরে ভয়টা কামড়ে ধরছে।,pending
19784,ভেতরে উঁকি দেওয়ামাত্রই মুনাই উৎকণ্ঠিত হয়ে বলে উঠল,pending
19785,ঘরে ঢুকেই আঁক করে মুখ দিয়ে একটা শব্দ করে দু-পা পিছিয়ে গেল মৃন্ময়ী।,pending
19786,উও সব হামি ক্যায়সে… সায়ন সোজা হয়ে চেয়ারে বসে প্রশ্ন করল,pending
19787,দুজনেরই আজ নার্সিংহোমে তন্ময়ের খবর নিতে যাওয়া মেয়েটির কথাই মনে হল।,pending
19788,সূর্যের পিঠের বদলে টেবিল চাপড়ে প্ৰশংসা করে উঠল সায়ন,pending
19789,মুহূর্তে মনে হল জড়ো করা কাচের টুকরোতে কারও যেন ছায়া এসে দাঁড়িয়েছে।,pending
19790,টেডির খোবলানো চোখে সোনাই তার ছোট্ট ছোট্ট আঙুল গলিয়ে দিয়ে চুপ করে খেলে চলেছে।,pending
19791,কিন্তু এইটুকু সময়ের মধ্যে যে পুলিশ তার পিছু নেবে তা ভাবতেও পারেনি।,pending
19792,নইলে কীভাবে পুলিশের হাত থেকে নিজেকে বাঁচাত বন্দনা নিজেও জানে না।,pending
19793,ষাটোর্ধ্ব মহিলাটি মেয়ের দিকে জুলজুল করে তাকিয়ে জিজ্ঞেস করল,pending
19794,সায়ন বন্দনার দিকে মুখ এগিয়ে এনে খুব নীচু স্বরে বলে,pending
19795,পুলিশ চলে যেতে আবার তারা ঝাঁপিয়ে পড়েছে বন্দনার শুকনো গলায়।,pending
19796,কিছু একটা জবাব দিতে যাবে অমনি গাড়িটা অদ্ভুত ঘড়ঘড়ে একটা শব্দ করতে থাকে।,pending
19797,ড্রাইভার অনেক কষ্টে শুনশান বাইপাসের পাশে গাড়িটাকে দাঁড় করায়।,pending
19798,গাড়িটা যেখানে দাঁড়িয়েছে তার থেকে কয়েক হাত দুরেই একটা ল্যাম্পপোস্ট।,pending
19799,ডান হাতের দু-আঙুলের ফাঁকে জ্বলন্ত সিগারেট আর বাঁ-হাতে মোবাইল।,pending
19800,এবারেও উত্তর না পেয়ে ভ্রূ কুঁচকে জিপের সামনের দিকে এগোতে থাকল।,pending
19801,কিন্তু তার মুখটা কে যেন ঘুরিয়ে এক্কেবারে পিঠের দিকে নিয়ে এসেছে।,pending
19802,আর ঠিক তার পরেই সায়নের মনে হল দূরে রাস্তার ওপারে কেউ একজন দাঁড়িয়ে।,pending
19803,আগন্তুককে চিনতে না পারলেও একটা জিনিস সে ভালো করেই চিনতে পারল।,pending
19804,এখন সেই তোমার নামেই যদি ইরেস্পন্সিবিলিটির অভিযোগ ওঠে,pending
19805,তারপর আবদুলের মৃত্যুর পর রাস্তার উলটোদিকে একটা মানুষ দাঁড়িয়েছিল।,pending
19806,গতকাল থেকে একটানা ধকল সামলে গলাটা এবার বিদ্রোহ ঘোষণা করছে সায়নের।,pending
19807,তাই হয়তো এই কেসটা কঠিন হলেও একমাত্র আমিই পারব এর সমাধান করতে।,pending
19808,টেবিলের ওপর দুটো কনুই রেখে হাতের তালুতে মুখ ঢেকে বসেছিল বন্দনা।,pending
19809,শুধু আড়চোখে সূর্য আর মহিলা পুলিশ অফিসারের দিকে তাকিয়ে হাসল।,pending
19810,আপনি যদি সত্যিই এই চেয়ারে কমফর্টেবল হন তাহলে আমাদের কোনো প্রবলেম নেই।,pending
19811,হাইরাইজ সিটিতে তো তন্ময় হালদার মানে ওই আত্রেয়ী সেনের ডিওপি থাকেন।,pending
19812,সোমদত্তা এবার প্যাকেট থেকে আরও একটা জিনিস বের করে বন্দনার সামনে রাখে।,pending
19813,তবে একটু আগে যেরকম দুরন্তপনা করছিল তার চেয়ে এখন অনেকটাই চুপ।,pending
19814,মৃন্ময়ী দু-বার টান দেয় কিন্তু কোমর থেকে প্যান্টটা এক চুলও নামাতে পারে না।,pending
19815,যেতেই থমকে যায় বাথরুমের বন্ধ দরজার তলা দিয়ে বেরিয়ে আসছে জল।,pending
19816,যত তাড়াতাড়ি সম্ভব ছেলের কচি কচি পা থেকে গরম জলের বিন্দুগুলো সরিয়ে দিতে থাকে।,pending
19817,নইলে তো ফোসকা পড়ে যাবে আর কাছেপিঠে ডাক্তার থাকলে ডেকে পাঠাও।,pending
19818,অন্ধ পাতালে তলিয়ে যেতে যেতে একটা আলোমাখা হাত যেন কেউ বাড়িয়ে দিল তার দিকে।,pending
19819,একটা মানুষকে সম্পূর্ণ অন্য একটা মানুষ বানিয়ে দিয়ে সবাইকে তাক লাগিয়ে দেব।,pending
19820,কথা শুনে তো মনে হচ্ছে তাঁবুর মধ্যে অলরেডি উটের মুখ ঢুকে গেছে।,pending
19821,শুটিংয়ের রাতে বাড়ি ফিরে নিজের ঘরে মুখ গুঁজে পড়ে রইল বন্দনা।,pending
19822,আত্রেয়ী উঁচু স্বরে হুকুম ছুড়তে ছুড়তে খাবার টেবিলে এসে বসে,pending
19823,শুধু… আরও কিছু বলার আগেই খবরের কাগজটা ঝাঁকিয়ে মেজাজ দেখায় শান্তনু।,pending
19824,আরে তোমার মতো এমন অ্যাকট্রেস শয়ে শয়ে ঘুরে বেড়াচ্ছে ইন্ডাস্ট্রিতে।,pending
19825,বন্দনা সালোয়ারের ওড়নাটা ঠিক করতে করতে সিঁড়ি দিয়ে ওপরে উঠে গেল।,pending
19826,তোমার শরীরের কোন অ্যাঙ্গেলটা সবচেয়ে ভালো সেটা একটা সময়ে আমি ছাড়া কেউ জানত না।,pending
19827,মৃন্ময়ীর কথায় বেশ একটা অভিমানী অনুযোগের আঁচ পেলেন নীলাম্বর ব্যানার্জি।,pending
19828,মুনাই তার পায়ে পেস্ট লাগিয়ে ছোট্ট একটা টুলের ওপর পা দুটো তুলে দিয়েছে।,pending
19829,মৃন্ময়ীর উত্তর পুরো শোনার আগেই নীলাম্বর ঘটাং করে সিঁড়ির তলার ঘর খুলে ফেলল।,pending
19830,ভাঙাচোরা আবর্জনার মাঝে নীলাম্বরের চোখ টেনে নিল চোখহীন সেই টেডিটা।,pending
19831,কাল বিলম্ব না করে লাইটার জ্বেলে সেই আগুন টেডিটার চোখের সামনে ধরে।,pending
19832,তার রাস্তায় এতটুকুও যদি কেউ আসে তাহলে তার চরম সর্বনাশ করে ছাড়বে।,pending
19833,হাতে ধরে রাখা চশমাটা চোখে দিতেই চকচক করে উঠল নীলাম্বরের চোখদুটো।,pending
19834,এর পরের প্রশ্ন-উত্তরের খেলাটা তোমায় আর সোমদত্তাকেই চালাতে হবে।,pending
19835,সেই উপলক্ষ্যে সমবেত করতালিতে মুখরিত হয়ে উঠল নামি হোটেলের ব্যাংকোয়েট।,pending
19836,কাচের গ্লাসে একটা চুমুক দিয়ে তন্ময় আবার জিজ্ঞেস করে,pending
19837,ঠোঁট বেঁকিয়ে হাসতে গিয়ে ফুস করে একটা শব্দ বেরিয়ে আসে তন্ময়ের মুখ দিয়ে।,pending
19838,আত্রেয়ী অমনি তন্ময়ের পিঠে একটা আদুরে চড় মেরে বলে ওঠে,pending
19839,সারারাত পরপুরুষের সঙ্গে মাড়িয়ে এসে বাড়িতে ভালো মানুষ সাজছ।,pending
19840,মিডিয়া ঝাঁপিয়ে পড়ে আপনার পার্সোনাল লাইফ নিয়ে কাদা ছোঁড়াছুড়ি শুরু করবে।,pending
19841,ম্যাডামের হাত থেকে গ্লাসটা দু-হাতের মধ্যে নিয়ে বন্দনা বলে,pending
19842,হাবেভাবে শান্তনু নিয়োগীর মতো যে-কোনো পুরুষের ঘুম উড়িয়ে দেবে।,pending
19843,আড়চোখে তাকিয়ে আত্রেয়ী তার কিছুটা হাসি রোজির দিকেও ছুড়ে দিল।,pending
19844,রোজি কোঁকড়ানো চুল ঝাঁকিয়ে শান্তনুর গায়ে ঢলে পড়ে ভেতরে ঢুকে গেল।,pending
19845,তার ভেতর থেকেই রোজির সরু গলাটা নিশির ডাকের মতো আত্রেয়ীকে টানছে।,pending
19846,আর এক মুহূর্তও সেখানে না দাঁড়িয়ে বাইরের ঘরে এসে সোফা থেকে ব্যাগটা তুলে নেয়।,pending
19847,থাকার মধ্যে আছে শুধু এই… বলে নিজের প্রায় অনাবৃত শরীরের দিকে ইশারা করে।,pending
19848,শরীরের খিদে আর কেরিয়ারে টপে যাওয়ার খিদে এই দুটোকে অত লঘু করে দেখো না সূর্য।,pending
19849,আরও বলে যে বাড়িতে মাঝ সিঁড়িতে যে বিশাল ছবিটি আছে সেটা শান্তনু স্যারেরই তোলা।,pending
19850,আড়চোখে তন্ময়ের দিকে তাকিয়ে আর তন্ময় ঘাড় বেঁকিয়ে হাসিমুখে আত্রেয়ীকে দেখছে।,pending
19851,আর তারপর ভেতর থেকে ছিটকিনি দিয়ে খানিক অত্যন্ত গোপন আলাপচারিতা হবে দুজনের মধ্যে।,pending
19852,বলেই ওর মোবাইলটা হাত দিয়ে আড়াল করে বন্দনার মুখের সামনে ধরে।,pending
19853,দুজনে জড়াজড়ি করে গভীর চুমু খেতে খেতে মাঝে মাঝেই ব্যালেন্স হারিয়ে টলে যাচ্ছে।,pending
19854,আত্রেয়ী চটপট ঘেঁটে যাওয়া চুল ঠিক করতে করতে আয়নার সামনে বসে পড়ে।,pending
19855,বন্দনা হাসতে হাসতে ভিকির পিঠে চটাস করে চড় কষিয়ে বলে,pending
19856,তা ছাড়া ক্যামেরা পার্সনেরও তো একটা স্যাটিসফ্যাকশন থাকে,pending
19857,এ-বিষয়ে ম্যাডাম চিৎকার-চ্যাঁচামেচি করলে তন্ময় তাকে শান্ত করত।,pending
19858,তন্ময়ের সঙ্গে ফোনে কথা বলার সময় ম্যাডামকে এটা অনেকবার বলতে শুনেছি।,pending
19859,এর ঠিক দু-দিন পর ভোরবেলা শান্তনু স্যার হঠাৎ একটা ব্যাগ গুছিয়ে বেরিয়ে গেলেন।,pending
19860,একে আমি কিছুতেই বন্দনার গলার ওপর দিয়েই তন্ময় বলে ওঠে,pending
19861,বন্দনার ডাক কানে পৌঁছোতেই থাড়িমারি খেয়ে উঠে গেটের দিকে তাকায়।,pending
19862,নইলে কান্নায় ভেঙে পড়ার পরেই কেউ ট্যাকস ট্যাকস করে জবাব দিতে পারে না।,pending
19863,ঠোঁটের কষ বেয়ে গড়িয়ে পড়া জল মুছে বন্দনা সায়নের দিকে তাকায়।,pending
19864,টিভিতে খবরটা দেখতে দেখতে চোখ বন্ধ করে মাথাটা নীচু করে ফেলে সায়ন।,pending
19865,সূর্যের কথার ওপর একটা দীর্ঘশ্বাস ছেড়ে টিভির দিকে তাকায় সায়ন।,pending
19866,গতরাতে আবদুল ওকে বাড়িতে পৌঁছে দিতে গিয়েই বেঘোরে প্রাণ হারায়।,pending
19867,ঘরের ভেতরে নীল অন্ধকারে ফ্যানের হাওয়ায় মশারিটা নড়ছে ফুরফুর করে।,pending
19868,এই বাড়িতে যদি তার কোনো ক্ষতি হয় তাহলে এরা নিজেদের ক্ষমা করতে পারবে না।,pending
19869,অনেকক্ষণ জোর করে জেগে থেকেও শেষমেশ আর ঘুমের ভার সামলাতে পারেনি চোখের পাতাদুটো।,pending
19870,নীলাম্বর বুঝতে পারছেন তার শরীরের চারপাশের হাওয়া বেশ ভারী হয়ে উঠছে।,pending
19871,দেরি না করে শরীরটাকে সামনের দিকে দ্রুত ঝুঁকিয়ে দিয়ে ব্যাগটার কাছে যেতে যান।,pending
19872,বাইরের অংশটায় আলো ফেলতেই ভ্রূ দুটো কপালে ভাঁজ ফেলে কাছাকাছি চলে আসে।,pending
19873,চেয়ার এবং টেবিলগুলো কোনো এক অদৃশ্য মায়া বলে ওপরের সিলিংয়ের সঙ্গে লেগে ছিল।,pending
19874,ঘুমের মধ্যেই বুক কাপানো শব্দ পেয়ে ধড়ফড় করে উঠে বসেছে মৃন্ময়ী আর মুনাই।,pending
19875,এই অন্ধকারেই দেয়ালে পিঠ ঘষে ঘষে তাকে কোনোভাবে ঘরে যেতেই হবে।,pending
19876,মোমের আলোটাও ওদের সঙ্গে ধীর পায়ে সিঁড়ি বেয়ে ওপরের দিকে উঠে চলেছে।,pending
19877,দূর থেকে দেখে দুজনেই বুঝতে পারে ওটা মাথা থেকে বেরিয়ে আসা কাঁচা রক্ত।,pending
19878,মৃন্ময়ী পড়ি কি মরি করে ছুটে চলেছে নীলাম্বরকে বাঁচাবার জন্য।,pending
19879,মৃন্ময়ীর মাথার ওপর নিশুতিধারী আকাশ মহাকালের মতো ভয়ানক মূর্তিতে তাকিয়ে।,pending
19880,তবে সোনাই বা মৃন্ময়ীর শরীরকে ছাদের শক্ত মেঝে খুব একটা আঘাত করতে পারেনি।,pending
19881,তারপরেই বউদি দেরি কোরো না চলো বলে মৃন্ময়ীকে তুলে ধরার চেষ্টা করতে থাকে মুনাই।,pending
19882,চাবিটা নীলাম্বরকে দিতে গেলে তিনি ইশারায় তাঁর জামার বুক পকেটে রাখতে বলেন।,pending
19883,নীলাম্বর পুরো বাড়িটাকে বেড় দিয়ে উলটোদিক দিয়ে আবার ঘুরে গেটের কাছে এসে থামেন।,pending
19884,আত্রেয়ীর বিশাল ছবিটার দিকে আরও একবার ভালো করে চেয়ে দেখল অবনীশ।,pending
19885,আত্রেয়ী না-থাকাকালীন তন্ময়বাবু আর দাদাভাই মানে মিহির সরখেল এই বাড়িতে এসেছে।,pending
19886,শুটিঙের নিতান্ত নিরীহ ক্যাটারারের লোক বৃষভানু নৃশংসভাবে খুন হল।,pending
19887,খানিক ভেবে সায়নের দিকে বিস্ময়ভরা চোখ তুলে অবনীশ বলে,pending
19888,দু-একটা মর্গের লোক এদিক-ওদিক থেকে ব্যস্তসমস্ত হয়ে ছোটাছুটি করছে।,pending
19889,নীলাম্বরের সামনে আসার আগে বিড়িটা মাটিতে ফেলে পা দিয়ে ঘষে দিল।,pending
19890,তবে নীলাম্বর বাঁড়ুজ্যে একবার লম্বা শ্বাস নিয়ে খানিক চুপ থাকলেন।,pending
19891,পক্ষকাল মানে পনেরো দিন আর অপঘাত মানে যাঁদের মৃত্যু স্বাভাবিক হয়নি।,pending
19892,নীলাম্বরকে থামিয়ে বাবলু দু-হাত মাথার দু-পাশে তুলে বলে উঠল বুজে গেচি বুজে গেচি।,pending
19893,নীলাম্বরের মুখের দিকে একবার তাকিয়ে অবাক হয়ে বাবলু বলল,pending
19894,বাবলুর চোখের সামনে কড়কড়ে এতগুলো টাকার রফা হওয়াতে তার বেশ আপশোশই হচ্ছে।,pending
19895,বিশেষ করে দেবীকুণ্ড হোটেলে যখন শেষ পাঁচ বছরে কোনো দুর্ঘটনা,pending
19896,নীলাম্বর পেছন ফিরে দেখেন গাছের মোটা গুঁড়িটার আড়াল থেকে বেরিয়ে আসছে বাবলু।,pending
19897,এক্ষুনি আপনাকে যে হার্টটা দিলাম ওটা পরানদার বুক চিরে বের করা।,pending
19898,বাবলু পকেট থেকে একটা ভাঁজ করা কাগজ বের করে নীলাম্বরকে ধরিয়ে দিল।,pending
19899,পড়ান দা চিঠিটা পড়তে পড়তে নীলাম্বরের চোখদুটো ঝাপসা হয়ে যায়।,pending
19900,কথাটা শেষ করেই জামার আস্তিনে দু-চোখ ছাপিয়ে আসা জলটা মুছে নিল বাবলু।,pending
19901,আসলে চৌধুরি ভিলার উঠোন মাটির হওয়াতে বুকের হাড়-পাঁজরগুলো রক্ষে পেয়েছে।,pending
19902,কিন্তু সে সেখান থেকে পাততাড়ি গুটিয়ে সাড়ে তিন বছর আগেই চলে গেছে।,pending
19903,দেবীকুণ্ড হোটেলের পুরোনো রেজিস্টারে তন্ময়ের নাম পাওয়া গেছে।,pending
19904,আমার মনে হয় তাদের মধ্যেই কেউ একজন নিশ্চয়ই কিছু না কিছু জানবে ওকে স্যার।,pending
19905,মুহূর্তে আলগা হয়ে গোটা বাড়িটাকে ঘিরে চারপাশের মাটিতে লুটিয়ে পড়ে সুতোটা।,pending
19906,এবার তারা নিজেদের একে ওপরের থেকে ছাড়িয়ে নিয়ে উঠে দাঁড়াচ্ছে।,pending
19907,আত্রেয়ী সেনের শুটিঙে যারা যারা ছিল তাদের মধ্যে বেশ কয়েকজনকে জেরা করেছে সায়ন।,pending
19908,আমরা যখন শক্তিগড়ে নেমেছিলাম তখন ও বোলপুর থানার ওসিকে ফোনও করেছিল।,pending
19909,একটি ধারালো ব্লেড নিয়ে নিজের ডানহাতের তালুর ওপর লম্বালম্বিভাবে কাটলেন।,pending
19910,সিঁড়ির দিক থেকে একটা শীতল হাওয়া এসে নীলাম্বরের গায়ে ঝাপটা দেয়।,pending
19911,বেরিয়ে থাকা করোটির দু-পাটি দাঁত একটার সঙ্গে আরেকটা লেগে ছিল।,pending
19912,সারা ঘরে যেন আগুনের স্ফুলিঙ্গরা শত শত পিশাচের মতো উদ্বাহু হয়ে নেচে চলেছে।,pending
19913,মুহূর্তের মধ্যে সেই ধোঁয়া বিকটা এক মানব শরীরের অবয়ব ধারণ করল।,pending
19914,ছাদ ছোঁয়া সেই ধুম্রমানবের অবয়ব যেন নীলাম্বরের দিকে চেয়ে আছে।,pending
19915,দরজার কপাট একটার গায়ে আর-একটা পড়ে দড়াম দড়াম করে দু-তিনবার শব্দ করে উঠল।,pending
19916,তুমি যখন অজ্ঞান হয়ে পড়েছিলে তখনই সে আগুন আপনা থেকেই নিভে গেছে।,pending
19917,চণ্ডালের কাজ শেষ হলেই সে আপনা থেকে বিদায় নেবে আর আগুনও নিভে যাবে।,pending
19918,অনেক কষ্টে স্টুডিয়ো পাড়ার একজনের কাছ থেকে একটা পুরোনো ছবি জোগাড় করতে পেরেছি।,pending
19919,চশমাটা চোখের সামনে পেছনে করে মোবাইলের ছবিটা ভালো করে দেখলেন নীলাম্বর।,pending
19920,মৃন্ময়ী এবার বুঝতে পারল যে সে নিজের ইচ্ছেমতো তার শরীরটাকে নড়াতে পারছে না।,pending
19921,কট কট করে হাড়ে হাড়ে ঠোকা লাগার শব্দটা কানের পর্দায় এসে বিঁধছে।,pending
19922,মুহূর্তের মধ্যে তার চোখদুটোকে ঝলসে দেয় ধবধবে সাদা দুটো চোখ আর ভয়ংকর একটা মুখ।,pending
19923,অন্ধকারে মুখ লুকিয়ে বসে থাকা লকআপের সেই লোকটা এই লোকটাই,pending
19924,সেটা সামলে আবার ঘুরে দাঁড়ানো ওই আত্মার পক্ষে আজকেই সম্ভব হবে না।,pending
19925,এখান থেকে যে থানায় খবর দিয়ে রাস্তা পরিষ্কারের কথা বলবে তারও উপায় নেই।,pending
19926,খাড়ামুখ থেকে বেশ খানিকটা আগেই সূর্যের গাড়ি দাঁড়িয়ে পড়েছিল।,pending
19927,কয়েক মুহূর্তের জন্য যেন এই লোকগুলোর ওপর থেকে অশরীরীর অশুভ ছায়া সরে গেছে।,pending
19928,তাই শেষের কথাগুলো রান্নাঘরে থাকা মায়ের কানে যাতে পৌঁছোয় সেই জন্য গলা তুলে বলে।,pending
19929,ভ্রূ কুঁচকে মাথাটাকে পিছন দিকে ঝুলিয়ে সায়নের দিকে তাকায় মুনাই।,pending
19930,ঘরের মধ্যে মেশিনের পিক পিক শব্দ ছাড়া দ্বিতীয় কোনো শব্দ নেই।,pending
19931,সায়ন মুখটাকে বাংলার পাঁচের মতো করে খানিক সন্দেহ উগরে দিল,pending
19932,শেষ কথাগুলো বলার সময় সায়ন একটা ভ্রূ তুলে বেশ বাঁকা চোখে তাকায়।,pending
19933,অবনীশ একটা কান তন্ময়ের দিকে এগিয়ে রেখে নিশ্বাস বন্ধ করে আছে।,pending
19934,উনি একটু উত্তেজিত হয়ে পড়েছিলেন তাই সাময়িক প্রবলেম হয়েছিল।,pending
19935,এই একেবারে শ্বাসকষ্ট শুরু হয়ে বুকটা হাপরের মতো লাফালাফি করছিল।,pending
19936,তার আড়াল থেকে যেটুকু গালের চামড়া দেখা যাচ্ছে সেটুকু লাল হয়ে উঠেছে।,pending
19937,তারপর পুলিশ আপনার খোঁজ করছে সন্দেহ করে হোটেল থেকে মাঝরাতে পালাবার মতলব করেন।,pending
19938,ঘরের ভেতরে থাকা নার্স মৃন্ময়ীর দিকে আঙুল দেখিয়ে তার আসার খবর দিল মিহিরকে।,pending
19939,সায়ন হঠাৎ টের পেল প্যান্টের পকেটে রাখা মোবাইলটা ভাইব্রেট করছে।,pending
19940,আপাদমস্তক মোড়া সাদা কাপড় সরিয়ে শেষবারের মতো মুখটা দেখে নিল বাড়ির লোক।,pending
19941,পাশে যে খুটখাট শব্দ হল স্যালাইনের বোতল পালটাতে গিয়ে তাতে কোনো হুঁশ নেই তার।,pending
19942,মাথার ওপর সাদা আলোটা নিভিয়ে আত্রেয়ীর পায়ের কাছে রাখা চেয়ারটাতে বসল সোহিনী।,pending
19943,পাশের ছোট্ট টেবিলে রাখা সাদা পাতাগুলো নিয়ে সোহিনী কী যেন নোট করতে থাকে।,pending
19944,লিখতে লিখতে সোহিনীর হঠাৎ মনে হয় আত্রেয়ী সেন যেন একটু একটু নড়ছে।,pending
19945,সেটা ধরে টান মারতেই খাটের তলা থেকে খং খং শব্দ করে গড়িয়ে এল স্যালাইনের বোতল।,pending
19946,কালকে জেরার পর সায়ন আজকে আবার তন্ময়ের সঙ্গে দেখা করতে হাজির হয়েছে ড্যাফোডিলে।,pending
19947,নীলাম্বরকে দেখিয়ে সায়ন বলে যে ইনি বাইরে থেকে এসেছেন,pending
19948,ঘরের মধ্যে চাপা গলায় কিছু কথা হচ্ছে বুঝতে পেরে চোখ খুলে তাকায় তন্ময়।,pending
19949,এদিকে নীলাম্বর পাথরের মতো চুপ আপনাদের কথা হয়ে থাকলে আমি এবার ঘুমোব।,pending
19950,বলেই নীলাম্বর কারও দিকে না তাকিয়ে সোজা দরজা দিয়ে বেরিয়ে যান।,pending
19951,কিন্তু সেখান থেকে এমন কোনো জিনিস পাওয়া যায়নি যেটা অন্য কারও মনে হতে পারে।,pending
19952,সায়নের মুখে সূর্যের কথা শুনে মাঝপথ থেকেই একেবারে সোজা হয়ে দাঁড়িয়ে পড়ল সে।,pending
19953,সোমদত্তার মনে হল ধানুয়ার তক্তপোশটার তলায় ঢুকে যেতে পারলে ভালো হয়।,pending
19954,ওদিকে সোমদত্তা মাটিতে রুল দিয়ে ঠুকে ঠুকে দেখছে কোথাও কোনো ফাঁপা শব্দ পায় কিনা।,pending
19955,সোমদত্তা হাতে গ্লাভস পরে সেই প্যাকেট বের করে আনল প্রাচীর গহ্বর থেকে।,pending
19956,সায়ন ভ্রূ কুঁচকে উদ্বিগ্ন হয়ে তাকিয়ে রইল সোমদত্তার হাতের দিকে।,pending
19957,ওয়ালেটের চামড়া একটা দিক আর-একটা দিকের সঙ্গে চটচটে হয়ে এঁটে গেছে।,pending
19958,এই চামড়াটা একটার সঙ্গে আর-একটা যেন একটু বেশিই কামড়ে ধরে আছে।,pending
19959,লক খুলে গ্যালারির মধ্যে ঢুকতেই বেরিয়ে আসে একটি নির্দিষ্ট ছবি।,pending
19960,ওয়ালেটের ছবিটা এতদিন মুখ গুঁজে বদ্ধ জায়গায় থাকার জন্য অনেকটাই নষ্ট হয়ে গেছে।,pending
19961,যাকে একটা কালো প্রবল বলশালী ধোঁয়া টেনে নিয়ে গেল চোখের সামনে দিয়ে।,pending
19962,আর প্রমাণ পকেটে করে এই এতটা পথ বয়ে এনে দেয়াল খুঁড়ে এখানে লুকোল।,pending
19963,খুনি যদি লাশটাকে না-চেনার মতো অবস্থায় কোথাও ফেলে ও তাহলে সেই লাশটা পাওয়া উচিত।,pending
19964,সোমদত্তা কথাটা বলামাত্রই মাথার মধ্যে চিড়িক দিয়ে ওঠে সায়নের।,pending
19965,পরপর তিনটে প্রশ্ন করে সায়নের মুখের দিকে তাকিয়ে থাকে সোমদত্তা।,pending
19966,আত্রেয়ী ঘুমিয়ে পড়ার পর সোহিনী কেবিনের কাচের সামনের পর্দা টেনে দিল।,pending
19967,ঘরের মাঝের পর্দাটাও টেনে দিয়ে আত্রেয়ীর মাথার ওপরের আলোটা নিভিয়ে দিল।,pending
19968,যে প্রোডাকশন হাউসের কাজ করছিল সেই হাউজের লোকজনই যা খবরাখবর নেয়।,pending
19969,বেশ কিছুক্ষণ পর সোহিনীর মনে হয় কাচের দরজার কাছে কে যেন এসে দাঁড়িয়েছে।,pending
19970,বুঝতে পেরে সোহিনী দৌড়ে গিয়ে আত্রেয়ীর হাতটা ধরে একটা বালিশের ওপর রাখল।,pending
19971,কাউকে যখন পাওয়াই যাচ্ছে না তখন কয়েক পা এগিয়ে নিজেই নিয়ে আসুক কফিটা।,pending
19972,তারপর শরীর দিয়ে দরজাটা ঠেলে ভেতরে ঢুকতেই দেখে আত্রেয়ীর বিছানা খালি।,pending
19973,ঠিক তারপরেই ফেটে যাওয়া কাচগুলো ফুঁড়ে আত্রেয়ী সেন ছিটকে পড়ে জানলার বাইরে।,pending
19974,কলকাতার সবচেয়ে বড়ো হাসপাতাল মেডিলাইফ সুপার স্পেশ্যালিটি হসপিটাল।,pending
19975,সোহিনীর গায়ে চাদর জড়িয়ে আত্রেয়ীর কেবিনেই বসিয়ে রাখা হয়েছে।,pending
19976,সোমদত্তার পাশেই দাঁড়িয়েছিল এই হসপিটালের সুপারভাইজার শিবানী গাঙ্গুলি।,pending
19977,উনি বোধহয় মুখ খুলতে পারবেন না কথাটা বলতে বলতে এগিয়ে এলেন নীলাম্বর।,pending
19978,পেছনে এক বুক টেনশন নিয়ে কয়েকজন ডাক্তারসমেত ম্যানেজমেন্টের লোক দাঁড়িয়ে।,pending
19979,উপস্থিত সকলেরই সারা গায়ের ওপর দিয়ে একটা শিরশিরে হাওয়া খেলে গেল।,pending
19980,খানিকক্ষণ বাদে লিফট থেকে একজন রোগীকে অক্সিজেনসমেত নিয়ে আসা হয় স্ট্রেচারে করে।,pending
19981,সেইভাবেই দেখা গেল আত্রেয়ী নিজেই বিছানা ছেড়ে ওঠার জন্য পিঠটা তুলছে।,pending
19982,করিডরের সিসিটিভি দেখাচ্ছে সোহিনী কফি নিয়ে কাপে চুমুক দিতে দিতে ঘরের কাছে এল।,pending
19983,সেটুকুতে বোঝা গেল সোহিনী জানলার দিকে ছুটে যাবার জন্য শরীরটাকে এগিয়ে দিচ্ছে।,pending
19984,কমিশনার নিজের উরুর ওপর একটা ঘুষি চালিয়ে চোয়াল শক্ত করে ওঠে।,pending
19985,যে পথে মানুষের চলাচল নেই সেই পথের খবর একমাত্র দিতে পারে সাধনা।,pending
19986,কথাগুলো সোহিনীর কানে যাওয়া মাত্রই বুকে যেন টাটকা বাতাস লাগল তার।,pending
19987,আমি যা দেখাচ্ছি বা বলছি সেটা ঠিক কী ভুল সেটুকু বোলো,pending
19988,নীলাম্বর দু-চোখ বুজে কেবিনের মধ্যে ভূতে পাওয়া মানুষের মতো ঘুরে বেড়াতে লাগলেন।,pending
19989,আত্রেয়ীকে জানলার ধারে খুঁজে পাওয়া সবটুকু অভিনয়ের মাধ্যমে বর্ণনা করেন।,pending
19990,শেষ কথাটা সায়ন কোন আশঙ্কা থেকে বলল সেটা ভালোই বুঝলেন কমিশনার।,pending
19991,ধানুয়ার দিকে তাকাতেই সে মুখটা কাঁচুমাচু করে জিজ্ঞেস করল,pending
19992,জমা জলে ঝড় তুলে শহরের রাস্তা দিয়ে ছুটে চলেছে পুলিশের বোলেরো।,pending
19993,মিনিট পাঁচেক অপেক্ষার পর সায়ন বাদে বাকি সকলেই একটু উশখুশ করতে থাকে।,pending
19994,সায়ন চোখ কপালে তুলে ইতিউতি চেয়ে সকলের মুখের ভাব লক্ষ করতে থাকে।,pending
19995,ঠিক কী ঘটছে কিছুই ঠাওর করতে না পেরে বিরক্ত হয়ে উঠছেন ডক্টর তরফদার।,pending
19996,হঠাৎ নীলাম্বরের শরীরটাকে একটা বড়োসড়ো ঝটকা দিয়ে কেউ যেন ঝাঁকিয়ে দিল।,pending
19997,কথাটা বলতে বলতে নীলাম্বরের পাশে এসে হাঁটু মুড়ে পা ভাঁজ করে বসে সায়ন।,pending
19998,সায়ন এমন করে নীলাম্বরের মুখের দিকে চেয়ে আছে যেন এক মহাযুদ্ধের ফল ঘোষণা হবে।,pending
19999,কারণ আমি তন্ময়ের নাড়ি স্পর্শ করে খুব কাছ থেকে ওর অ্যাক্টিভিটি বুঝেছি।,pending
20000,কারণ মৃত্যুর পর শান্তনুর পকেট থেকে এই ব্যাগটি বের করে নেওয়া হয়েছিল।,pending
